num_training_step_calls_per_iteration,num_env_steps_sampled_lifetime,done,training_iteration,trial_id,date,timestamp,time_this_iter_s,time_total_s,pid,hostname,node_ip,time_since_restore,iterations_since_restore,timers/training_iteration,timers/restore_env_runners,timers/training_step,timers/env_runner_sampling_timer,timers/learner_update_timer,timers/synch_weights,env_runners/episode_len_min,env_runners/env_reset_timer,env_runners/time_between_sampling,env_runners/env_to_module_sum_episodes_length_out,env_runners/env_step_timer,env_runners/weights_seq_no,env_runners/num_env_steps_sampled_lifetime,env_runners/num_episodes_lifetime,env_runners/episode_len_mean,env_runners/episode_duration_sec_mean,env_runners/episode_return_max,env_runners/episode_len_max,env_runners/episode_return_min,env_runners/rlmodule_inference_timer,env_runners/episode_return_mean,env_runners/env_to_module_sum_episodes_length_in,env_runners/num_episodes,env_runners/sample,env_runners/num_env_steps_sampled,env_runners/num_env_steps_sampled_lifetime_throughput,__all_modules__/learner_connector_sum_episodes_length_in,__all_modules__/learner_connector_sum_episodes_length_out,learners/IntrinsicAttentionMask,evaluation/num_healthy_workers,evaluation/actor_manager_num_outstanding_async_reqs,evaluation/num_remote_worker_restarts,fault_tolerance/num_healthy_workers,fault_tolerance/num_remote_worker_restarts,env_runner_group/actor_manager_num_outstanding_async_reqs,perf/cpu_util_percent,perf/ram_util_percent,env_runners/env_to_module_connector/connector_pipeline_timer,env_runners/module_to_env_connector/connector_pipeline_timer,env_runners/module_episode_returns_mean/default_policy,env_runners/agent_episode_returns_mean/default_agent,env_runners/num_module_steps_sampled/default_policy,env_runners/num_agent_steps_sampled/default_agent,env_runners/num_module_steps_sampled_lifetime/default_policy,env_runners/num_agent_steps_sampled_lifetime/default_agent,__all_modules__/learner_connector/connector_pipeline_timer,learners/default_policy/num_module_steps_trained_lifetime,learners/default_policy/policy_loss,learners/default_policy/diff_num_grad_updates_vs_sampler_policy,learners/default_policy/num_trainable_parameters,learners/default_policy/mean_kl_loss,learners/default_policy/curr_entropy_coeff,learners/default_policy/total_loss,learners/default_policy/module_train_batch_size_mean,learners/default_policy/curr_kl_coeff,learners/default_policy/use_intrinsic_rewards,learners/default_policy/weights_seq_no,learners/default_policy/vf_loss,learners/default_policy/num_module_steps_trained,learners/default_policy/entropy,learners/default_policy/vf_loss_unclipped,learners/default_policy/vf_explained_var,learners/default_policy/num_module_steps_trained_lifetime_throughput,learners/intrinsic_reward_module/diff_num_grad_updates_vs_sampler_policy,learners/intrinsic_reward_module/gradients_default_optimizer_global_norm,learners/intrinsic_reward_module/num_trainable_parameters,learners/intrinsic_reward_module/curr_entropy_coeff,learners/intrinsic_reward_module/total_loss,learners/intrinsic_reward_module/module_train_batch_size_mean,learners/intrinsic_reward_module/default_optimizer_learning_rate,learners/intrinsic_reward_module/weights_seq_no,learners/intrinsic_reward_module/num_module_steps_trained,learners/intrinsic_reward_module/num_module_steps_trained_lifetime,learners/intrinsic_reward_module/num_module_steps_trained_lifetime_throughput,learners/__all_modules__/num_trainable_parameters,learners/__all_modules__/num_env_steps_trained,learners/__all_modules__/num_module_steps_trained,learners/__all_modules__/num_non_trainable_parameters,learners/__all_modules__/num_module_steps_trained_lifetime,learners/__all_modules__/num_env_steps_trained_lifetime,learners/__all_modules__/num_env_steps_trained_lifetime_throughput,learners/__all_modules__/num_module_steps_trained_throughput,learners/__all_modules__/num_module_steps_trained_lifetime_throughput,evaluation/env_runners/num_env_steps_sampled_lifetime,evaluation/env_runners/weights_seq_no,evaluation/env_runners/episode_return_min,evaluation/env_runners/rlmodule_inference_timer,evaluation/env_runners/num_episodes,evaluation/env_runners/num_env_steps_sampled,evaluation/env_runners/episode_len_max,evaluation/env_runners/env_to_module_sum_episodes_length_in,evaluation/env_runners/env_reset_timer,evaluation/env_runners/episode_len_min,evaluation/env_runners/env_to_module_sum_episodes_length_out,evaluation/env_runners/env_step_timer,evaluation/env_runners/episode_len_mean,evaluation/env_runners/episode_duration_sec_mean,evaluation/env_runners/sample,evaluation/env_runners/num_episodes_lifetime,evaluation/env_runners/episode_return_max,evaluation/env_runners/episode_return_mean,evaluation/env_runners/env_to_module_connector/connector_pipeline_timer,evaluation/env_runners/num_module_steps_sampled_lifetime/default_policy,evaluation/env_runners/module_to_env_connector/connector_pipeline_timer,evaluation/env_runners/num_agent_steps_sampled/default_agent,evaluation/env_runners/agent_episode_returns_mean/default_agent,evaluation/env_runners/num_module_steps_sampled/default_policy,evaluation/env_runners/module_episode_returns_mean/default_policy,evaluation/env_runners/num_agent_steps_sampled_lifetime/default_agent,env_runners/env_to_module_connector/timers/connectors/numpy_to_tensor,env_runners/env_to_module_connector/timers/connectors/add_time_dim_to_batch_and_zero_pad,env_runners/env_to_module_connector/timers/connectors/batch_individual_items,env_runners/env_to_module_connector/timers/connectors/add_observations_from_episodes_to_batch,env_runners/env_to_module_connector/timers/connectors/add_states_from_episodes_to_batch,env_runners/module_to_env_connector/timers/connectors/tensor_to_numpy,env_runners/module_to_env_connector/timers/connectors/un_batch_to_individual_items,env_runners/module_to_env_connector/timers/connectors/listify_data_for_vector_env,env_runners/module_to_env_connector/timers/connectors/get_actions,env_runners/module_to_env_connector/timers/connectors/remove_single_ts_time_rank_from_batch,env_runners/module_to_env_connector/timers/connectors/normalize_and_clip_actions,__all_modules__/learner_connector/timers/connectors/add_one_ts_to_episodes_and_truncate,__all_modules__/learner_connector/timers/connectors/add_observations_from_episodes_to_batch,__all_modules__/learner_connector/timers/connectors/add_columns_from_episodes_to_train_batch,__all_modules__/learner_connector/timers/connectors/add_time_dim_to_batch_and_zero_pad,__all_modules__/learner_connector/timers/connectors/add_states_from_episodes_to_batch,__all_modules__/learner_connector/timers/connectors/batch_individual_items,__all_modules__/learner_connector/timers/connectors/numpy_to_tensor,learners/differentiable_learners/intrinsic_attention_ppo_learner/default_policy/policy_loss,learners/differentiable_learners/intrinsic_attention_ppo_learner/default_policy/diff_num_grad_updates_vs_sampler_policy,learners/differentiable_learners/intrinsic_attention_ppo_learner/default_policy/mean_kl_loss,learners/differentiable_learners/intrinsic_attention_ppo_learner/default_policy/total_loss,learners/differentiable_learners/intrinsic_attention_ppo_learner/default_policy/module_train_batch_size_mean,learners/differentiable_learners/intrinsic_attention_ppo_learner/default_policy/use_intrinsic_rewards,learners/differentiable_learners/intrinsic_attention_ppo_learner/default_policy/weights_seq_no,learners/differentiable_learners/intrinsic_attention_ppo_learner/default_policy/vf_loss,learners/differentiable_learners/intrinsic_attention_ppo_learner/default_policy/num_module_steps_trained,learners/differentiable_learners/intrinsic_attention_ppo_learner/default_policy/entropy,learners/differentiable_learners/intrinsic_attention_ppo_learner/default_policy/vf_loss_unclipped,learners/differentiable_learners/intrinsic_attention_ppo_learner/default_policy/vf_explained_var,learners/differentiable_learners/intrinsic_attention_ppo_learner/default_policy/num_module_steps_trained_lifetime,learners/differentiable_learners/intrinsic_attention_ppo_learner/__all_modules__/num_env_steps_trained,learners/differentiable_learners/intrinsic_attention_ppo_learner/__all_modules__/num_module_steps_trained,learners/differentiable_learners/intrinsic_attention_ppo_learner/__all_modules__/num_module_steps_trained_lifetime,learners/differentiable_learners/intrinsic_attention_ppo_learner/__all_modules__/num_env_steps_trained_lifetime,learners/differentiable_learners/intrinsic_attention_ppo_learner/__all_modules__/num_env_steps_trained_lifetime_throughput,learners/differentiable_learners/intrinsic_attention_ppo_learner/intrinsic_reward_module/num_module_steps_trained_lifetime,learners/differentiable_learners/intrinsic_attention_ppo_learner/intrinsic_reward_module/diff_num_grad_updates_vs_sampler_policy,learners/differentiable_learners/intrinsic_attention_ppo_learner/intrinsic_reward_module/total_loss,learners/differentiable_learners/intrinsic_attention_ppo_learner/intrinsic_reward_module/module_train_batch_size_mean,learners/differentiable_learners/intrinsic_attention_ppo_learner/intrinsic_reward_module/weights_seq_no,learners/differentiable_learners/intrinsic_attention_ppo_learner/intrinsic_reward_module/num_module_steps_trained,evaluation/env_runners/env_to_module_connector/timers/connectors/add_observations_from_episodes_to_batch,evaluation/env_runners/env_to_module_connector/timers/connectors/numpy_to_tensor,evaluation/env_runners/env_to_module_connector/timers/connectors/batch_individual_items,evaluation/env_runners/env_to_module_connector/timers/connectors/add_states_from_episodes_to_batch,evaluation/env_runners/env_to_module_connector/timers/connectors/add_time_dim_to_batch_and_zero_pad,evaluation/env_runners/module_to_env_connector/timers/connectors/get_actions,evaluation/env_runners/module_to_env_connector/timers/connectors/un_batch_to_individual_items,evaluation/env_runners/module_to_env_connector/timers/connectors/listify_data_for_vector_env,evaluation/env_runners/module_to_env_connector/timers/connectors/remove_single_ts_time_rank_from_batch,evaluation/env_runners/module_to_env_connector/timers/connectors/normalize_and_clip_actions,evaluation/env_runners/module_to_env_connector/timers/connectors/tensor_to_numpy
1,627500.0,False,1,b7d6e_00000,2025-08-11_18-08-18,1754928498,10.499353170394897,10.499353170394897,10343,Mac,127.0.0.1,10.499353170394897,1,10.366216582944617,6.762496195733547e-05,10.365877875010483,1.7600402920506895,8.384092250023969,0.0017702090553939342,20,0.0005422498956805617,0.0007567647178648217,10.191744832559449,1.629895834696822e-05,0.0,627500.0,31375.0,20.0,0.00561650560423732,14.5,20,-5.5,3.834893201363651e-05,4.019999999999998,10.191744832559449,250.0,0.0075872950152149204,5000.0,2845.2767057557157,5000,5250,"[array([[0.33477303, 0.33309144, 0.33213553],
       [0.3339039 , 0.33323783, 0.33285826],
       [0.33340833, 0.3333208 , 0.33327085]], dtype=float32), array([[0.33399343, 0.33603877, 0.32996774],
       [0.33407992, 0.3363989 , 0.32952115],
       [0.33382076, 0.33532363, 0.3308556 ]], dtype=float32), array([[0.33417025, 0.33294365, 0.33288604],
       [0.33394492, 0.3330486 , 0.3330065 ],
       [0.3339343 , 0.33305356, 0.33301216]], dtype=float32), array([[0.33346075, 0.3330642 , 0.33347505],
       [0.33273742, 0.33459187, 0.33267075],
       [0.3334868 , 0.3330092 , 0.33350402]], dtype=float32), array([[0.3328248 , 0.33360794, 0.33356723],
       [0.33264917, 0.3337028 , 0.333648  ],
       [0.33265832, 0.33369792, 0.33364382]], dtype=float32), array([[0.31302202, 0.3772367 , 0.30974126],
       [0.23724476, 0.5361857 , 0.22656953],
       [0.3169962 , 0.3687006 , 0.31430328]], dtype=float32)]",1,0,0,0,0,0,39.0,81.41874999999999,6.83323158646027e-05,0.0001364710501516419,4.019999999999998,4.019999999999998,5000.0,5000.0,627500.0,627500.0,0.1811595840845257,5994,-0.00033500141580589116,1.0,16595,2.0168188711977564e-05,0.0015431216992,0.2049035131931305,999.0,0.08079196512699127,0.0,1.0,0.2648153007030487,5994,0.6929791569709778,35.56096267700195,0.006551563739776611,714.5964144682316,1.0,0.0,8266,0.0015431216992,0.0,999.0,0.0002715581955,1.0,5994,5994,714.6079641861842,24861,31500,11988,0,11988,31500,3755.534978851166,26997763.828059983,10937355.299711633,5400,1.0,-13.5,3.792376708315101e-05,20,400,20,10.216013141322508,0.0005608330247923732,20,10.216013141322508,1.5187331288467905e-05,20.0,0.005390408309176564,0.11882312502712011,20,12.5,1.7,6.468197726315416e-05,400,0.00012851801266726838,400,1.7,400,1.7,400,1.4542423508718865e-05,8.351757207263405e-06,1.3804546056631144e-05,3.2955040968484188e-06,3.0570337514422565e-06,1.626334490577863e-05,7.187035990523504e-06,1.1167412919026997e-05,4.966952841336349e-05,1.2807636991682647e-05,1.1117814422977724e-05,0.009569291025400162,0.00084958306979388,0.04260033299215138,0.11008650006260723,0.003928874968551099,0.01384533301461488,8.504197467118502e-05,-0.00032046815613284707,6.0,1.8496637494536117e-05,0.20810245,999.0,1.0,6.0,0.2689031958580017,35964,0.6929836273193359,35.785213470458984,0.002116262912750244,35964,189000,71928,71928,189000,50321.67986602986,35964,6.0,0.0,999.0,6.0,35964,3.379753479664602e-06,1.2861167783879327e-05,1.27399760891673e-05,2.8632411470584726e-06,7.998663165678109e-06,4.573697213322598e-05,6.5672464153042855e-06,1.0429145915170886e-05,1.2713392978995318e-05,9.289473794687859e-06,1.7132422351854907e-05
1,10000.0,False,2,b7d6e_00000,2025-08-11_18-08-30,1754928510,11.196050882339478,21.695404052734375,10343,Mac,127.0.0.1,21.695404052734375,2,10.373241365035065,6.702329264953732e-05,10.372903165010502,1.7583582024706992,8.391367623774567,0.0017682302941102533,20,8.764144366366849e-05,0.03307697749236031,10.36823839457432,1.455334765177134e-05,1.0,10000.0,500.0,20.0,0.005427658676169813,14.5,20,-5.5,3.243841489794565e-05,4.420000000000002,10.36823839457432,250.0,0.0060131606374527295,5000.0,3133.582683776388,5000.0,5250.0,"[array([[0.3350783 , 0.33248335, 0.33243838],
       [0.33345246, 0.33327532, 0.33327225],
       [0.3334242 , 0.3332891 , 0.33328673]], dtype=float32), array([[0.3347005 , 0.33675015, 0.32854936],
       [0.33488002, 0.33720455, 0.3279154 ],
       [0.33415166, 0.33536935, 0.33047906]], dtype=float32), array([[0.33268654, 0.33485103, 0.33246246],
       [0.33260536, 0.3350413 , 0.33235326],
       [0.33269498, 0.33483124, 0.33247378]], dtype=float32), array([[0.33247128, 0.33676296, 0.3307657 ],
       [0.33201107, 0.33857372, 0.32941523],
       [0.3326546 , 0.33603808, 0.33130735]], dtype=float32), array([[0.33309922, 0.33305854, 0.33384222],
       [0.33310345, 0.33306348, 0.3338331 ],
       [0.33302248, 0.3329685 , 0.33400905]], dtype=float32), array([[0.33949393, 0.32133693, 0.33916914],
       [0.2525455 , 0.49195945, 0.25549507],
       [0.33809468, 0.32406008, 0.33784515]], dtype=float32)]",1,0,0,0,0,0,47.16875,81.4875,6.200996469474056e-05,0.00012149592077488581,4.420000000000002,4.420000000000002,5000.0,5000.0,10000.0,10000.0,0.1824861740740016,11988,-0.0005681572365574539,1.0,16595,5.1674796850420535e-05,0.0015431216992,0.20433741807937622,999.0,0.040395982563495636,0.0,2.0,0.2643863260746002,5994,0.692768394947052,36.891414642333984,0.006823718547821045,713.5172668020044,1.0,0.0,8266,0.0015431216992,0.0,999.0,0.0002715581955,2.0,5994,11988,713.528646920455,24861,31500,11988,0,23976,63000,3749.8618464560873,26643742.768461294,10953397.821681248,10400,2.0,-13.5,3.125570037244864e-05,20,400,20,10.366003441359926,0.0005588405346497893,20,10.366003441359926,1.3770327284542013e-05,20.0,0.005332468790584244,0.11879288336611353,40,15.5,2.2,5.9390932683130224e-05,800,0.00011421830851635773,400,2.2,400,2.2,800,1.3129754371762261e-05,7.2438284114025844e-06,1.283901334074902e-05,2.9449080002557694e-06,2.876977315438064e-06,1.5680294128239487e-05,6.776464997243377e-06,1.0682757487836054e-05,4.028053314183963e-05,1.2309797766870092e-05,8.27819786499127e-06,0.009563989785965532,0.0008496743289288134,0.0425957838317845,0.11002477423171513,0.003928055809810758,0.01524494718411006,8.496363530866801e-05,-0.0005500023253262043,11.0,4.884647933067754e-05,0.20657529,999.0,1.0,12.0,0.2672307789325714,35964,0.6927756071090698,37.10007095336914,0.00217515230178833,71928,189000,71928,143856,378000,50048.95925350677,71928,11.0,0.0,999.0,12.0,35964,2.8080865394653098e-06,1.1914437696698934e-05,1.2426422474582591e-05,2.75431330327488e-06,7.220650225974408e-06,3.663642032805036e-05,6.396199788990635e-06,1.0226820232906064e-05,1.1729721618422839e-05,7.839951041385464e-06,1.5142803830330286e-05
1,-607500.0,False,3,b7d6e_00000,2025-08-11_18-08-42,1754928522,12.088752746582031,33.784156799316406,10343,Mac,127.0.0.1,33.784156799316406,3,10.388957015974821,6.642139900941402e-05,10.388619408359997,1.7576865846063823,8.407666876706468,0.0017690771601977756,20,5.481587971382603e-05,0.03856641063554363,10.36823839457432,1.54398471883145e-05,2.0,-607500.0,-30375.0,20.0,0.005763984353281556,14.5,20,-5.5,3.45767641190483e-05,5.460000000000001,10.36823839457432,250.0,0.006104811101961998,5000.0,3008.5351951393154,5000.0,5250.0,"[array([[0.3347731 , 0.3321805 , 0.33304644],
       [0.33343163, 0.3332545 , 0.3333138 ],
       [0.33388057, 0.3328948 , 0.3332246 ]], dtype=float32), array([[0.33469218, 0.3336035 , 0.33170438],
       [0.33427927, 0.33352184, 0.33219883],
       [0.33355597, 0.3333779 , 0.33306608]], dtype=float32), array([[0.33378017, 0.3337224 , 0.33249745],
       [0.3337745 , 0.33371747, 0.33250803],
       [0.33365428, 0.33361283, 0.33273292]], dtype=float32), array([[0.33195618, 0.3362412 , 0.33180273],
       [0.33122882, 0.337776  , 0.33099517],
       [0.3319823 , 0.33618587, 0.33183175]], dtype=float32), array([[0.33430025, 0.334175  , 0.3315248 ],
       [0.3342946 , 0.33417007, 0.3315353 ],
       [0.3341745 , 0.3340656 , 0.3317599 ]], dtype=float32), array([[0.31435996, 0.37223363, 0.31340644],
       [0.23171082, 0.5400766 , 0.22821255],
       [0.31576058, 0.36936763, 0.3148717 ]], dtype=float32)]",1,0,0,0,0,0,53.80588235294118,81.98235294117647,6.525352180777138e-05,0.000128648297678169,5.460000000000001,5.460000000000001,5000.0,5000.0,-607500.0,-607500.0,0.18245143983368764,17982,-0.00027064018649980426,1.0,16595,2.5161218218272552e-05,0.0015431216992,0.20469683408737183,999.0,0.020197991281747818,0.0,3.0,0.26446953415870667,5994,0.6926069259643555,41.34327697753906,0.004577696323394775,710.7656232871286,1.0,0.0,8266,0.0015431216992,0.0,999.0,0.0002715581955,3.0,5994,17982,710.7767276824288,24861,31500,11988,0,35964,94500,3735.397951726584,26120130.36214422,10986262.6149735,15400,3.0,-13.5,3.4500479145030786e-05,20,400,20,10.368205581254823,0.0005575404599774629,20,10.368205581254823,1.4746876190410403e-05,20.0,0.005547291007436191,0.11892070578165585,60,15.5,2.7,6.19365939800332e-05,1200,0.00012249135215968733,400,2.7,400,2.7,1200,1.410089691184854e-05,7.741801215827072e-06,1.3589176444891902e-05,3.0741864535956527e-06,2.9789446147540226e-06,1.6524565634561687e-05,7.0826232593169194e-06,1.1271748182184834e-05,4.36480316713498e-05,1.2816079964572531e-05,8.658484988622715e-06,0.00956144363770727,0.0008499604965210892,0.04260022308327025,0.11000925440905848,0.003927871501678601,0.015224477712565566,8.484107899712397e-05,-0.00026278215227648616,16.0,2.3870352379162796e-05,0.20607822,999.0,1.0,18.0,0.26622894406318665,35964,0.6926128268241882,41.201786041259766,0.0023083090782165527,107892,189000,71928,215784,567000,49549.118911030295,107892,16.0,0.0,999.0,18.0,35964,2.9581414708656727e-06,1.2871559398583813e-05,1.2904136582720525e-05,2.892807869908487e-06,7.336595967357187e-06,4.085974392097082e-05,6.68222947053699e-06,1.0965013945398463e-05,1.213063988024002e-05,8.215204966832752e-06,1.614292003088616e-05
1,-1225000.0,False,4,b7d6e_00000,2025-08-11_18-08-54,1754928534,11.700417041778564,45.48457384109497,10343,Mac,127.0.0.1,45.48457384109497,4,10.400636206234338,6.582968498929404e-05,10.400299089276718,1.7573904662596354,8.418886378780142,0.0017660630486622685,20,5.110203663786295e-05,0.04197027605531572,10.36823839457432,1.5642930000491897e-05,3.0,-1225000.0,-61250.0,20.0,0.00591349033266306,14.5,20,-5.5,3.4930054240046176e-05,5.22,10.36823839457432,250.0,0.006136599809389185,5000.0,3016.3191001441946,5000.0,5250.0,"[array([[0.3350783 , 0.33248335, 0.33243838],
       [0.33345246, 0.33327535, 0.33327225],
       [0.33342418, 0.33328906, 0.3332867 ]], dtype=float32), array([[0.33356208, 0.3342623 , 0.33217558],
       [0.3336501 , 0.3346222 , 0.33172765],
       [0.3333863 , 0.33354762, 0.3330661 ]], dtype=float32), array([[0.33517867, 0.33247402, 0.33234727],
       [0.33495298, 0.33257917, 0.33246785],
       [0.33494237, 0.33258414, 0.33247355]], dtype=float32), array([[0.33324856, 0.33367297, 0.3330785 ],
       [0.33279625, 0.33547622, 0.3317276 ],
       [0.3334286 , 0.33295107, 0.33362028]], dtype=float32), array([[0.3330992 , 0.33388296, 0.33301786],
       [0.33301818, 0.334073  , 0.33290878],
       [0.33310762, 0.33386323, 0.33302918]], dtype=float32), array([[0.31435987, 0.37223384, 0.31340635],
       [0.23171008, 0.54007816, 0.22821176],
       [0.31576052, 0.36936778, 0.31487167]], dtype=float32)]",1,0,0,0,0,0,49.90625,81.95625,6.55587072709169e-05,0.00012986632085782817,5.22,5.22,5000.0,5000.0,-1225000.0,-1225000.0,0.1830709929349511,23976,-0.0004353610856924206,1.0,16595,3.925578130292706e-05,0.0015431216992,0.20412735641002655,999.0,0.010098995640873909,0.0,4.0,0.2639496326446533,5994,0.6923035979270935,42.09244918823242,0.002254009246826172,707.3889378982738,1.0,0.0,8266,0.0015431216992,0.0,999.0,0.0002715581955,4.0,5994,23976,707.3996802829707,24861,31500,11988,0,47952,126000,3717.648414146338,25506747.586827494,11017127.517128704,20400,4.0,-13.5,4.133389516149269e-05,20,400,20,10.368237912813044,0.0005553350554271602,20,10.368237912813044,1.765085653706343e-05,20.0,0.005632791691459716,0.11902981372386112,80,15.5,2.7,6.921943375872332e-05,1600,0.00014158700201514314,400,2.7,400,2.7,1600,1.4162030637777084e-05,7.714397375827452e-06,1.3617131822994344e-05,3.1032984807850945e-06,2.9807846701507015e-06,1.6521879944982622e-05,7.157933993534495e-06,1.1456872133060982e-05,4.4242747795015405e-05,1.2908936072678106e-05,8.812984678564765e-06,0.009558332121054409,0.000850104221630725,0.04267454585188546,0.1104237256152107,0.003931823206640314,0.015353730435112605,8.492599894606972e-05,-0.00042203624616377056,21.0,3.7141631764825433e-05,0.20532224,999.0,1.0,24.0,0.26545968651771545,35964,0.6923133730888367,41.91456604003906,0.0023113489151000977,143856,189000,71928,287712,756000,48885.40296206192,143856,21.0,0.0,999.0,24.0,35964,3.2111206208837716e-06,1.5487129803906623e-05,1.4101954756102375e-05,3.242677830922821e-06,8.181346305190936e-06,4.905598946653945e-05,7.5343741896737525e-06,1.2786111680971606e-05,1.3032886065616543e-05,9.089420384563676e-06,1.8612441311233265e-05
1,-1842500.0,False,5,b7d6e_00000,2025-08-11_18-09-05,1754928545,11.139084100723267,56.62365794181824,10343,Mac,127.0.0.1,56.62365794181824,5,10.406760720002069,6.525638762247982e-05,10.406424387974308,1.7568695774274998,8.425515002912043,0.0017570457470863395,20,4.886990703291187e-05,0.04070160606359398,10.36823839457432,1.6067116076153572e-05,4.0,-1842500.0,-92125.0,20.0,0.005828886498231441,14.5,20,-5.5,3.612951677347233e-05,5.700000000000004,10.36823839457432,250.0,0.006399958769034859,5000.0,2982.922637076363,5000.0,5250.0,"[array([[0.33185762, 0.33410123, 0.3340412 ],
       [0.33118322, 0.33445215, 0.3343646 ],
       [0.3312012 , 0.3344428 , 0.33435595]], dtype=float32), array([[0.3335621 , 0.33426234, 0.3321756 ],
       [0.3336501 , 0.3346222 , 0.33172765],
       [0.3333863 , 0.33354762, 0.3330661 ]], dtype=float32), array([[0.3326868 , 0.33257475, 0.3347385 ],
       [0.33269098, 0.33257964, 0.3347293 ],
       [0.33260992, 0.33248457, 0.33490553]], dtype=float32), array([[0.33346075, 0.33306417, 0.33347505],
       [0.33273742, 0.3345919 , 0.33267075],
       [0.3334868 , 0.33300918, 0.33350402]], dtype=float32), array([[0.33269942, 0.33258954, 0.33471102],
       [0.33270368, 0.3325945 , 0.3347019 ],
       [0.33262256, 0.33249938, 0.33487806]], dtype=float32), array([[0.31454086, 0.3764031 , 0.3090561 ],
       [0.24569994, 0.5262688 , 0.22803128],
       [0.32067743, 0.3624713 , 0.31685132]], dtype=float32)]",1,0,0,0,0,0,46.1875,80.95625,6.650837866746303e-05,0.00013159669953803388,5.700000000000004,5.700000000000004,5000.0,5000.0,-1842500.0,-1842500.0,0.18300435842523433,29970,-5.752167999162339e-05,1.0,16595,5.639461505779764e-06,0.0015431216992,0.20448295772075653,999.0,0.0050494978204369545,0.0,5.0,0.2639218270778656,5994,0.6921748518943787,42.8080940246582,0.0005921721458435059,703.7295641033767,1.0,0.0,8266,0.0015431216992,0.0,999.0,0.0002715581955,5.0,5994,29970,703.7398945038276,24861,31500,11988,0,59940,157500,3698.4127056321167,24865773.09067855,11046861.904149834,25400,5.0,-13.5,3.116561638982407e-05,20,400,20,10.368238387501162,0.0005532517045196565,20,10.368238387501162,1.368361671770393e-05,20.0,0.00555051960167475,0.11898385600676432,100,15.5,2.1,5.860239819865235e-05,2000,0.0001139800961469339,400,2.1,400,2.1,2000,1.4356906181856845e-05,7.866271538143679e-06,1.3709060551688216e-05,3.200630713338724e-06,3.0971923110292166e-06,1.6774518454513864e-05,7.238854151619734e-06,1.161400280708556e-05,4.488726212830867e-05,1.3090608069692975e-05,8.805542956215952e-06,0.009554719639847206,0.0008501106795842165,0.04267462580288889,0.11038001710958997,0.003931987885225625,0.015333146881196741,8.646673852879668e-05,-5.6515607866458595e-05,26.0,5.432762009149883e-06,0.20528676,999.0,1.0,30.0,0.2649511992931366,35964,0.6921776533126831,42.631343841552734,0.002332925796508789,179820,189000,71928,359640,945000,48134.165344359964,179820,26.0,0.0,999.0,30.0,35964,2.8289033106502376e-06,1.1953361175994317e-05,1.2270153494680156e-05,2.7727150693640942e-06,6.8080740388270524e-06,3.606442337476302e-05,6.5051996336916005e-06,1.0324075577684603e-05,1.1936806407327918e-05,7.97209556418034e-06,1.4736897892627917e-05
1,-2460000.0,False,6,b7d6e_00000,2025-08-11_18-09-16,1754928556,10.998199701309204,67.62185764312744,10343,Mac,127.0.0.1,67.62185764312744,6,10.409188596132266,6.465965420629678e-05,10.408851345344448,1.7562962745722772,8.428474452472274,0.001780234449798846,20,5.145305409567097e-05,0.03855158556954542,10.36823839457432,1.5358227693615072e-05,5.0,-2460000.0,-123000.0,20.0,0.005836720373947176,14.5,20,-5.5,3.507167151958407e-05,5.700000000000004,10.36823839457432,250.0,0.0063614214965972225,5000.0,3142.723332618308,5000.0,5250.0,"[array([[0.33477306, 0.33309144, 0.33213553],
       [0.3339039 , 0.33323783, 0.33285826],
       [0.33340833, 0.3333208 , 0.33327088]], dtype=float32), array([[0.3335621 , 0.33426234, 0.3321756 ],
       [0.3336501 , 0.3346222 , 0.33172765],
       [0.3333863 , 0.33354762, 0.3330661 ]], dtype=float32), array([[0.33339104, 0.33333334, 0.33327568],
       [0.3333903 , 0.3333333 , 0.33327636],
       [0.33338955, 0.3333333 , 0.3332771 ]], dtype=float32), array([[0.3318036 , 0.33525997, 0.3329365 ],
       [0.33080792, 0.3365171 , 0.33267498],
       [0.33147603, 0.3356732 , 0.3328507 ]], dtype=float32), array([[0.33413848, 0.33295852, 0.3329031 ],
       [0.33391312, 0.33306342, 0.33302352],
       [0.33390248, 0.33306834, 0.33302912]], dtype=float32), array([[0.33992907, 0.32112518, 0.33894578],
       [0.24480665, 0.50129   , 0.25390333],
       [0.335375  , 0.329549  , 0.33507597]], dtype=float32)]",1,0,0,0,0,0,43.06875,79.94375,6.489041758234469e-05,0.00013269625940518916,5.700000000000004,5.700000000000004,5000.0,5000.0,-2460000.0,-2460000.0,0.18291869651112358,35964,-0.0011473544873297215,1.0,16595,6.307898729573935e-05,0.0015431216992,0.20340512692928314,999.0,0.0025247489102184772,0.0,6.0,0.26393580436706543,5994,0.6916490793228149,44.229915618896484,-0.00029075145721435547,700.1809680029439,1.0,0.0,8266,0.0015431216992,0.0,999.0,0.0002715581955,6.0,5994,35964,700.1910598696195,24861,31500,11988,0,71928,189000,3679.7579142529357,24190636.899272107,11040042.029095387,30400,6.0,-13.5,7.55004909360813e-05,20,400,20,10.368238394470474,0.0005808579368969656,20,10.368238394470474,3.0445055590288067e-05,20.0,0.007314079200150445,0.12094090577750831,120,15.5,1.3,0.00011362865377081281,2400,0.0002601115560507284,400,1.3,400,1.3,2400,1.3818436962727536e-05,7.532372525761942e-06,1.3197469697141879e-05,2.995015053450776e-06,2.9599516118820484e-06,1.8912252257784466e-05,7.094625101792606e-06,1.1157609122905068e-05,4.365095866845019e-05,1.3783107847020251e-05,8.592315876578868e-06,0.009549590783854183,0.0008505449923981445,0.042672162464708334,0.11032129443866044,0.0039312700861038495,0.015314542492970208,8.660957124811486e-05,-0.0010954920435324311,31.0,5.7343077060068026e-05,0.2040153,999.0,1.0,36.0,0.26464104652404785,35964,0.6916772127151489,44.033607482910156,0.002302110195159912,215784,189000,71928,431568,1134000,47346.60604531638,215784,31.0,0.0,999.0,36.0,35964,5.079840835843779e-06,2.9806567116545753e-05,2.314746614226624e-05,4.9081924546483205e-06,1.4728197068708752e-05,0.00010401214589050315,1.2543344853863803e-05,2.090109209182696e-05,2.3221353406318448e-05,1.5228467659942737e-05,3.135557989256451e-05
1,-3077500.0,False,7,b7d6e_00000,2025-08-11_18-09-26,1754928566,10.626380681991577,78.24823832511902,10343,Mac,127.0.0.1,78.24823832511902,7,10.410079517670999,6.42213887034092e-05,10.409740774810363,1.756829018496401,8.428839932527515,0.0017773546054231963,20,4.866385561098459e-05,0.03866161827784913,10.36823839457432,1.5029532155216522e-05,6.0,-3077500.0,-153875.0,20.0,0.005596428019460288,14.5,20,-5.5,3.370541430164083e-05,4.66,10.36823839457432,250.0,0.006003752427171125,5000.0,3086.3348331871684,5000.0,5250.0,"[array([[0.3322606 , 0.33450693, 0.3332325 ],
       [0.33176988, 0.3350446 , 0.3331855 ],
       [0.33204785, 0.33473995, 0.3332122 ]], dtype=float32), array([[0.3335621 , 0.33426234, 0.3321756 ],
       [0.3336501 , 0.3346222 , 0.33172765],
       [0.3333863 , 0.33354762, 0.3330661 ]], dtype=float32), array([[0.33378026, 0.3325551 , 0.33366475],
       [0.33365998, 0.33276445, 0.33357558],
       [0.3337689 , 0.33257475, 0.3336563 ]], dtype=float32), array([[0.33179906, 0.3365258 , 0.33167514],
       [0.33042863, 0.33937582, 0.33019555],
       [0.33183518, 0.3364507 , 0.33171415]], dtype=float32), array([[0.3328248 , 0.33360794, 0.33356723],
       [0.33264917, 0.3337028 , 0.333648  ],
       [0.33265832, 0.33369792, 0.33364382]], dtype=float32), array([[0.33992907, 0.32112518, 0.33894578],
       [0.24480675, 0.5012899 , 0.25390342],
       [0.335375  , 0.32954904, 0.33507597]], dtype=float32)]",1,0,0,0,0,0,40.980000000000004,80.79333333333334,6.306825421134276e-05,0.00012529909742411198,4.66,4.66,5000.0,5000.0,-3077500.0,-3077500.0,0.1828194741366438,41958,-9.493772813584656e-05,1.0,16595,7.814315722498577e-06,0.0015431216992,0.20440693199634552,999.0,0.0012623744551092386,0.0,7.0,0.26387089490890503,5994,0.6914660930633545,45.704891204833984,-0.0006822347640991211,696.9078601856742,1.0,0.0,8266,0.0015431216992,0.0,999.0,0.0002715581955,7.0,5994,41958,696.9175996848509,24861,31500,11988,0,83916,220500,3662.551124221385,23549364.62080733,11058462.960345635,35400,7.0,-13.5,3.14992435058607e-05,20,400,20,10.368238394572801,0.0005784106078018793,20,10.368238394572801,1.4195796534540256e-05,20.0,0.007313613764708861,0.12089141546920536,140,15.5,0.7,5.934097678890059e-05,2800,0.00011633542243497212,400,0.7,400,0.7,2800,1.3565645429498795e-05,7.377958475111201e-06,1.3097705032287729e-05,3.008827525293534e-06,2.892568306366675e-06,1.5978047723777423e-05,6.9988690104094016e-06,1.0928395529768107e-05,4.2283565317870134e-05,1.2628407198816488e-05,8.564320730194535e-06,0.009545462376151316,0.0008515007926303272,0.04266890751038814,0.11025772399380081,0.00393027946516954,0.01528743539794913,8.638180519242837e-05,-9.273078467231244e-05,36.0,7.456341336364858e-06,0.20484437,999.0,1.0,42.0,0.2644280195236206,35964,0.6914715766906738,45.456233978271484,0.002321183681488037,251748,189000,71928,503496,1323000,46544.81547271902,251748,36.0,0.0,999.0,42.0,35964,2.802410634402608e-06,1.2173784095285802e-05,1.2463181967567747e-05,2.8242764345042303e-06,6.8754478834494226e-06,3.700635109790689e-05,6.607030365040647e-06,1.0586117763392592e-05,1.2092197814238182e-05,8.040137554647893e-06,1.5216819701675128e-05
1,-3695000.0,False,8,b7d6e_00000,2025-08-11_18-09-40,1754928580,13.066759824752808,91.31499814987183,10343,Mac,127.0.0.1,91.31499814987183,8,10.435357230403422,6.364084466895972e-05,10.435019275811904,1.763460849560742,8.447325616531371,0.0017750623087982498,20,7.305003725232683e-05,0.03629693129717707,10.36823839457432,2.1563901677220326e-05,7.0,-3695000.0,-184750.0,20.0,0.008381879379972814,14.5,20,-5.5,8.049297606465968e-05,5.14,10.36823839457432,250.0,0.007777382958655729,5000.0,2570.5613541894368,5000.0,5250.0,"[array([[0.33185765, 0.33410123, 0.3340412 ],
       [0.33118325, 0.33445215, 0.3343646 ],
       [0.33120123, 0.3344428 , 0.33435595]], dtype=float32), array([[0.33571517, 0.33559382, 0.328691  ],
       [0.33570078, 0.33558017, 0.32871905],
       [0.33487242, 0.33479428, 0.33033326]], dtype=float32), array([[0.33193114, 0.3340907 , 0.33397815],
       [0.33175573, 0.33418548, 0.3340588 ],
       [0.33176485, 0.33418056, 0.33405462]], dtype=float32), array([[0.33222112, 0.33568186, 0.33209702],
       [0.33149448, 0.33721548, 0.33129007],
       [0.33224726, 0.33562663, 0.33212608]], dtype=float32), array([[0.33514684, 0.3324889 , 0.33236432],
       [0.33492112, 0.33259398, 0.33248487],
       [0.3349105 , 0.33259895, 0.33249056]], dtype=float32), array([[0.31302178, 0.3772372 , 0.309741  ],
       [0.23724289, 0.5361896 , 0.22656757],
       [0.31699604, 0.36870095, 0.31430307]], dtype=float32)]",1,0,0,0,0,0,51.17368421052632,81.41578947368421,8.527969456990247e-05,0.00017103548539789372,5.14,5.14,5000.0,5000.0,-3695000.0,-3695000.0,0.18285679355471274,47952,-0.0001359412126475945,1.0,16595,4.988071850675624e-06,0.0015431216992,0.20438607037067413,999.0,0.0006311872275546193,0.0,8.0,0.26389631628990173,5994,0.691248893737793,44.32073211669922,-0.000586390495300293,692.8418964607641,1.0,0.0,8266,0.0015431216992,0.0,999.0,0.0002715581955,8.0,5994,47952,692.8512525279774,24861,31500,11988,0,95904,252000,3641.177891819466,22909746.27500929,11059740.969024828,40400,8.0,-13.5,3.154309925507407e-05,20,400,20,10.3682383945743,0.0005757410819006312,20,10.3682383945743,1.4020560883277865e-05,20.0,0.0071922429522965105,0.12085812965508355,160,15.5,0.7,5.958822167010407e-05,3200,0.00011643946975659731,400,0.7,400,0.7,3200,1.9699565622065826e-05,1.005548786621079e-05,1.8428047979586365e-05,3.896718164182345e-06,3.5952133651790674e-06,2.1792366093606463e-05,9.543086705789582e-06,1.4320522516287901e-05,6.377587366953259e-05,1.5137349941868125e-05,1.0757012136302704e-05,0.009550805663098736,0.0008519395339062158,0.04270953551517664,0.11023931092301413,0.003932395840383393,0.01529545063459436,8.621548721292373e-05,-0.00012806462473236024,41.0,4.378480753075564e-06,0.20465364,999.0,1.0,48.0,0.26422879099845886,35964,0.6912610530853271,44.09322738647461,0.0022884607315063477,287712,189000,71928,575424,1512000,45709.37057343024,287712,41.0,0.0,999.0,48.0,35964,2.8122098731224484e-06,1.2202655289582646e-05,1.2411028411392256e-05,2.796940365734379e-06,7.072483941857036e-06,3.729717856313875e-05,6.512878996478102e-06,1.0617089418741515e-05,1.1971396854421828e-05,8.110168923075892e-06,1.541813022790977e-05
1,-4312500.0,False,9,b7d6e_00000,2025-08-11_18-09-51,1754928591,11.030090093612671,102.3450882434845,10343,Mac,127.0.0.1,102.3450882434845,9,10.439925263939248,6.30615169828683e-05,10.439588212644288,1.7614334518947559,8.45261903370582,0.0017714954363192033,20,5.38543077311804e-05,0.04268421460775062,10.36823839457432,1.4255684976466989e-05,8.0,-4312500.0,-215625.0,20.0,0.00535385931842029,14.5,20,-5.5,3.1728693834713145e-05,6.74,10.36823839457432,250.0,0.006793926917121284,5000.0,3205.6597524840945,5000.0,5250.0,"[array([[0.3322606 , 0.33450693, 0.3332325 ],
       [0.33176988, 0.3350446 , 0.3331855 ],
       [0.33204785, 0.33473995, 0.3332122 ]], dtype=float32), array([[0.3350367 , 0.33394685, 0.33101645],
       [0.33451924, 0.33376127, 0.3317195 ],
       [0.33311945, 0.33325577, 0.33362484]], dtype=float32), array([[0.33279744, 0.33362275, 0.3335798 ],
       [0.3326218 , 0.3337176 , 0.33366057],
       [0.33263093, 0.3337127 , 0.3336564 ]], dtype=float32), array([[0.33319697, 0.33362132, 0.3331817 ],
       [0.33247295, 0.33515033, 0.3323768 ],
       [0.33322304, 0.33356628, 0.33321068]], dtype=float32), array([[0.33195847, 0.33407593, 0.3339656 ],
       [0.33178306, 0.3341707 , 0.33404624],
       [0.33179218, 0.33416578, 0.33404204]], dtype=float32), array([[0.31435972, 0.37223414, 0.31340614],
       [0.23170872, 0.5400809 , 0.22821036],
       [0.31576043, 0.36936808, 0.31487155]], dtype=float32)]",1,0,0,0,0,0,45.379999999999995,80.56666666666666,6.0859890047591626e-05,0.00011964924946918562,6.74,6.74,5000.0,5000.0,-4312500.0,-4312500.0,0.18404749729023914,53946,-0.00020868219144176692,1.0,16595,1.0568111974862404e-05,0.0015431216992,0.20430338382720947,999.0,0.00031559361377730966,0.0,9.0,0.2638830840587616,5994,0.691028356552124,46.45376968383789,-0.00017547607421875,688.857311202886,1.0,0.0,8266,0.0015431216992,0.0,999.0,0.0002715581955,9.0,5994,53946,688.8662448748983,24861,31500,11988,0,107892,283500,3620.2327783649807,22326289.25621982,11059747.938811818,45400,9.0,-13.5,3.679733918543157e-05,20,400,20,10.368238394574323,0.0005734890912542119,20,10.368238394574323,1.6990580503516708e-05,20.0,0.007157322973944247,0.12090587168956839,180,15.5,-0.3,7.076114064165755e-05,3600,0.000133642251685737,400,-0.3,400,-0.3,3600,1.3041754883399523e-05,7.072684557369266e-06,1.2558623696777839e-05,2.9078397875172067e-06,2.795432330050215e-06,1.5363924004392516e-05,6.706919840289876e-06,1.0564532110402375e-05,3.957804998836948e-05,1.2137249143194462e-05,8.187095105518531e-06,0.009549959277204718,0.000852955547611628,0.04270504099023152,0.11018145864280919,0.0039317631311899465,0.01654970237767174,8.616792177975446e-05,-0.00019960047211498022,46.0,9.568964742356911e-06,0.20451337,999.0,1.0,54.0,0.2641390264034271,35964,0.6910428404808044,46.222328186035156,0.0022819042205810547,323676,189000,71928,647352,1701000,44877.41915138809,323676,46.0,0.0,999.0,54.0,35964,3.2243471973817965e-06,1.5866941346859827e-05,1.5343203438507006e-05,3.1186570665492596e-06,8.294157853332794e-06,4.576853355992826e-05,7.009535226497342e-06,1.1375051341788211e-05,1.2890606750026837e-05,9.006171331603323e-06,1.7675066244911174e-05
1,-4930000.0,False,10,b7d6e_00000,2025-08-11_18-10-01,1754928601,10.529245853424072,112.87433409690857,10343,Mac,127.0.0.1,112.87433409690857,10,10.439524588800316,6.248923171004101e-05,10.439187859677283,1.760084894046579,8.453517883367716,0.0017692109009633274,20,4.611314597605415e-05,0.03884631275861116,10.36823839457432,1.4803635231467209e-05,9.0,-4930000.0,-246500.0,20.0,0.005549654501955957,14.5,20,-5.5,3.345717893772455e-05,5.460000000000001,10.36823839457432,250.0,0.005971168884131174,5000.0,3088.83530518139,5000.0,5250.0,"[array([[0.3322606 , 0.33450693, 0.3332325 ],
       [0.3317699 , 0.3350446 , 0.3331855 ],
       [0.33204788, 0.33473995, 0.3332122 ]], dtype=float32), array([[0.33653903, 0.33396336, 0.32949758],
       [0.33612576, 0.33388355, 0.32999066],
       [0.33540177, 0.33374274, 0.33085543]], dtype=float32), array([[0.33431718, 0.3341897 , 0.33149305],
       [0.33431154, 0.33418483, 0.33150363],
       [0.33419147, 0.33408037, 0.33172816]], dtype=float32), array([[0.33247823, 0.3351973 , 0.33232453],
       [0.33219182, 0.3358212 , 0.331987  ],
       [0.33249447, 0.3351619 , 0.33234367]], dtype=float32), array([[0.33345824, 0.3333333 , 0.33320844],
       [0.33345753, 0.3333333 , 0.33320916],
       [0.33345678, 0.3333333 , 0.3332099 ]], dtype=float32), array([[0.34295118, 0.31554842, 0.3415004 ],
       [0.24812712, 0.49487078, 0.2570021 ],
       [0.33842966, 0.32389602, 0.3376743 ]], dtype=float32)]",1,0,0,0,0,0,43.29333333333333,80.64,6.320986721779323e-05,0.00012356401474626307,5.460000000000001,5.460000000000001,5000.0,5000.0,-4930000.0,-4930000.0,0.18398220523714634,59940,-0.0006269761943258345,1.0,16595,3.4642242098925635e-05,0.0015431216992,0.20387482643127441,999.0,0.00015779680688865483,0.0,10.0,0.2638685405254364,5994,0.6903558969497681,44.248435974121094,0.0003406405448913574,685.6246420585205,1.0,0.0,8266,0.0015431216992,0.0,999.0,0.0002715581955,10.0,5994,59940,685.6331299567892,24861,31500,11988,0,119880,315000,3603.2392164540693,21792849.321819287,11094124.67137057,50400,10.0,-13.5,3.1352685545523195e-05,20,400,20,10.368238394574323,0.0005712225399059484,20,10.368238394574323,1.4051570869979435e-05,20.0,0.007170270462520421,0.12085829505302427,200,15.5,0.1,5.9265994171345334e-05,4000,0.00011483686129391119,400,0.1,400,0.1,4000,1.3556323524984235e-05,7.3701675747144686e-06,1.3184750020929614e-05,2.9763445951408894e-06,2.898793350929715e-06,1.5790003795932603e-05,6.997285315777711e-06,1.0925995192427044e-05,4.13339530457881e-05,1.2436514922470872e-05,8.413456826357643e-06,0.009547829263840988,0.000853288491515996,0.04270885724995983,0.11014558030559625,0.003934735919683842,0.0165159011832269,8.608124264242318e-05,-0.0005988881457597017,51.0,3.1564650271320716e-05,0.20406055,999.0,1.0,60.0,0.2640645205974579,35964,0.6903838515281677,44.11136245727539,0.0021551847457885742,359640,189000,71928,719280,1890000,44065.85492769318,359640,51.0,0.0,999.0,60.0,35964,2.84077322908552e-06,1.2142786165305268e-05,1.2450324201460184e-05,2.8005214594621206e-06,6.866461776177886e-06,3.667632751926012e-05,6.492317876030394e-06,1.0402124991048781e-05,1.1913625454121259e-05,7.987869124340464e-06,1.5010979551880348e-05
1,-5547500.0,False,11,b7d6e_00000,2025-08-11_18-10-13,1754928613,11.462268114089966,124.33660221099854,10343,Mac,127.0.0.1,124.33660221099854,11,10.448436063743046,6.192725954608161e-05,10.448100497750104,1.758612153026635,8.463784652453226,0.001764133792549964,20,5.0562998023680586e-05,0.036451694631112495,10.36823839457432,1.4725783347566308e-05,10.0,-5547500.0,-277375.0,20.0,0.005499391529243437,14.5,20,-5.5,3.313124994898471e-05,4.5,10.36823839457432,250.0,0.005962046384240941,5000.0,3089.744959671834,5000.0,5250.0,"[array([[0.33185765, 0.33410123, 0.3340412 ],
       [0.33118325, 0.33445215, 0.3343646 ],
       [0.33120123, 0.3344428 , 0.33435595]], dtype=float32), array([[0.33652207, 0.33640042, 0.32707754],
       [0.33650282, 0.3363819 , 0.3271153 ],
       [0.33500355, 0.33494025, 0.3300562 ]], dtype=float32), array([[0.3319311 , 0.3340907 , 0.33397815],
       [0.33175573, 0.33418548, 0.33405882],
       [0.33176485, 0.33418056, 0.33405462]], dtype=float32), array([[0.33319697, 0.33362132, 0.3331817 ],
       [0.33247292, 0.33515033, 0.33237678],
       [0.33322304, 0.33356628, 0.33321068]], dtype=float32), array([[0.33430025, 0.334175  , 0.33152476],
       [0.3342946 , 0.33417007, 0.3315353 ],
       [0.3341745 , 0.3340656 , 0.33175987]], dtype=float32), array([[0.33992916, 0.321125  , 0.33894587],
       [0.24480513, 0.5012929 , 0.25390193],
       [0.335375  , 0.32954895, 0.33507597]], dtype=float32)]",1,0,0,0,0,0,47.05882352941177,81.95882352941176,6.228790441556452e-05,0.0001228104675842904,4.5,4.5,5000.0,5000.0,-5547500.0,-5547500.0,0.1840130315148524,65934,-0.0006651920848526061,1.0,16595,3.550931069185026e-05,0.0015431216992,0.2038409262895584,999.0,7.889840344432741e-05,0.0,11.0,0.263872891664505,5994,0.6896942257881165,44.236270904541016,0.0005555152893066406,682.2792737450686,1.0,0.0,8266,0.0015431216992,0.0,999.0,0.0002715581955,11.0,5994,65934,682.2873327049394,24861,31500,11988,0,131868,346500,3585.653528795785,21273780.068592995,11124833.573049206,55400,11.0,-13.5,3.128592898454882e-05,20,400,20,10.368238394574323,0.0005697390638193493,20,10.368238394574323,1.398035664758634e-05,20.0,0.005415014213649556,0.12084305794235023,220,15.5,1.5,5.887723581584543e-05,4400,0.00011515066055684568,400,1.5,400,1.5,4400,1.328843634499799e-05,7.267747143114773e-06,1.2951336363433826e-05,2.937688051466189e-06,2.8629300985995675e-06,1.565039751450354e-05,6.8874640822566294e-06,1.0899455739347982e-05,4.1025100424830935e-05,1.2408653590953842e-05,8.483726674059178e-06,0.009543313892006156,0.000853235186884001,0.042712342427514705,0.11020408825235506,0.00393573814013605,0.016488739251268085,8.5993759736597e-05,-0.0006337205995805562,56.0,3.213535819668323e-05,0.20398974,999.0,1.0,66.0,0.26401689648628235,35964,0.6897279620170593,44.12333297729492,0.002067089080810547,395604,189000,71928,791208,2079000,43270.81534511174,395604,56.0,0.0,999.0,66.0,35964,2.8065298476849715e-06,1.2076486025046602e-05,1.2301576440669284e-05,2.8048235150150942e-06,6.84780144908668e-06,3.7135456556779554e-05,6.517377053721652e-06,1.0501236072821717e-05,1.1730763925721198e-05,7.952282716556649e-06,1.4910675806194281e-05
1,-6165000.0,False,12,b7d6e_00000,2025-08-11_18-10-24,1754928624,11.354289054870605,135.69089126586914,10343,Mac,127.0.0.1,135.69089126586914,12,10.4560405606048,6.138465808157602e-05,10.455706030272749,1.7568002406662724,8.473145455508865,0.0017574066145631573,20,4.4905757121428606e-05,0.03970806364715093,10.36823839457432,1.4349118729205457e-05,11.0,-6165000.0,-308250.0,20.0,0.005396243331953883,14.5,20,-5.5,3.223175659383173e-05,6.419999999999999,10.36823839457432,250.0,0.005782023762327804,5000.0,3167.1172533881227,5000.0,5250.0,"[array([[0.33185765, 0.33410123, 0.3340412 ],
       [0.33118325, 0.33445212, 0.33436456],
       [0.33120126, 0.3344428 , 0.33435595]], dtype=float32), array([[0.3335621 , 0.33426234, 0.33217555],
       [0.33365014, 0.33462223, 0.33172762],
       [0.3333863 , 0.33354762, 0.3330661 ]], dtype=float32), array([[0.33337623, 0.3333333 , 0.33329046],
       [0.3333755 , 0.33333334, 0.33329117],
       [0.33337477, 0.33333334, 0.33329192]], dtype=float32), array([[0.33346075, 0.33306417, 0.33347505],
       [0.33273742, 0.33459193, 0.33267075],
       [0.3334868 , 0.33300915, 0.33350402]], dtype=float32), array([[0.33514684, 0.3324889 , 0.33236432],
       [0.33492112, 0.33259398, 0.33248487],
       [0.3349105 , 0.33259895, 0.33249056]], dtype=float32), array([[0.33949414, 0.3213366 , 0.33916932],
       [0.252542  , 0.4919663 , 0.2554917 ],
       [0.3380948 , 0.32405993, 0.33784527]], dtype=float32)]",1,0,0,0,0,0,42.5375,82.30624999999999,6.145478139194713e-05,0.00012031190107083984,6.419999999999999,6.419999999999999,5000.0,5000.0,-6165000.0,-6165000.0,0.1839837749500683,71928,-0.00016888183017726988,1.0,16595,1.678155967965722e-05,0.0015431216992,0.20433425903320312,999.0,3.944920172216371e-05,0.0,12.0,0.2638683021068573,5994,0.6893296241760254,46.391929626464844,0.00048106908798217773,678.7332871248211,1.0,0.0,8266,0.0015431216992,0.0,999.0,0.0002715581955,12.0,5994,71928,678.740825254552,24861,31500,11988,0,143856,378000,3567.0136389691493,20747152.986180246,11122577.071671184,60400,12.0,-13.5,3.80841854677726e-05,20,400,20,10.368238394574323,0.0005678995931274688,20,10.368238394574323,1.585534594863605e-05,20.0,0.005569781708763912,0.12095820777302538,240,15.5,1.9,6.698575978215541e-05,4800,0.00013788851117187094,400,1.9,400,1.9,4800,1.3136699847330582e-05,7.17892368297817e-06,1.2712713998650632e-05,2.8938853661229435e-06,2.830659357254744e-06,1.5460225081526e-05,6.753351909286062e-06,1.0623635336054045e-05,3.971040842575937e-05,1.2222389930674278e-05,8.21957045865512e-06,0.009536796593110223,0.0008538040847584139,0.042731771922696296,0.11017161987025038,0.003936774928944455,0.016478234359087254,8.58950712418831e-05,-0.00016531709115952253,61.0,1.600583163963165e-05,0.2044214,999.0,1.0,72.0,0.26397231221199036,35964,0.6893414258956909,46.250030517578125,0.002024531364440918,431568,189000,71928,863136,2268000,42499.474161387945,431568,61.0,0.0,999.0,72.0,35964,3.1746062869298006e-06,1.4162386088566792e-05,1.4186877660456868e-05,3.124095421381901e-06,8.19230155318091e-06,4.663733871866467e-05,7.697120942738813e-06,1.2011590446827193e-05,1.359421857570929e-05,8.987348956841925e-06,1.848357015745622e-05
1,-6782500.0,False,13,b7d6e_00000,2025-08-11_18-10-36,1754928636,11.550126075744629,147.24101734161377,10343,Mac,127.0.0.1,147.24101734161377,13,10.465662095838377,6.0840391774462996e-05,10.46532834289021,1.7579319953403676,8.481555637613633,0.0017562775479093217,20,5.340735257932012e-05,0.039797630050104935,10.36823839457432,1.745987478927843e-05,12.0,-6782500.0,-339125.0,20.0,0.006368010024074467,14.5,20,-5.5,3.842116504702275e-05,5.380000000000001,10.36823839457432,250.0,0.006355006656669657,5000.0,2781.7151309771625,5000.0,5250.0,"[array([[0.3326647 , 0.33369768, 0.3336377 ],
       [0.3325239 , 0.33377433, 0.33370176],
       [0.33253208, 0.3337699 , 0.33369803]], dtype=float32), array([[0.33434537, 0.3342941 , 0.33136058],
       [0.33433092, 0.33428037, 0.33138874],
       [0.3334994 , 0.33349103, 0.33300957]], dtype=float32), array([[0.33346042, 0.33333328, 0.3332062 ],
       [0.3334597 , 0.3333333 , 0.33320695],
       [0.333459  , 0.3333333 , 0.3332077 ]], dtype=float32), array([[0.33324853, 0.33367294, 0.3330785 ],
       [0.33279622, 0.33547625, 0.33172753],
       [0.33342862, 0.33295107, 0.3336203 ]], dtype=float32), array([[0.33344343, 0.3333333 , 0.3332232 ],
       [0.33344272, 0.3333333 , 0.33322397],
       [0.33344197, 0.33333328, 0.33322465]], dtype=float32), array([[0.3399292 , 0.3211249 , 0.33894587],
       [0.24480455, 0.5012941 , 0.25390136],
       [0.33537504, 0.32954895, 0.335076  ]], dtype=float32)]",1,0,0,0,0,0,43.35625,82.80000000000001,7.106943116704233e-05,0.00014159286754346156,5.380000000000001,5.380000000000001,5000.0,5000.0,-6782500.0,-6782500.0,0.18393449220017427,77922,-0.0005324980011209846,1.0,16595,3.0900821002433077e-05,0.0015431216992,0.20397217571735382,999.0,1.9724600861081854e-05,0.0,13.0,0.26386910676956177,5994,0.6887425780296326,48.55445861816406,0.0002665519714355469,675.0971759756683,1.0,0.0,8266,0.0015431216992,0.0,999.0,0.0002715581955,13.0,5994,77922,675.1042201689912,24861,31500,11988,0,155844,409500,3547.9002103003413,20251695.314166944,11127615.090613352,65400,13.0,-13.5,3.0893371604404736e-05,20,400,20,10.368238394574323,0.0005657914369588818,20,10.368238394574323,1.385531861437892e-05,20.0,0.005555783354211598,0.12091173153539138,260,15.5,1.5,5.926676010261643e-05,5200,0.00011389266953331036,400,1.5,400,1.5,5200,1.5773703417643794e-05,8.374622202717725e-06,1.4851741802498089e-05,3.375905138236525e-06,3.237761185307183e-06,1.8136788766481235e-05,7.739559339689976e-06,1.2468201866148532e-05,4.852042849500206e-05,1.3894450007939393e-05,9.507562057714385e-06,0.009539946967561845,0.0008539214544036226,0.04273942045379209,0.1101464207522032,0.003939380520212898,0.016441574935201146,8.564487138128914e-05,-0.0005102107534185052,66.0,2.827314892783761e-05,0.20406613,999.0,1.0,78.0,0.2639552354812622,35964,0.6887744665145874,48.37982177734375,0.001972019672393799,467532,189000,71928,935064,2457000,41758.02916151772,467532,66.0,0.0,999.0,78.0,35964,2.8007496782246985e-06,1.1945139697036115e-05,1.2447222513105497e-05,2.7739611907874404e-06,7.037446174734658e-06,3.6166757069820556e-05,6.457916311248778e-06,1.0283095089604442e-05,1.1704051384569563e-05,7.842886056784798e-06,1.5140492722646979e-05
1,-7400000.0,False,14,b7d6e_00000,2025-08-11_18-10-47,1754928647,10.975658893585205,158.21667623519897,10343,Mac,127.0.0.1,158.21667623519897,14,10.469472994880407,6.034323783071584e-05,10.469140287381403,1.757866516217616,8.484992571237363,0.0017566118528274618,20,4.941292673404793e-05,0.039444056412881436,10.36823839457432,1.458439961235323e-05,13.0,-7400000.0,-370000.0,20.0,0.0060819601383991515,14.5,20,-5.5,6.552498603920914e-05,5.0600000000000005,10.36823839457432,250.0,0.006686152816595198,5000.0,3110.66833264703,5000.0,5250.0,"[array([[0.33477312, 0.33218047, 0.3330464 ],
       [0.33343163, 0.33325455, 0.33331382],
       [0.33388057, 0.3328948 , 0.3332246 ]], dtype=float32), array([[0.3365391 , 0.33396342, 0.32949758],
       [0.3361258 , 0.33388358, 0.32999063],
       [0.3354018 , 0.33374277, 0.33085543]], dtype=float32), array([[0.33268678, 0.33257473, 0.3347385 ],
       [0.332691  , 0.33257967, 0.33472934],
       [0.33260992, 0.33248457, 0.33490553]], dtype=float32), array([[0.33324862, 0.3335181 , 0.33323333],
       [0.33296314, 0.33414045, 0.33289644],
       [0.3332648 , 0.33348274, 0.33325243]], dtype=float32), array([[0.33269918, 0.33482137, 0.33247945],
       [0.33261803, 0.3350117 , 0.33237028],
       [0.33270758, 0.33480158, 0.33249077]], dtype=float32), array([[0.34295124, 0.31554827, 0.34150046],
       [0.2481262 , 0.49487266, 0.25700122],
       [0.3384297 , 0.32389596, 0.33767432]], dtype=float32)]",1,0,0,0,0,0,42.90625,81.60625,6.225156735295621e-05,0.00012188814611597748,5.0600000000000005,5.0600000000000005,5000.0,5000.0,-7400000.0,-7400000.0,0.18417493310874664,83916,-0.00022826954955235124,1.0,16595,2.6981715564033948e-05,0.0015431216992,0.20427647233009338,999.0,9.862300430540927e-06,0.0,14.0,0.26386722922325134,5994,0.6877639293670654,44.97800064086914,7.218122482299805e-05,671.9328198723902,1.0,0.0,8266,0.0015431216992,0.0,999.0,0.0002715581955,14.0,5994,83916,671.9394007717208,24861,31500,11988,0,167832,441000,3531.266205202496,19805078.46207891,11155283.054616624,70400,14.0,-13.5,3.097730366734903e-05,20,400,20,10.368238394574323,0.0005633985230033962,20,10.368238394574323,1.3748291185666871e-05,20.0,0.005475487033836543,0.12086860464088746,280,15.5,2.9,5.879063329301672e-05,5600,0.00011384627143026107,400,2.9,400,2.9,5600,1.3215006675885764e-05,7.319508134481579e-06,1.2959529163964096e-05,2.933791958578313e-06,2.866988583879586e-06,1.5715945143377463e-05,6.839921620243374e-06,1.0871097176888892e-05,4.031680942930666e-05,1.2335102546266573e-05,8.361038690586118e-06,0.009541418747729615,0.0008563743200656379,0.042836719169989275,0.11028456946442526,0.003940290884535231,0.016441413356225943,8.606092362576991e-05,-0.00022412680846173316,71.0,2.5921188353095204e-05,0.20434149,999.0,1.0,84.0,0.2639400064945221,35964,0.6877790093421936,44.851806640625,0.0018368363380432129,503496,189000,71928,1006992,2646000,41036.415134753726,503496,71.0,0.0,999.0,84.0,35964,2.7962948919613807e-06,1.202733287981093e-05,1.2301899681041253e-05,2.7790131852938034e-06,6.816345773812782e-06,3.658679109497429e-05,6.430896328316563e-06,1.028629224059728e-05,1.1817768380340668e-05,7.89280106809577e-06,1.4735744449913777e-05
1,-8017500.0,False,15,b7d6e_00000,2025-08-11_18-10-59,1754928659,12.068427085876465,170.28510332107544,10343,Mac,127.0.0.1,170.28510332107544,15,10.483908084100777,5.9847715470822946e-05,10.483576047008107,1.7616444718859237,8.493470120114448,0.0017671344848497106,20,5.46119997037639e-05,0.037738672863586106,10.36823839457432,1.8479984903586795e-05,14.0,-8017500.0,-400875.0,20.0,0.0074177083135582534,14.5,20,-5.5,7.494106214319037e-05,6.5,10.36823839457432,250.0,0.0071347665564948735,5000.0,2744.3262045195693,5000.0,5250.0,"[array([[0.33185765, 0.33410123, 0.3340412 ],
       [0.33118328, 0.33445212, 0.33436456],
       [0.3312013 , 0.3344428 , 0.33435595]], dtype=float32), array([[0.33652207, 0.33640042, 0.3270775 ],
       [0.33650282, 0.3363819 , 0.32711527],
       [0.33500358, 0.33494028, 0.3300562 ]], dtype=float32), array([[0.33431718, 0.3341897 , 0.33149305],
       [0.33431154, 0.33418483, 0.33150363],
       [0.33419147, 0.33408037, 0.33172816]], dtype=float32), array([[0.33299497, 0.3357183 , 0.3312867 ],
       [0.3328798 , 0.3365167 , 0.33060348],
       [0.33306718, 0.33521456, 0.33171827]], dtype=float32), array([[0.3337632 , 0.33370766, 0.3325292 ],
       [0.33375755, 0.3337027 , 0.33253977],
       [0.3336373 , 0.33359802, 0.33276466]], dtype=float32), array([[0.3130215 , 0.3772377 , 0.3097407 ],
       [0.23724116, 0.536193  , 0.22656578],
       [0.31699586, 0.36870128, 0.31430286]], dtype=float32)]",1,0,0,0,0,0,53.59411764705882,82.56470588235294,7.477828975361392e-05,0.00014945279195826893,6.5,6.5,5000.0,5000.0,-8017500.0,-8017500.0,0.1858613746067518,89910,-0.0006628866540268064,1.0,16595,3.893426401191391e-05,0.0015431216992,0.20384442806243896,999.0,4.931150215270463e-06,0.0,15.0,0.2638687193393707,5994,0.686846137046814,44.99728012084961,-8.153915405273438e-05,668.8245988302972,1.0,0.0,8266,0.0015431216992,0.0,999.0,0.0002715581955,15.0,5994,89910,668.8308037514482,24861,31500,11988,0,179820,472500,3514.9274135494106,19365493.781332295,11174411.733690154,75400,15.0,-13.5,3.6039040788053834e-05,20,400,20,10.368238394574323,0.0005619116182451015,20,10.368238394574323,1.653455403266065e-05,20.0,0.005664549994980917,0.12104558859376884,300,15.5,3.1,6.590684657603959e-05,6000,0.0001291663874054447,400,3.1,400,3.1,6000,1.6814118227517232e-05,9.124427489137833e-06,1.5438752012432533e-05,3.590392890128649e-06,3.3819240732431172e-06,1.910472515860384e-05,8.044001082247942e-06,1.2848443994741778e-05,5.315545564365782e-05,1.424833449970879e-05,9.770087580152497e-06,0.009769928310800011,0.0008690197371966182,0.04347477989830305,0.1110213708498318,0.003950513815727939,0.01649945089322467,8.66565641276243e-05,-0.0006348883616738021,76.0,3.571268462110311e-05,0.20390958,999.0,1.0,90.0,0.26390910148620605,35964,0.6868877410888672,44.877498626708984,0.0017386078834533691,539460,189000,71928,1078920,2835000,40324.8073918441,539460,76.0,0.0,999.0,90.0,35964,3.1143195092919036e-06,1.3860950417908744e-05,1.385095024292021e-05,3.0395122797973113e-06,7.745454471223173e-06,4.295192710692484e-05,7.00380597618257e-06,1.16704228621569e-05,1.2709764682106416e-05,8.72320938004739e-06,1.6970406152308253e-05
1,-8635000.0,False,16,b7d6e_00000,2025-08-11_18-11-10,1754928670,11.097423076629639,181.38252639770508,10343,Mac,127.0.0.1,181.38252639770508,16,10.488761192420037,5.935673855259614e-05,10.48842987069825,1.759966718417113,8.50004108307308,0.0017653110499639719,20,5.0716049674604986e-05,0.04017008524907385,10.36823839457432,1.4654328162294214e-05,15.0,-8635000.0,-431750.0,20.0,0.005453318708576262,14.5,20,-5.5,3.253221488165942e-05,5.7799999999999985,10.36823839457432,250.0,0.0067736709831218685,5000.0,3113.2883711931227,5000.0,5250.0,"[array([[0.3347731 , 0.33309144, 0.3321355 ],
       [0.3339039 , 0.3332378 , 0.33285826],
       [0.33340833, 0.3333208 , 0.33327088]], dtype=float32), array([[0.33503672, 0.33394688, 0.33101642],
       [0.33451924, 0.33376127, 0.33171943],
       [0.33311942, 0.33325577, 0.33362484]], dtype=float32), array([[0.33339104, 0.33333334, 0.33327568],
       [0.3333903 , 0.3333333 , 0.33327636],
       [0.33338955, 0.3333333 , 0.3332771 ]], dtype=float32), array([[0.33319697, 0.33362132, 0.3331817 ],
       [0.33247292, 0.33515033, 0.33237678],
       [0.33322304, 0.33356628, 0.33321068]], dtype=float32), array([[0.33430055, 0.3316493 , 0.3340501 ],
       [0.3341804 , 0.33185843, 0.33396116],
       [0.33428925, 0.331669  , 0.33404174]], dtype=float32), array([[0.315688  , 0.37151313, 0.31279886],
       [0.24019408, 0.53011197, 0.22969395],
       [0.31962955, 0.36303058, 0.3173399 ]], dtype=float32)]",1,0,0,0,0,0,41.11875,82.25625000000001,6.213117345244404e-05,0.00012184696397090245,5.7799999999999985,5.7799999999999985,5000.0,5000.0,-8635000.0,-8635000.0,0.18574689711102932,95904,-0.0008954477962106466,1.0,16595,5.3087074775248766e-05,0.0015431216992,0.2036127746105194,999.0,2.4655751076352317e-06,0.0,16.0,0.26386693120002747,5994,0.6853549480438232,42.137149810791016,-5.888938903808594e-05,665.8215777779301,1.0,0.0,8266,0.0015431216992,0.0,999.0,0.0002715581955,16.0,5994,95904,665.8274073824857,24861,31500,11988,0,191808,504000,3499.141685842443,18957864.08089723,11195621.661433734,80400,16.0,-13.5,3.135282266397674e-05,20,400,20,10.368238394574323,0.0005600133418033589,20,10.368238394574323,1.3914066537893074e-05,20.0,0.005633418703218922,0.12099124728863936,320,15.5,2.5,5.925945171175461e-05,6400,0.00011418839100427328,400,2.5,400,2.5,6400,1.3258425966070307e-05,7.26554644254041e-06,1.2883446612758567e-05,2.908674109066298e-06,2.8738967216340253e-06,1.5776618296928884e-05,6.8277096518924045e-06,1.0740507887164529e-05,4.0122765123469776e-05,1.2352115400457105e-05,8.381877993144686e-06,0.009760892358226483,0.0008687199599411361,0.0434644037695531,0.11095617422194783,0.003955212427428503,0.01646595847408156,8.655999852874186e-05,-0.0008558703120797873,81.0,4.8393681936431676e-05,0.20369288,999.0,1.0,96.0,0.26390907168388367,35964,0.6854128241539001,42.05150604248047,0.0015810728073120117,575424,189000,71928,1150848,3024000,39646.707833408465,575424,81.0,0.0,999.0,96.0,35964,2.8263651015765005e-06,1.1958931567508781e-05,1.2407782921302357e-05,2.741836083217693e-06,7.055882761742567e-06,3.674654413494442e-05,6.405831036527695e-06,1.0309745277728185e-05,1.1721481768603708e-05,7.794420611888377e-06,1.5039508365556083e-05
1,-9252500.0,False,17,b7d6e_00000,2025-08-11_18-11-22,1754928682,11.825411081314087,193.20793747901917,10343,Mac,127.0.0.1,193.20793747901917,17,10.500782896326399,5.88602522322481e-05,10.50045232699092,1.7586971512328464,8.5133187922418,0.0017678504389696881,20,4.5917922491566494e-05,0.038754271461100075,10.36823839457432,1.4944077600502343e-05,16.0,-9252500.0,-462625.0,20.0,0.005580398342106488,14.5,20,-5.5,3.3252137060306334e-05,5.7799999999999985,10.36823839457432,250.0,0.005990019997298847,5000.0,3077.276436808205,5000.0,5250.0,"[array([[0.33477312, 0.33218047, 0.3330464 ],
       [0.33343163, 0.33325455, 0.33331382],
       [0.33388057, 0.3328948 , 0.3332246 ]], dtype=float32), array([[0.3350367 , 0.33394685, 0.3310164 ],
       [0.33451924, 0.33376127, 0.33171946],
       [0.33311942, 0.33325577, 0.33362484]], dtype=float32), array([[0.33339104, 0.33333334, 0.33327568],
       [0.3333903 , 0.3333333 , 0.33327636],
       [0.33338955, 0.3333333 , 0.3332771 ]], dtype=float32), array([[0.33319697, 0.33362132, 0.33318168],
       [0.33247292, 0.33515033, 0.33237678],
       [0.33322304, 0.33356628, 0.33321068]], dtype=float32), array([[0.3333888 , 0.3333333 , 0.3332778 ],
       [0.3333881 , 0.3333333 , 0.33327857],
       [0.33338737, 0.33333334, 0.33327928]], dtype=float32), array([[0.33949405, 0.3213367 , 0.33916926],
       [0.252543  , 0.49196422, 0.25549266],
       [0.33809477, 0.32405996, 0.33784524]], dtype=float32)]",1,0,0,0,0,0,42.77058823529411,81.74117647058823,6.337137044347018e-05,0.00012447308129630606,5.7799999999999985,5.7799999999999985,5000.0,5000.0,-9252500.0,-9252500.0,0.18565527439026494,101898,-0.00026993118808604777,1.0,16595,2.7672702344716527e-05,0.0015431216992,0.20424015820026398,999.0,1.2327875538176158e-06,0.0,17.0,0.2638680636882782,5994,0.6847257614135742,44.979461669921875,-2.9802322387695312e-05,662.4367026684686,1.0,0.0,8266,0.0015431216992,0.0,999.0,0.0002715581955,17.0,5994,101898,662.4421589665692,24861,31500,11988,0,203796,535500,3481.3494134230823,18571820.67264973,11224498.983733043,85400,17.0,-13.5,3.318350484125631e-05,20,400,20,10.368238394574323,0.0005578257081763365,20,10.368238394574323,1.4898014696684745e-05,20.0,0.005529986178735271,0.12100114606551016,340,15.5,1.9,6.0537714315806226e-05,6800,0.00011854739989326492,400,1.9,400,1.9,6800,1.361890845155967e-05,7.456650004955416e-06,1.3162937904132148e-05,2.995915217205513e-06,2.909755786264328e-06,1.599573884998158e-05,7.014384396040007e-06,1.0984518630195707e-05,4.124494869344505e-05,1.255417249222342e-05,8.550274364756211e-06,0.00975342968450288,0.0008697510904530794,0.0434506080714208,0.11091749748024594,0.003958520713330435,0.016429903469290498,8.687022821850304e-05,-0.00026342394994571805,86.0,2.6274217816535383e-05,0.20427072,999.0,1.0,102.0,0.2638935446739197,35964,0.6847503185272217,44.883323669433594,0.001521289348602295,611388,189000,71928,1222776,3213000,38994.75790746326,611388,86.0,0.0,999.0,102.0,35964,2.9064622292686464e-06,1.2377084112042537e-05,1.2563705701049438e-05,2.8299602069103405e-06,7.306281268864798e-06,3.8153435547475966e-05,6.6362787464622344e-06,1.0649823323668725e-05,1.2090988700903052e-05,8.233717317698154e-06,1.5658932666315552e-05
1,-9870000.0,False,18,b7d6e_00000,2025-08-11_18-11-33,1754928693,11.098735094070435,204.3066725730896,10343,Mac,127.0.0.1,204.3066725730896,18,10.505368564032684,5.834456993921157e-05,10.50503810039064,1.7579064013814336,8.51857692806859,0.001765954014006563,20,5.2124543746936736e-05,0.04122588423402331,10.36823839457432,1.536474671772858e-05,17.0,-9870000.0,-493500.0,20.0,0.005708664163015781,14.5,20,-5.5,3.453515102058484e-05,6.179999999999998,10.36823839457432,250.0,0.006112385411167239,5000.0,3008.6676797196965,5000.0,5250.0,"[array([[0.3344684 , 0.3327883 , 0.33274326],
       [0.3337832 , 0.33311734, 0.33309948],
       [0.3337648 , 0.33312616, 0.33310902]], dtype=float32), array([[0.3347005 , 0.33675018, 0.3285493 ],
       [0.33488005, 0.3372046 , 0.32791534],
       [0.33415166, 0.33536935, 0.33047903]], dtype=float32), array([[0.33337623, 0.3333333 , 0.33329046],
       [0.3333755 , 0.33333334, 0.33329117],
       [0.33337477, 0.33333334, 0.33329192]], dtype=float32), array([[0.332995  , 0.3357183 , 0.3312867 ],
       [0.3328798 , 0.3365167 , 0.3306035 ],
       [0.33306718, 0.33521456, 0.3317183 ]], dtype=float32), array([[0.33344343, 0.3333333 , 0.3332232 ],
       [0.33344272, 0.3333333 , 0.33322397],
       [0.33344197, 0.33333328, 0.33322465]], dtype=float32), array([[0.33992913, 0.32112506, 0.33894584],
       [0.24480577, 0.50129175, 0.25390252],
       [0.335375  , 0.32954895, 0.33507597]], dtype=float32)]",1,0,0,0,0,0,43.22666666666667,82.35333333333332,6.423494322999493e-05,0.00012743810225169952,6.179999999999998,6.179999999999998,5000.0,5000.0,-9870000.0,-9870000.0,0.18569521123607022,107892,-0.0001560694072395563,1.0,16595,7.545716471213382e-06,0.0015431216992,0.20435477793216705,999.0,6.163937769088079e-07,0.0,18.0,0.26386773586273193,5994,0.6840621829032898,43.547630310058594,9.775161743164062e-06,659.3461613299022,1.0,0.0,8266,0.0015431216992,0.0,999.0,0.0002715581955,18.0,5994,107892,659.3512804209763,24861,31500,11988,0,215784,567000,3465.1041583862902,18212899.928357802,11259161.50553563,90400,18.0,-13.5,3.54552573276664e-05,20,400,20,10.368238394574323,0.0005556295408752168,20,10.368238394574323,1.614788538528883e-05,20.0,0.005623165334109217,0.12105863502449038,360,15.5,1.7,6.348535990494271e-05,7200,0.0001322549105537102,400,1.7,400,1.7,7200,1.3919220121259543e-05,7.535068767121346e-06,1.3445815102206975e-05,3.01423893808161e-06,2.9473604502797096e-06,1.649116067074607e-05,7.060463327451751e-06,1.1137587017116292e-05,4.299250633932954e-05,1.2744461496253623e-05,8.608263507056928e-06,0.00974776288694416,0.0008698194099740941,0.04344317699118641,0.11099021791468852,0.0039616692565032,0.016407446094385637,8.695944591951128e-05,-0.00014847810962237418,91.0,6.764933004888007e-06,0.2043778,999.0,1.0,108.0,0.2638862133026123,35964,0.6840894818305969,43.46942901611328,0.0014382004737854004,647352,189000,71928,1294704,3402000,38374.152448079476,647352,91.0,0.0,999.0,108.0,35964,3.0502342190050193e-06,1.3279754675170855e-05,1.3181461353315747e-05,3.0386037469728138e-06,7.488386082300921e-06,4.5560375426442325e-05,7.006444884375765e-06,1.1933207436420176e-05,1.3168745534529978e-05,8.476442760033105e-06,1.7109394022105215e-05
1,-10487500.0,False,19,b7d6e_00000,2025-08-11_18-11-45,1754928705,12.36313009262085,216.66980266571045,10343,Mac,127.0.0.1,216.66980266571045,19,10.522370279641448,5.7820703273224045e-05,10.522040325636661,1.7614944627866345,8.531327965877622,0.00176923947386307,20,5.270468094693771e-05,0.03857195315274242,10.36823839457432,1.8717410098622847e-05,18.0,-10487500.0,-524375.0,20.0,0.0073563358457759,14.5,20,-5.5,7.08130547229312e-05,6.019999999999998,10.36823839457432,250.0,0.00686325157382822,5000.0,2877.563482492082,5000.0,5250.0,"[array([[0.3322606 , 0.33450693, 0.3332325 ],
       [0.3317699 , 0.3350446 , 0.3331855 ],
       [0.33204788, 0.33473995, 0.3332122 ]], dtype=float32), array([[0.3347005 , 0.33675018, 0.3285493 ],
       [0.33488005, 0.3372046 , 0.32791534],
       [0.33415166, 0.33536935, 0.33047903]], dtype=float32), array([[0.33431718, 0.3341897 , 0.33149305],
       [0.33431154, 0.33418483, 0.33150363],
       [0.33419147, 0.33408037, 0.33172816]], dtype=float32), array([[0.33324862, 0.3335181 , 0.33323333],
       [0.33296314, 0.33414042, 0.33289644],
       [0.3332648 , 0.33348274, 0.33325243]], dtype=float32), array([[0.33345824, 0.3333333 , 0.33320844],
       [0.33345753, 0.3333333 , 0.33320916],
       [0.33345678, 0.3333333 , 0.3332099 ]], dtype=float32), array([[0.31454074, 0.37640336, 0.30905595],
       [0.24569915, 0.52627045, 0.22803044],
       [0.32067734, 0.36247146, 0.31685126]], dtype=float32)]",1,0,0,0,0,0,53.55555555555555,82.43888888888888,7.559875418864473e-05,0.0001525608098565545,6.019999999999998,6.019999999999998,5000.0,5000.0,-10487500.0,-10487500.0,0.18602027787359104,113886,-6.046555790817365e-05,1.0,16595,1.1102652933914214e-05,0.0015431216992,0.2044508308172226,999.0,3.0819688845440396e-07,0.0,19.0,0.26386746764183044,5994,0.683633029460907,45.70954132080078,7.957220077514648e-05,655.9212768649735,1.0,0.0,8266,0.0015431216992,0.0,999.0,0.0002715581955,19.0,5994,113886,655.9260380414156,24861,31500,11988,0,227772,598500,3447.1020204868064,17876582.82164483,11289535.447395612,95400,19.0,-13.5,3.8792390684358444e-05,20,400,20,10.368238394574323,0.000554144905107805,20,10.368238394574323,1.666779486393769e-05,20.0,0.005838358706096187,0.12125404825441084,380,15.5,0.5,6.764264822093742e-05,7600,0.00013891608975252897,400,0.5,400,0.5,7600,1.6733280519773203e-05,8.64897681395273e-06,1.688588659276389e-05,3.785688002528903e-06,3.294219244311588e-06,1.9249229656311263e-05,7.830845459528484e-06,1.3921400950672535e-05,5.3340355563636884e-05,1.462607113943228e-05,9.997392229863625e-06,0.009754346927046274,0.0008702674659602584,0.04350170772112218,0.11123025365483609,0.003968586723857415,0.016420110384329816,8.68252714955145e-05,-5.940207847743295e-05,96.0,1.0991523595293984e-05,0.20447814,999.0,1.0,114.0,0.26389893889427185,35964,0.6836363673210144,45.63196563720703,0.0014204978942871094,683316,189000,71928,1366632,3591000,37782.20357934257,683316,96.0,0.0,999.0,114.0,35964,3.271168484575428e-06,1.4019867700018256e-05,1.4136159692687918e-05,3.408044315122914e-06,8.066045035697731e-06,4.500607018756148e-05,7.131577221231673e-06,1.2420006298692999e-05,1.3907967057882233e-05,1.1103604199880749e-05,1.7921361895760463e-05
1,-11105000.0,True,20,b7d6e_00000,2025-08-11_18-11-57,1754928717,11.723840951919556,228.39364361763,10343,Mac,127.0.0.1,228.39364361763,20,10.532750113934224,5.729874695984536e-05,10.532419678210193,1.7638234939987647,8.538561444969533,0.0017837949987137202,20,6.421460785768144e-05,0.04191161605566582,10.36823839457432,1.7148847389180454e-05,19.0,-11105000.0,-555250.0,20.0,0.0062631536819972135,14.5,20,-5.5,3.82086921131292e-05,6.019999999999998,10.36823839457432,250.0,0.0073600408949298715,5000.0,2756.8838758508896,5000.0,5250.0,"[array([[0.33185765, 0.33410123, 0.3340412 ],
       [0.33118325, 0.33445215, 0.3343646 ],
       [0.33120123, 0.3344428 , 0.33435595]], dtype=float32), array([[0.33468914, 0.33463782, 0.330673  ],
       [0.3346698 , 0.33461922, 0.33071098],
       [0.33316272, 0.33316913, 0.33366817]], dtype=float32), array([[0.3319311 , 0.3340907 , 0.33397815],
       [0.33175573, 0.33418548, 0.33405882],
       [0.33176485, 0.33418056, 0.33405462]], dtype=float32), array([[0.333509  , 0.33296773, 0.3335233 ],
       [0.33214656, 0.33580288, 0.33205053],
       [0.33354488, 0.33289298, 0.3335621 ]], dtype=float32), array([[0.33514684, 0.3324889 , 0.33236432],
       [0.33492112, 0.33259398, 0.33248487],
       [0.3349105 , 0.33259895, 0.33249056]], dtype=float32), array([[0.34295118, 0.31554842, 0.3415004 ],
       [0.24812736, 0.49487042, 0.2570023 ],
       [0.3384297 , 0.32389605, 0.33767432]], dtype=float32)]",1,0,0,0,0,0,47.47058823529412,81.7529411764706,7.010438894531511e-05,0.00013986034551031036,6.019999999999998,6.019999999999998,5000.0,5000.0,-11105000.0,-11105000.0,0.1867344421745061,119880,-0.0005162081797607243,1.0,16595,4.759626608574763e-05,0.0015431216992,0.20399752259254456,999.0,1.5409844422720198e-07,0.0,20.0,0.26386722922325134,5994,0.6819185018539429,42.83034896850586,3.886222839355469e-05,652.7540736772978,1.0,0.0,8266,0.0015431216992,0.0,999.0,0.0002715581955,20.0,5994,119880,652.7584817424364,24861,31500,11988,0,239760,630000,3430.454257890419,17561426.346534647,11322268.93729041,100400,20.0,-13.5,4.436526080621361e-05,20,400,20,10.368238394574323,0.0005523372050924728,20,10.368238394574323,2.0535718862899257e-05,20.0,0.005946955336257815,0.12153825902093608,400,15.5,-0.3,7.602952543017452e-05,8000,0.0001567247191672747,400,-0.3,400,-0.3,8000,1.5567286990245898e-05,8.245233438740977e-06,1.4441071946584227e-05,3.3360296512553842e-06,3.186255916331814e-06,1.774934572597401e-05,7.675940985939222e-06,1.23885690033992e-05,4.793943622711275e-05,1.3729949480320195e-05,9.492054657688247e-06,0.009747283457556466,0.0008700735406068577,0.04374040397409042,0.11172038319883226,0.003974341266649846,0.01640552385976363,8.842576866135007e-05,-0.0005016170325689018,101.0,4.482657095650211e-05,0.20402877,999.0,1.0,120.0,0.26387932896614075,35964,0.6819609999656677,42.77422332763672,0.0012522339820861816,719280,189000,71928,1438560,3780000,37219.496692581706,719280,101.0,0.0,999.0,120.0,35964,4.125505139698242e-06,1.6517925223363267e-05,1.593865775793287e-05,3.4738751220043187e-06,9.09663325040719e-06,5.759497279022885e-05,8.030197960438761e-06,1.3552683840055181e-05,1.4693297625050066e-05,1.013877746023996e-05,1.975099069790485e-05
