num_training_step_calls_per_iteration,num_env_steps_sampled_lifetime,done,training_iteration,trial_id,date,timestamp,time_this_iter_s,time_total_s,pid,hostname,node_ip,time_since_restore,iterations_since_restore,timers/training_iteration,timers/restore_env_runners,timers/training_step,timers/env_runner_sampling_timer,timers/learner_update_timer,timers/synch_weights,env_runners/episode_len_max,env_runners/episode_len_min,env_runners/weights_seq_no,env_runners/env_step_timer,env_runners/episode_len_mean,env_runners/episode_return_mean,env_runners/rlmodule_inference_timer,env_runners/sample,env_runners/episode_duration_sec_mean,env_runners/num_env_steps_sampled,env_runners/env_to_module_sum_episodes_length_in,env_runners/env_reset_timer,env_runners/time_between_sampling,env_runners/episode_return_max,env_runners/episode_return_min,env_runners/num_episodes_lifetime,env_runners/env_to_module_sum_episodes_length_out,env_runners/num_episodes,env_runners/num_env_steps_sampled_lifetime,env_runners/num_env_steps_sampled_lifetime_throughput,evaluation/num_healthy_workers,evaluation/actor_manager_num_outstanding_async_reqs,evaluation/num_remote_worker_restarts,fault_tolerance/num_healthy_workers,fault_tolerance/num_remote_worker_restarts,env_runner_group/actor_manager_num_outstanding_async_reqs,perf/cpu_util_percent,perf/ram_util_percent,env_runners/module_to_env_connector/connector_pipeline_timer,env_runners/num_module_steps_sampled/default_policy,env_runners/env_to_module_connector/connector_pipeline_timer,env_runners/num_agent_steps_sampled/default_agent,env_runners/agent_episode_returns_mean/default_agent,env_runners/num_module_steps_sampled_lifetime/default_policy,env_runners/module_episode_returns_mean/default_policy,env_runners/num_agent_steps_sampled_lifetime/default_agent,learners/__all_modules__/num_non_trainable_parameters,learners/__all_modules__/learner_connector_sum_episodes_length_out,learners/__all_modules__/num_env_steps_trained_lifetime,learners/__all_modules__/num_module_steps_trained_lifetime,learners/__all_modules__/num_env_steps_trained,learners/__all_modules__/num_trainable_parameters,learners/__all_modules__/learner_connector_sum_episodes_length_in,learners/__all_modules__/num_module_steps_trained,learners/__all_modules__/num_env_steps_trained_lifetime_throughput,learners/__all_modules__/num_module_steps_trained_throughput,learners/__all_modules__/num_module_steps_trained_lifetime_throughput,learners/default_policy/total_loss,learners/default_policy/weights_seq_no,learners/default_policy/diff_num_grad_updates_vs_sampler_policy,learners/default_policy/vf_loss_unclipped,learners/default_policy/gradients_default_optimizer_global_norm,learners/default_policy/num_trainable_parameters,learners/default_policy/default_optimizer_learning_rate,learners/default_policy/vf_loss,learners/default_policy/num_module_steps_trained,learners/default_policy/entropy,learners/default_policy/vf_explained_var,learners/default_policy/mean_kl_loss,learners/default_policy/curr_kl_coeff,learners/default_policy/curr_entropy_coeff,learners/default_policy/policy_loss,learners/default_policy/module_train_batch_size_mean,learners/default_policy/num_module_steps_trained_lifetime,learners/default_policy/num_module_steps_trained_lifetime_throughput,evaluation/env_runners/env_step_timer,evaluation/env_runners/sample,evaluation/env_runners/env_reset_timer,evaluation/env_runners/weights_seq_no,evaluation/env_runners/episode_len_mean,evaluation/env_runners/episode_return_mean,evaluation/env_runners/episode_return_max,evaluation/env_runners/env_to_module_sum_episodes_length_out,evaluation/env_runners/num_env_steps_sampled_lifetime,evaluation/env_runners/episode_len_max,evaluation/env_runners/episode_len_min,evaluation/env_runners/rlmodule_inference_timer,evaluation/env_runners/env_to_module_sum_episodes_length_in,evaluation/env_runners/num_episodes_lifetime,evaluation/env_runners/num_episodes,evaluation/env_runners/episode_duration_sec_mean,evaluation/env_runners/num_env_steps_sampled,evaluation/env_runners/episode_return_min,learners/__all_modules__/learner_connector/connector_pipeline_timer,evaluation/env_runners/env_to_module_connector/connector_pipeline_timer,evaluation/env_runners/module_to_env_connector/connector_pipeline_timer,evaluation/env_runners/num_agent_steps_sampled/default_agent,evaluation/env_runners/agent_episode_returns_mean/default_agent,evaluation/env_runners/num_agent_steps_sampled_lifetime/default_agent,evaluation/env_runners/module_episode_returns_mean/default_policy,evaluation/env_runners/num_module_steps_sampled/default_policy,evaluation/env_runners/num_module_steps_sampled_lifetime/default_policy,env_runners/module_to_env_connector/timers/connectors/remove_single_ts_time_rank_from_batch,env_runners/module_to_env_connector/timers/connectors/tensor_to_numpy,env_runners/module_to_env_connector/timers/connectors/listify_data_for_vector_env,env_runners/module_to_env_connector/timers/connectors/un_batch_to_individual_items,env_runners/module_to_env_connector/timers/connectors/get_actions,env_runners/module_to_env_connector/timers/connectors/normalize_and_clip_actions,env_runners/env_to_module_connector/timers/connectors/numpy_to_tensor,env_runners/env_to_module_connector/timers/connectors/add_observations_from_episodes_to_batch,env_runners/env_to_module_connector/timers/connectors/add_states_from_episodes_to_batch,env_runners/env_to_module_connector/timers/connectors/batch_individual_items,env_runners/env_to_module_connector/timers/connectors/add_time_dim_to_batch_and_zero_pad,learners/__all_modules__/learner_connector/timers/connectors/add_states_from_episodes_to_batch,learners/__all_modules__/learner_connector/timers/connectors/add_columns_from_episodes_to_train_batch,learners/__all_modules__/learner_connector/timers/connectors/batch_individual_items,learners/__all_modules__/learner_connector/timers/connectors/general_advantage_estimation,learners/__all_modules__/learner_connector/timers/connectors/add_time_dim_to_batch_and_zero_pad,learners/__all_modules__/learner_connector/timers/connectors/add_one_ts_to_episodes_and_truncate,learners/__all_modules__/learner_connector/timers/connectors/numpy_to_tensor,learners/__all_modules__/learner_connector/timers/connectors/add_observations_from_episodes_to_batch,evaluation/env_runners/env_to_module_connector/timers/connectors/add_states_from_episodes_to_batch,evaluation/env_runners/env_to_module_connector/timers/connectors/batch_individual_items,evaluation/env_runners/env_to_module_connector/timers/connectors/add_time_dim_to_batch_and_zero_pad,evaluation/env_runners/env_to_module_connector/timers/connectors/add_observations_from_episodes_to_batch,evaluation/env_runners/env_to_module_connector/timers/connectors/numpy_to_tensor,evaluation/env_runners/module_to_env_connector/timers/connectors/un_batch_to_individual_items,evaluation/env_runners/module_to_env_connector/timers/connectors/get_actions,evaluation/env_runners/module_to_env_connector/timers/connectors/listify_data_for_vector_env,evaluation/env_runners/module_to_env_connector/timers/connectors/normalize_and_clip_actions,evaluation/env_runners/module_to_env_connector/timers/connectors/remove_single_ts_time_rank_from_batch,evaluation/env_runners/module_to_env_connector/timers/connectors/tensor_to_numpy
1,252500.0,False,1,08982_00000,2025-08-11_17-59-27,1754927967,4.973386287689209,4.973386287689209,105368,DESKTOP-3SK5A41,192.168.40.242,4.973386287689209,1,4.241329761999623,1.6599999980826396e-05,4.241066762000628,3.771152364000045,0.466106898000362,0.0015124999999898137,50,50,0.0,4.293982873272608e-05,50.0,5.700000000000004,0.00010277434413675948,0.039178159079474445,0.03524407065996456,5000.0,26.762340024562445,0.00019965495417162337,0.0013257812997615262,14.5,-5.5,5050.0,26.762340024562445,100.0,252500.0,1280.5682049443242,1,0,0,0,0,0,11.4375,87.85,0.0003611106125123305,5000.0,0.00012178855896202439,5000.0,5.700000000000004,252500.0,5.700000000000004,252500.0,0,5100,56100,11000,56100,11957,5000,11000,862153.0215851063,169659.65009996778,169553.04767667822,0.29209772,1.0,1.0,198.0029,3.7502978,11957,0.051764006447,0.11171723,11000,0.5774222,-0.07010782,0.16805293,0.5445652008056641,0.0173008632398,0.17971386,1000.0,11000,170058.957596623,4.15608562216442e-05,0.7164229979998709,0.00022699999954056693,1.0,50.0,-0.9,17.5,27.167134025045954,6000,50,50,9.649726680785342e-05,27.167134025045954,20,20,0.034397339899942384,1000,-14.5,0.31044339900017803,0.0001103671871747707,0.00033708622309371544,1000,-0.9,1000,-0.9,1000,1000,1.4778713217933627e-06,4.6107691947965835e-05,3.045051821370543e-05,1.4777874432433467e-05,0.0001643346085084782,2.7581183269536204e-05,3.0324293486314762e-05,6.490859763439771e-06,3.5145037437284794e-06,1.8078799552444715e-05,6.393553927924637e-06,6.400000529538374e-06,0.0818894989997716,0.20308420000037586,0.015738199999759672,2.27999998969608e-05,0.008498200000758516,0.00016169999980775174,0.0007643000008101808,3.3426739952134493e-06,1.8049632191086657e-05,5.4214279883294515e-06,6.468782682508398e-06,2.8459186134026974e-05,1.4652607309976857e-05,0.0001538840770896598,3.0125206165748624e-05,2.1475647909922826e-05,1.357579387306866e-06,4.487393182818003e-05
1,10000.0,False,2,08982_00000,2025-08-11_17-59-32,1754927972,4.759945631027222,9.73333191871643,105368,DESKTOP-3SK5A41,192.168.40.242,9.73333191871643,2,4.23927868125963,1.658499997574836e-05,4.239014021260618,3.7715739782400486,0.46363489302036215,0.0015112199999839503,50,50,1.0,4.166427844682831e-05,50.0,0.9000000000000005,9.93143516278737e-05,0.03750213224554391,0.03564535388999503,5000.0,27.16809333212661,0.00013209297346371927,0.009233077688639795,14.5,-5.5,200.0,27.16809333212661,100.0,10000.0,1313.3007089773853,1,0,0,0,0,0,13.200000000000001,87.98333333333333,0.000352440375002029,5000.0,0.00011568865643013676,5000.0,0.9000000000000005,10000.0,0.9000000000000005,10000.0,0,5100.0,112200,22000,56100,11957,5000.0,11000,860125.9821105945,169249.95112558044,169144.24645746258,0.24792837,2.0,1.0,167.18488,1.7919091,11957,0.051764006447,0.11171723,11000,0.2672383,-0.9663774,0.1744615,0.8168478012084961,0.0173008632398,0.09618288,1000.0,22000,169640.1801245206,4.083120588327354e-05,0.716352149009872,0.00022621199955210613,2.0,50.0,2.1,17.5,27.168093298253442,11000,50,50,9.498557213766492e-05,27.168093298253442,40,20,0.03424606992500685,1000,-16.5,0.30880806801017574,0.00010801280101464233,0.00033681998591943976,1000,2.1,2000,2.1,1000,2000,1.471833246339891e-06,4.744824565742044e-05,3.0196151965845645e-05,1.4515099003334164e-05,0.00016128656173314493,2.1990929567976336e-05,3.0209748967652415e-05,6.110971089225665e-06,3.4639402341704692e-06,1.7703960987840356e-05,6.193580928894861e-06,6.402000526577467e-06,0.08173438400976919,0.2016361800003688,0.015711259999770844,2.2815999900558383e-05,0.008493784000756932,0.00016176099980839352,0.0007632680008100579,3.190086822615906e-06,1.722125645005172e-05,5.2342184704430966e-06,6.315963397112209e-06,2.84063696862489e-05,1.5634099751344818e-05,0.0001524373558290533,2.9172404399756437e-05,2.1302859523498942e-05,1.475419955692796e-06,4.589139306197234e-05
1,-232500.0,False,3,08982_00000,2025-08-11_17-59-37,1754927977,4.9217305183410645,14.655062437057495,105368,DESKTOP-3SK5A41,192.168.40.242,14.655062437057495,3,4.238852032417037,1.65451499804476e-05,4.238585912018011,3.773588442437646,0.4611923100801544,0.001509142799985875,50,50,2.0,4.1992551880579485e-05,50.0,13.7,0.00013326330924980385,0.03743178533163596,0.03724088498001038,5000.0,27.16809333212661,0.00010734086898140864,0.010556595322209594,14.5,-5.5,-4650.0,27.16809333212661,100.0,-232500.0,1297.5048563394125,1,0,0,0,0,0,13.137500000000001,88.0,0.0003547890595100553,5000.0,0.00011651513690187602,5000.0,13.7,-232500.0,13.7,-232500.0,0,5100.0,168300,33000,56100,11957,5000.0,11000,856663.8136196508,168552.45611237182,168447.86020009563,0.41877037,3.0,1.0,127.05606,5.5856166,11957,0.051764006447,0.11171723,11000,0.6108671,0.026961803,0.27678812,1.2252717018127441,0.0173008632398,0.14188187,1000.0,33000,168927.85643461754,4.003830161361453e-05,0.7162884255197726,0.0002260018795564065,3.0,50.0,1.1,17.5,27.168093332125434,16000,50,50,9.3082337430058e-05,27.168093332125434,60,20,0.03420434661669181,1000,-16.5,0.30718102932007035,0.00010967595840839918,0.00033346572826864425,1000,1.1,3000,1.1,1000,3000,1.4540446923304941e-06,4.7663077374391176e-05,3.037024176908128e-05,1.4596309570642152e-05,0.00016271420506670412,2.2104275007400957e-05,3.037253806685836e-05,6.201415478686098e-06,3.4884711121601235e-06,1.779291619283115e-05,6.3112761870274694e-06,6.399980520473036e-06,0.08157742016967084,0.20019541920036554,0.015683742399771654,2.280983990031018e-05,0.008492199150744908,0.00016215338980864544,0.0007624223208040348,3.1760216039640085e-06,1.7844948158165528e-05,5.456157296497608e-06,6.201495980752304e-06,2.9141862139297562e-05,1.5223575650000012e-05,0.00015042973912429935,2.8972002436848523e-05,2.107532468892415e-05,1.4270176164650145e-06,4.6149208125972404e-05
1,-475000.0,False,4,08982_00000,2025-08-11_17-59-42,1754927982,4.943645000457764,19.59870743751526,105368,DESKTOP-3SK5A41,192.168.40.242,19.59870743751526,4,4.23851660906286,1.6498698486368083e-05,4.238249145867823,3.774161563993269,0.46027788796935437,0.0015117383719855852,50,50,3.0,4.163021765142473e-05,50.0,13.900000000000007,9.982001538806862e-05,0.03750722817072571,0.03579231198008527,5000.0,27.16809333212661,9.692995982485086e-05,0.011049163627633227,14.5,-5.5,-9500.0,27.16809333212661,100.0,-475000.0,1306.9528811570851,1,0,0,0,0,0,13.028571428571428,88.0,0.00035433237145803415,5000.0,0.0001159938398240716,5000.0,13.900000000000007,-475000.0,13.900000000000007,-475000.0,0,5100.0,224400,44000,56100,11957,5000.0,11000,852834.4479079307,167778.8600327023,167677.037913565,0.028729187,4.0,1.0,108.36121,1.8450432,11957,0.051764006447,0.11171723,11000,0.5197019,0.22645879,0.013899968,1.2252717018127441,0.0173008632398,-0.040674012,1000.0,44000,168136.18078238203,4.117752324972641e-05,0.7163618692645739,0.0002250708607578281,4.0,50.0,0.85,17.5,27.168093332126602,21000,50,50,9.561909030391764e-05,27.168093332126602,80,20,0.034348978712523605,1000,-16.5,0.3070771550268651,0.00011144379181619166,0.00033963305922934066,1000,0.85,4000,0.85,1000,4000,1.4596947877903175e-06,4.744829424782123e-05,3.0286581086773267e-05,1.4430818796217437e-05,0.00016288649100169392,2.1919288544197516e-05,3.049615372486014e-05,6.145049116675848e-06,3.4628572214029417e-06,1.7661786949632286e-05,6.169070830260451e-06,6.405980720775915e-06,0.08145344196797512,0.2002403920083631,0.01566121697577407,2.2801741503025367e-05,0.008490175159238028,0.00016222185590970275,0.0007617750975896342,3.2401017863141616e-06,1.8290560338628358e-05,5.30471869142214e-06,6.373398425887371e-06,2.906117159716278e-05,1.5237965917528734e-05,0.0001546546404446217,2.9965282846234385e-05,2.1271647946356464e-05,1.4080908853654917e-06,4.5701970300390235e-05
1,-717500.0,False,5,08982_00000,2025-08-11_17-59-47,1754927987,4.882861614227295,24.481569051742554,105368,DESKTOP-3SK5A41,192.168.40.242,24.481569051742554,5,4.237576698952229,1.645471150426845e-05,4.237308339389145,3.7756006153333366,0.4578998830896665,0.0015105259882709815,50,50,4.0,4.273133850221429e-05,50.0,13.900000000000007,0.00010212525676045695,0.03744366498193458,0.03661940298001355,5000.0,27.16809333212661,9.469365722675408e-05,0.01231173574892658,14.5,-5.5,-14350.0,27.16809333212661,100.0,-717500.0,1279.529996065163,1,0,0,0,0,0,13.314285714285715,88.01428571428572,0.00036223846987265524,5000.0,0.0001189183447605736,5000.0,13.900000000000007,-717500.0,13.900000000000007,-717500.0,0,5100.0,280500,55000,56100,11957,5000.0,11000,848712.8962480626,166948.7049580592,166850.3005020678,0.25398654,5.0,1.0,94.18615,5.5364466,11957,0.051764006447,0.11110371,11000,0.58793896,0.19736475,0.11107323,1.8379075527191162,0.0173008632398,0.067037225,1000.0,55000,167286.05549507396,4.1053895523080294e-05,0.7164317915619197,0.00022434815215275844,5.0,50.0,0.9,17.5,27.168093332126602,26000,50,50,9.637154590522864e-05,27.168093332126602,100,20,0.03443090496001787,1000,-16.5,0.3055043634766002,0.00011242067955896453,0.0003386993244934041,1000,0.9,5000,0.9,1000,5000,1.509441914753139e-06,4.880337909361973e-05,3.1178930365865815e-05,1.4863349753745188e-05,0.00016589452966180647,2.2651931725064384e-05,3.1012761104046155e-05,6.304542875213084e-06,3.567322938810225e-06,1.8233523598878772e-05,6.357800208590777e-06,6.411920919075765e-06,0.08132025954829679,0.19882364108828685,0.01563828780601089,2.2790724085059815e-05,0.008490073407649828,0.0001625466373421657,0.0007612953466145881,3.3837664073730404e-06,1.834193430884916e-05,5.348465123587631e-06,6.627957723302473e-06,2.9277013892566555e-05,1.518315715456728e-05,0.00015504424365783695,2.9731290369395836e-05,2.1198543543310546e-05,1.4117442800825485e-06,4.548282279653128e-05
1,-960000.0,False,6,08982_00000,2025-08-11_17-59-52,1754927992,5.0617547035217285,29.543323755264282,105368,DESKTOP-3SK5A41,192.168.40.242,29.543323755264282,6,4.238387079962702,1.6400164390084914e-05,4.2381179429952525,3.77727625918,0.45703520025877487,0.001509530728390164,50,50,5.0,4.2792531713793146e-05,50.0,13.7,0.0001029852766621687,0.03770341432361924,0.036868070999980775,5000.0,27.16809333212661,9.551557688904322e-05,0.01182763463908834,14.5,-5.5,-19200.0,27.16809333212661,100.0,-960000.0,1270.5738228878645,1,0,0,0,0,0,13.22857142857143,88.0,0.0003649911286827945,5000.0,0.00011995269480749381,5000.0,13.7,-960000.0,13.7,-960000.0,0,5100.0,336600,66000,56100,11957,5000.0,11000,844207.5468283448,166045.2071417563,165949.9192383347,1.563634,6.0,1.0,91.8293,14.371308,11957,0.051764006447,0.1108773,11000,0.45087397,0.19442964,0.67669785,2.7568612098693848,0.0173008632398,0.2668245,1000.0,66000,166361.70245949412,4.239139740779269e-05,0.7165469646462999,0.0002233686706334965,6.0,50.0,0.7,17.5,27.168093332126602,31000,50,50,9.7401795339735e-05,27.168093332126602,120,20,0.03454717498002537,1000,-16.5,0.3054231878418333,0.00011307665134536477,0.00034421955068398235,1000,0.7,6000,0.7,1000,6000,1.5137075147812523e-06,4.912750207714752e-05,3.1355489962012755e-05,1.493016892998541e-05,0.00016741114243510685,2.2630109470659397e-05,3.137995665564245e-05,6.286901842004131e-06,3.606305763385418e-06,1.8247774361381203e-05,6.406403805826773e-06,6.4098017090463515e-06,0.08118572995281599,0.1989024656774019,0.015614506927945004,2.277481684867619e-05,0.008488325673569275,0.00016274717096663495,0.0007605193931492566,3.4247629022231908e-06,1.8456558183503143e-05,5.5784026829146304e-06,6.487541113886359e-06,2.9229094055956387e-05,1.524616797536888e-05,0.00015601831429674386,3.0070199516289386e-05,2.202679966306272e-05,1.475179260250754e-06,4.577535026857507e-05
1,-1202500.0,False,7,08982_00000,2025-08-11_17-59-57,1754927997,4.934842586517334,34.478166341781616,105368,DESKTOP-3SK5A41,192.168.40.242,34.478166341781616,7,4.23781251215307,1.6359162745987206e-05,4.237542405555304,3.7790721595882,0.45466286524618327,0.0015088464210990956,50,50,6.0,4.29380247278412e-05,50.0,14.5,0.00010305507700139278,0.037892697930301845,0.036981422000026215,5000.0,27.16809333212661,9.586552749068979e-05,0.012644917341444396,14.5,14.5,-24050.0,27.16809333212661,100.0,-1202500.0,1264.6003350166473,1,0,0,0,0,0,13.542857142857144,87.98571428571428,0.0003659262002244759,5000.0,0.00012000079685666128,5000.0,14.5,-1202500.0,14.5,-1202500.0,0,5100.0,392700,77000,56100,11957,5000.0,11000,839872.1004248007,165174.3929791621,165081.96006239258,0.04437533,7.0,1.0,110.83901,1.658679,11957,0.051764006447,0.11171723,11000,0.29504886,0.22133905,0.0016233422,1.3784306049346924,0.0173008632398,-0.016358668,1000.0,77000,165470.54291677428,4.220807037801872e-05,0.7167730909898391,0.00022240998392223716,7.0,50.0,-0.7,17.5,27.168093332126602,36000,50,50,9.875103631229836e-05,27.168093332126602,140,20,0.034832507980017906,1000,-16.5,0.30384152895342054,0.00011203952742895094,0.00034548906824262703,1000,-0.7,7000,-0.7,1000,7000,1.5012008814270232e-06,4.926271933760726e-05,3.133755584112782e-05,1.5131305318784305e-05,0.00016745778337709036,2.288360834048089e-05,3.128347876942316e-05,6.467415051972202e-06,3.6444938072198284e-06,1.831556006610346e-05,6.418569492589845e-06,6.402703689424553e-06,0.0810453486432811,0.19749461902062096,0.015584981858666466,2.276206868021504e-05,0.008485127416838236,0.00016277069925928038,0.0007595491992174969,3.3584964196374083e-06,1.795559053014084e-05,5.4644633581152145e-06,6.7232926924708705e-06,2.899836399814811e-05,1.6090556234664834e-05,0.00015822177015989894,2.9838374092813318e-05,2.2151936058289757e-05,1.479698960978772e-06,4.546636947673682e-05
1,-1445000.0,False,8,08982_00000,2025-08-11_18-00-02,1754928002,5.0318238735198975,39.509990215301514,105368,DESKTOP-3SK5A41,192.168.40.242,39.509990215301514,8,4.238374863941546,1.6304571120866933e-05,4.238103534409747,3.780417969912312,0.45387733358371385,0.0015091329568907822,50,50,7.0,4.2667747247859886e-05,50.0,14.5,0.00010209976108008952,0.03778219344393269,0.03658041391998267,5000.0,27.16809333212661,9.471996119483603e-05,0.012033728298979949,14.5,14.5,-28900.0,27.16809333212661,100.0,-1445000.0,1277.791816027544,1,0,0,0,0,0,13.342857142857143,87.89999999999999,0.0003616207016795198,5000.0,0.00011868898417038901,5000.0,14.5,-1445000.0,14.5,-1445000.0,0,5100.0,448800,88000,56100,11957,5000.0,11000,836339.9335806461,164459.85432818698,164370.55378315155,0.09145851,8.0,1.0,122.14587,0.43757236,11957,0.051764006447,0.11171723,11000,0.1621954,0.111171484,0.02316866,1.3784306049346924,0.0173008632398,0.00096497504,1000.0,88000,164734.335919834,4.188260101414214e-05,0.7168307430699408,0.00022209988408704998,8.0,50.0,-0.9,17.5,27.168093332126602,41000,50,50,9.788662628594675e-05,27.168093332126602,160,20,0.034947219969990326,1000,-16.5,0.30384043065388033,0.00011202044767863308,0.00034132723047840724,1000,-0.9,8000,-0.9,1000,8000,1.4932341158518334e-06,4.876312194057676e-05,3.102689107323066e-05,1.478457453972359e-05,0.00016586479827875017,2.2483713311655766e-05,3.095918613529719e-05,6.2803962406538e-06,3.576866119761101e-06,1.8174893744811085e-05,6.353131278029006e-06,6.395676649998973e-06,0.08092919615685146,0.19760299982041968,0.01559215604007384,2.2743447993226275e-05,0.008484597142673763,0.00016284499226625578,0.0007590237072267987,3.288815172111666e-06,1.8318563175933232e-05,5.578845294995783e-06,6.426661970278724e-06,2.882317772141067e-05,1.5532344249316603e-05,0.00015517390805569556,3.0330746256231695e-05,2.1876105111459506e-05,1.5622919223602996e-06,4.524833941850332e-05
1,-1687500.0,False,9,08982_00000,2025-08-11_18-00-07,1754928007,4.871937990188599,44.38192820549011,105368,DESKTOP-3SK5A41,192.168.40.242,44.38192820549011,9,4.237523861122135,1.626052540628827e-05,4.237251897885653,3.781906087043188,0.45153962423788213,0.001507270627318374,50,50,8.0,4.2902024896942814e-05,50.0,14.3,0.00010253984163630259,0.03779372513551455,0.03675096482998924,5000.0,27.16809333212661,9.438475919464097e-05,0.012702479733847962,14.5,-5.5,-33750.0,27.16809333212661,100.0,-1687500.0,1273.7892712275423,1,0,0,0,0,0,12.857142857142858,87.89999999999999,0.000363509296944971,5000.0,0.00011951034534408638,5000.0,14.3,-1687500.0,14.3,-1687500.0,0,5100.0,504900,99000,56100,11957,5000.0,11000,833042.1598051179,163792.60185634735,163705.5251659393,0.109759785,9.0,1.0,79.65123,0.6474445,11957,0.051764006447,0.101216994,11000,0.10443709,-0.37841713,0.012228956,1.3784306049346924,0.0173008632398,0.039114106,1000.0,99000,164047.59780388922,3.998674942046174e-05,0.7167058355892487,0.0002210948852376524,9.0,50.0,-1.3,17.5,27.168093332126602,46000,50,50,9.487568217497757e-05,27.168093332126602,180,20,0.034761444919995485,1000,-16.5,0.3022882393373445,0.00010852889748596112,0.00033247516531062423,1000,-1.3,9000,-1.3,1000,9000,1.4899318742134732e-06,4.902513978018228e-05,3.115949741641737e-05,1.479378645408848e-05,0.0001665637112866794,2.2677696253415667e-05,3.1134365229621385e-05,6.388353484317944e-06,3.6007943195187147e-06,1.8292777705550905e-05,6.424826435623594e-06,6.385719885409009e-06,0.0807851231952761,0.1962047608122162,0.015578424479669947,2.2709013509509814e-05,0.008488782171253824,0.0001628515423423074,0.000758571470155381,3.25514151498398e-06,1.7337375139775723e-05,5.547811557051854e-06,6.2576903756354845e-06,2.820585901138903e-05,1.5007203024269894e-05,0.00015110041761866576,2.9521457333740316e-05,2.1186251236554845e-05,1.4865747791669728e-06,4.403188599555974e-05
1,-1930000.0,False,10,08982_00000,2025-08-11_18-00-12,1754928012,4.955197811126709,49.33712601661682,105368,DESKTOP-3SK5A41,192.168.40.242,49.33712601661682,10,4.237418480240921,1.6217920147374945e-05,4.237145145636793,3.782688137922751,0.4506534989755033,0.0015056389210461568,50,50,9.0,4.243317969509068e-05,50.0,14.3,0.00010032847175380124,0.03755445186257033,0.03606762379001339,5000.0,27.16809333212661,9.347294921913373e-05,0.011814939084796496,14.5,-5.5,-38600.0,27.16809333212661,100.0,-1930000.0,1288.8154576947275,1,0,0,0,0,0,12.842857142857143,87.95714285714284,0.00035760284863166,5000.0,0.00011697164932288066,5000.0,14.3,-1930000.0,14.3,-1930000.0,0,5100.0,561000,110000,56100,11957,5000.0,11000,829765.6845930981,163130.84470508958,163045.46170910468,0.03445617,10.0,1.0,262.1925,0.27281043,11957,0.051764006447,0.11171723,11000,0.21640508,-0.055253386,0.0008293576,0.6892153024673462,0.0173008632398,-0.024306303,1000.0,110000,163368.96247924946,4.061728827660723e-05,0.7166722001933614,0.000220092936387112,10.0,50.0,-2.1,17.5,27.168093332126602,51000,50,50,9.319890331535323e-05,27.168093332126602,200,20,0.03467033088999415,1000,-14.5,0.3021653169339709,0.00010811801815011338,0.00033309574468751017,1000,-2.1,10000,-2.1,1000,10000,1.460542260340637e-06,4.799213581542534e-05,3.084474124129439e-05,1.4706645307194664e-05,0.00016383914976522817,2.239641202870221e-05,3.055815594495313e-05,6.243582539535292e-06,3.4955134560858205e-06,1.7849546102680686e-05,6.2555526874398675e-06,6.373862691425853e-06,0.0806617129633264,0.19623627519408743,0.0155499832348679,2.2686923371054967e-05,0.008485154349538487,0.00016296802691845766,0.000759225755460308,3.1493929200003443e-06,1.7640476727394784e-05,5.378254175807538e-06,6.397949831621916e-06,2.8012287336886308e-05,1.4907206875578386e-05,0.00015346524979101823,2.876302376109062e-05,2.0920993205871123e-05,1.3937693225624815e-06,4.42921267149245e-05
1,-2172500.0,False,11,08982_00000,2025-08-11_18-00-17,1754928017,4.775310516357422,54.11243653297424,105368,DESKTOP-3SK5A41,192.168.40.242,54.11243653297424,11,4.235475701408514,1.6165740937665394e-05,4.2352017961504265,3.7830647925135197,0.4483354869857435,0.0015040005318434273,50,50,10.0,4.172692498033788e-05,50.0,14.099999999999993,9.964563093684636e-05,0.03710055045803049,0.03571259596999882,5000.0,27.16809333212661,9.169802432934773e-05,0.012442400217419759,14.5,-5.5,-43450.0,27.16809333212661,100.0,-2172500.0,1308.1985347043862,1,0,0,0,0,0,12.528571428571427,87.89999999999999,0.0003535551677555644,5000.0,0.00011581756224686677,5000.0,14.099999999999993,-2172500.0,14.099999999999993,-2172500.0,0,5100.0,617100,121000,56100,11957,5000.0,11000,826680.818353063,162506.98879693684,162424.3880020688,0.09213612,11.0,1.0,364.8409,0.651379,11957,0.051764006447,0.11171723,11000,0.15076274,0.20842695,0.024527933,0.6892153024673462,0.0173008632398,0.016476173,1000.0,121000,162729.10611228604,4.2179569231580814e-05,0.7166743511814331,0.0002191920070267799,11.0,50.0,-2.3,17.5,27.168093332126602,56000,50,50,9.712769638330381e-05,27.168093332126602,220,20,0.03456595188001302,1000,-14.5,0.30061716976463326,0.00011244201727663755,0.0003429750484060308,1000,-2.3,11000,-2.3,1000,11000,1.4400400976291854e-06,4.7641852521997915e-05,3.029686615960437e-05,1.4435282891725388e-05,0.00016212711123095896,2.193372913651704e-05,3.0276086475125034e-05,6.165461557569332e-06,3.4460113355463187e-06,1.7649839423856864e-05,6.224894838433791e-06,6.361124070862981e-06,0.08052002183369261,0.19486620044214456,0.015516596402516845,2.2654054132079766e-05,0.008482342806049703,0.0001630533466477853,0.000758843497900007,3.3125160444748715e-06,1.841257841788348e-05,5.406263335668861e-06,6.34728478708271e-06,2.9028850338484292e-05,1.5364380720288694e-05,0.00015557520092226215,3.047432084402677e-05,2.206945134825319e-05,1.4067700319217326e-06,4.688861218106889e-05
1,-2415000.0,False,12,08982_00000,2025-08-11_18-00-22,1754928022,4.954807281494141,59.067243814468384,105368,DESKTOP-3SK5A41,192.168.40.242,59.067243814468384,12,4.234934221344426,1.611308352153339e-05,4.23465913513892,3.7848077665383784,0.4460498991158839,0.0015041165265244718,50,50,11.0,4.181024997997946e-05,50.0,14.099999999999993,0.00013321131191915137,0.03709463212851249,0.037111650949982505,5000.0,27.16809333212661,9.070867359669763e-05,0.011785060284927342,14.5,-5.5,-48300.0,27.16809333212661,100.0,-2415000.0,1302.8746713044975,1,0,0,0,0,0,12.857142857142858,87.89999999999999,0.0003536957459957367,5000.0,0.00011588309937211938,5000.0,14.099999999999993,-2415000.0,14.099999999999993,-2415000.0,0,5100.0,673200,132000,56100,11957,5000.0,11000,822963.206807131,161758.99342135174,161679.40175234756,0.06937463,12.0,1.0,302.18387,0.3713974,11957,0.051764006447,0.11171723,11000,0.1345698,0.19802487,0.0034419745,0.3446076512336731,0.0173008632398,0.007967267,1000.0,132000,161965.87450325204,4.151772101482156e-05,0.7170867436496138,0.00021842608696450786,12.0,50.0,-2.3,17.5,27.168093332126602,61000,50,50,9.553314964760096e-05,27.168093332126602,240,20,0.03474624986999515,1000,-14.5,0.2990638440669889,0.0001110646675965795,0.0003388460153043029,1000,-2.3,12000,-2.3,1000,12000,1.4361419668450266e-06,4.7541004146754694e-05,3.0327305381952154e-05,1.4540000755342643e-05,0.00016205938797548801,2.198141715231897e-05,3.0245438034488597e-05,6.145224371691702e-06,3.4687795548791057e-06,1.7733028665434993e-05,6.182777476377126e-06,6.350512824449884e-06,0.08038245361535992,0.1934910854377267,0.015480697438491712,2.2628513593321037e-05,0.008478139377988024,0.00016309181318425588,0.0007582780629193053,3.2487199170952294e-06,1.766669262888761e-05,5.331130167967674e-06,6.491403326027121e-06,2.9517431006132005e-05,1.4782054266226609e-05,0.0001537066892304486,2.9985669532394748e-05,2.1428525707255548e-05,1.5070927778343428e-06,4.649985323598034e-05
1,-2657500.0,False,13,08982_00000,2025-08-11_18-00-27,1754928027,4.916301250457764,63.98354506492615,105368,DESKTOP-3SK5A41,192.168.40.242,63.98354506492615,13,4.234503189030984,1.6051952683791846e-05,4.234227545687537,3.785245246782998,0.4451823031147194,0.0015030573612596235,50,50,12.0,4.183619196353517e-05,50.0,13.7,9.976104128858518e-05,0.037527662045785413,0.03580984691997402,5000.0,27.16809333212661,9.047507776186156e-05,0.011807282504658288,14.5,-5.5,-53150.0,27.16809333212661,100.0,-2657500.0,1303.3560981634284,1,0,0,0,0,0,14.62857142857143,87.89999999999999,0.0003544777077174081,5000.0,0.00011581777341733868,5000.0,13.7,-2657500.0,13.7,-2657500.0,0,5100.0,729300,143000,56100,11957,5000.0,11000,819809.4383485095,161122.11333152876,161044.4783201757,0.10754303,13.0,1.0,282.733,0.10964044,11957,0.051764006447,0.11171723,11000,0.18870924,0.2194786,0.0048618135,0.17230382561683655,0.0173008632398,0.04776919,1000.0,143000,161315.5416635508,4.004574281328637e-05,0.7170125682031178,0.0002175108260897262,13.0,50.0,-2.1,17.5,27.168093332126602,66000,50,50,9.251754822178108e-05,27.168093332126602,260,20,0.03462850486999741,1000,-14.5,0.2989502766163263,0.00011023317657275713,0.0003323008479505217,1000,-2.1,13000,-2.1,1000,13000,1.4637488647069037e-06,4.754447217644386e-05,3.0301913659289373e-05,1.4518942952515269e-05,0.00016251880812827684,2.224168449378772e-05,3.0217358888340587e-05,6.181326837412446e-06,3.4975170831021414e-06,1.7619444179411336e-05,6.217264876104043e-06,6.3410076890204645e-06,0.08025142107920208,0.19354333357334522,0.015447090464100928,2.2662228454457653e-05,0.008476957984206257,0.00016323489505452825,0.0007577192822960252,3.2613776075572054e-06,1.7608186592701253e-05,5.231181113769558e-06,6.423656738773671e-06,2.9057155721892137e-05,1.5061377833771088e-05,0.00015190188593953833,2.918060067580143e-05,2.094246760498669e-05,1.6441645546652796e-06,4.453683601845136e-05
1,-2900000.0,False,14,08982_00000,2025-08-11_18-00-31,1754928031,4.7851784229278564,68.768723487854,105368,DESKTOP-3SK5A41,192.168.40.242,68.768723487854,14,4.2327642470006674,1.6003433154852165e-05,4.232487889090664,3.7858107231851714,0.44288013107357654,0.0015012497876433146,50,50,13.0,4.191563146994206e-05,50.0,13.900000000000007,9.991001218612208e-05,0.03712185587236552,0.03590911787994629,5000.0,27.16809333212661,9.073763317329576e-05,0.012392033264669122,14.5,-5.5,-58000.0,27.16809333212661,100.0,-2900000.0,1302.9520097280586,1,0,0,0,0,0,13.085714285714285,87.94285714285715,0.0003559687744600659,5000.0,0.00011639650003450347,5000.0,13.900000000000007,-2900000.0,13.900000000000007,-2900000.0,0,5100.0,785400,154000,56100,11957,5000.0,11000,816985.1270795697,160553.25768742652,160475.49011352172,0.10087404,14.0,1.0,288.73187,0.58049184,11957,0.051764006447,0.11171723,11000,0.16821842,0.2005986,0.02955317,0.258455753326416,0.0173008632398,0.037328977,1000.0,154000,160734.06184361444,4.129972048009407e-05,0.7169443654910915,0.000216583717827497,14.0,50.0,-1.7,17.5,27.168093332126602,71000,50,50,9.460591710896994e-05,27.168093332126602,280,20,0.03467658689000018,1000,-14.5,0.29738987385015875,0.00010704129760065074,0.00033207822719791193,1000,-1.7,14000,-1.7,1000,14000,1.4834403411419258e-06,4.7722100686108304e-05,3.05554615244283e-05,1.4549319455590305e-05,0.00016310485615532758,2.2300166110500006e-05,3.050476764106045e-05,6.177265318081598e-06,3.4980348355490163e-06,1.7749267213053465e-05,6.264570223976737e-06,6.330597606425793e-06,0.08011261686840895,0.19217929023760727,0.015394782559461301,2.2634606175436053e-05,0.008472058404363766,0.00016319254610565296,0.0007570620894692361,3.123837787195239e-06,1.6951553163476143e-05,5.2722060030806155e-06,6.400616550956489e-06,2.7874541825929468e-05,1.5330834828131958e-05,0.00014976143221202953,2.9705737024499642e-05,2.2144461919804568e-05,1.465514247329972e-06,4.3644392137659974e-05
1,-3142500.0,False,15,08982_00000,2025-08-11_18-00-36,1754928036,4.946995735168457,73.71571922302246,105368,DESKTOP-3SK5A41,192.168.40.242,73.71571922302246,15,4.232699063360662,1.5957398818240975e-05,4.2324213870297624,3.7863633228033193,0.44225776374283926,0.0015029542897654887,50,50,14.0,4.195108522762424e-05,50.0,13.7,0.00010003590992790752,0.03704596561266367,0.03591468687992348,5000.0,27.16809333212661,9.123030387884252e-05,0.0117048297870252,14.5,-5.5,-62850.0,27.16809333212661,100.0,-3142500.0,1301.5388197827542,1,0,0,0,0,0,13.3,88.0,0.00035537342734710673,5000.0,0.00011635269638699195,5000.0,13.7,-3142500.0,13.7,-3142500.0,0,5100.0,841500,165000,56100,11957,5000.0,11000,811774.8378924933,159518.09737269062,159440.74328882646,0.10659937,15.0,1.0,288.54785,1.897937,11957,0.051764006447,0.11171723,11000,0.43342206,0.18509948,0.056758348,0.387683629989624,0.0173008632398,0.038065147,1000.0,165000,159687.60890057357,3.986727135779793e-05,0.7168434548061778,0.00021562188064936546,15.0,50.0,-1.1,17.5,27.168093332126602,76000,50,50,9.645404131381956e-05,27.168093332126602,300,20,0.03460823490000621,1000,-14.5,0.297344032101661,0.0001050705023585415,0.0003313583716339365,1000,-1.1,15000,-1.1,1000,15000,1.467406096904519e-06,4.769152975847187e-05,3.0465218582053408e-05,1.4568696927079965e-05,0.0001630442077881231,2.2080726967652334e-05,3.0421267399308837e-05,6.182622727160546e-06,3.5361169782054346e-06,1.7755360731639037e-05,6.290777224747044e-06,6.3232916293106545e-06,0.07998817869972806,0.19228028032523803,0.015376906733871475,2.2610260114763308e-05,0.00846795882032656,0.000163285620646494,0.0007562904685770457,3.1032286657955608e-06,1.6738691693572256e-05,5.159089656172999e-06,6.177121854758966e-06,2.7525969357384802e-05,1.564597628906877e-05,0.00014740197315358435,2.9626743272047284e-05,2.2366340552388558e-05,1.6171634742511042e-06,4.4456051417243024e-05
1,-3385000.0,False,16,08982_00000,2025-08-11_18-00-41,1754928041,4.76453423500061,78.48025345802307,105368,DESKTOP-3SK5A41,192.168.40.242,78.48025345802307,16,4.230768958507056,1.591782482520812e-05,4.230490110939463,3.7866910753652823,0.4400006530954108,0.0015010657468763789,50,50,15.0,4.1653767367043114e-05,50.0,13.7,9.990382987370396e-05,0.03687649089426815,0.03569453582997994,5000.0,27.16809333212661,9.060622459745476e-05,0.01246997880040425,14.5,-5.5,-67700.0,27.16809333212661,100.0,-3385000.0,1307.953762737491,1,0,0,0,0,0,13.285714285714288,87.92857142857143,0.00035330015144761424,5000.0,0.00011575531093866264,5000.0,13.7,-3385000.0,13.7,-3385000.0,0,5100.0,897600,176000,56100,11957,5000.0,11000,808127.4754101948,158790.47433942242,158713.8167686507,0.08419433,16.0,1.0,275.2069,0.036787976,11957,0.051764006447,0.11171723,11000,0.30626932,0.16466123,0.0013699655,0.193841814994812,0.0173008632398,0.027598679,1000.0,176000,158949.1198993871,4.131279768544327e-05,0.716778252218116,0.00021466866184449568,16.0,50.0,-0.5,17.5,27.168093332126602,81000,50,50,9.480025645210342e-05,27.168093332126602,320,20,0.03454722988000867,1000,-14.5,0.29582411878063863,0.00011071956782260162,0.00034032586629694514,1000,-0.5,16000,-0.5,1000,16000,1.4623757344904878e-06,4.7352858249154386e-05,3.0254741116933927e-05,1.455462258231461e-05,0.00016226035608738165,2.19727811952108e-05,3.0131338714619036e-05,6.140935465033459e-06,3.483702295420163e-06,1.7687096860867687e-05,6.2686157731938985e-06,6.312058708793534e-06,0.07985487491273109,0.19092849352198915,0.015348242666530109,2.25711575187142e-05,0.008462619232116247,0.00016329276444043591,0.000755570563892302,3.1306345363551614e-06,1.831515431922366e-05,5.320017689623843e-06,6.485469102893668e-06,2.8712903181862452e-05,1.5054864462510823e-05,0.00015504934735287174,3.0021361852588216e-05,2.192707795174439e-05,1.404402649165132e-06,4.5893393833573266e-05
1,-3627500.0,False,17,08982_00000,2025-08-11_18-00-46,1754928046,4.931012153625488,83.41126561164856,105368,DESKTOP-3SK5A41,192.168.40.242,83.41126561164856,17,4.230502509721994,1.587464657802741e-05,4.230222884630062,3.787257574421625,0.4391689185544545,0.001499182089400507,50,50,16.0,4.1800226307829606e-05,50.0,11.900000000000007,0.00010020287957345971,0.03684969883706464,0.035940897809987285,5000.0,27.16809333212661,9.156229533766188e-05,0.011739611372364157,14.5,-5.5,-72550.0,27.16809333212661,100.0,-3627500.0,1303.1797150617065,1,0,0,0,0,0,13.242857142857142,87.91428571428571,0.00035576037950278027,5000.0,0.0001165329228722719,5000.0,11.900000000000007,-3627500.0,11.900000000000007,-3627500.0,0,5100.0,953700,187000,56100,11957,5000.0,11000,805672.4113843103,158297.92866911326,158221.21677011866,0.17582725,17.0,1.0,246.74423,0.55705196,11957,0.051764006447,0.11171723,11000,0.10082276,0.12765658,0.15049383,0.290762722492218,0.0173008632398,0.087036304,1000.0,187000,158444.63199482774,4.0585673905495635e-05,0.7167378286759405,0.00021376697522916018,17.0,50.0,-0.7,17.5,27.168093332126602,86000,50,50,9.420211447958283e-05,27.168093332126602,340,20,0.034108399880033176,1000,-16.5,0.2957214875828338,0.00010988810046362839,0.00033576929641390257,1000,-0.7,17000,-0.7,1000,17000,1.4797998408927611e-06,4.763913013247733e-05,3.039529089589551e-05,1.4584225900627214e-05,0.000163471963291567,2.212951915689543e-05,3.039744523813254e-05,6.215135854082285e-06,3.4938833829309373e-06,1.7742073432314307e-05,6.309224758464161e-06,6.299938128056986e-06,0.0797275091636078,0.19099921357676972,0.015306477239864578,2.2544445939955084e-05,0.00845946903979083,0.0001632938367962262,0.0007545878582539504,3.1966713630179107e-06,1.7573447507272052e-05,5.202231064029219e-06,6.3661527948380084e-06,2.89386622942595e-05,1.546249745269397e-05,0.00015173002595590232,2.93918507031807e-05,2.128045461697824e-05,1.4461150078409554e-06,4.5442171859514903e-05
1,-3870000.0,False,18,08982_00000,2025-08-11_18-00-51,1754928051,4.765097141265869,88.17636275291443,105368,DESKTOP-3SK5A41,192.168.40.242,88.17636275291443,18,4.228564019484778,1.5822900108452693e-05,4.2282836736437615,3.7874981265474097,0.43699177635890873,0.0014975592685049217,50,50,17.0,4.157829529533359e-05,50.0,13.099999999999993,9.925177833627499e-05,0.036810945745499125,0.03562950286999694,5000.0,27.16809333212661,9.173703671940193e-05,0.01235737188707158,14.5,-5.5,-77400.0,27.16809333212661,100.0,-3870000.0,1310.698690709235,1,0,0,0,0,0,14.114285714285714,87.92857142857142,0.00035273408321491846,5000.0,0.00011567678513863341,5000.0,13.099999999999993,-3870000.0,13.099999999999993,-3870000.0,0,5100.0,1009800,198000,56100,11957,5000.0,11000,803050.2978140607,157771.63755330982,157695.72926825512,0.14694001,18.0,1.0,255.7731,0.853324,11957,0.051764006447,0.111203074,11000,0.16808192,0.09415722,0.074086316,0.436144083738327,0.0173008632398,0.067225575,1000.0,198000,157907.07349051893,4.042676322900568e-05,0.7167037063591833,0.0002128523054761682,18.0,50.0,-0.9,17.5,27.168093332126602,91000,50,50,9.346459978464143e-05,27.168093332126602,360,20,0.03414558686005876,1000,-16.5,0.2942376666970052,0.00011066234272903267,0.0003325532926481232,1000,-0.9,18000,-0.9,1000,18000,1.4543109978615938e-06,4.739075711656887e-05,3.0224135275609515e-05,1.4505850049785382e-05,0.00016180973779439622,2.1866700874943637e-05,3.0261822581102043e-05,6.124600196023459e-06,3.5049188950257347e-06,1.7543544699115407e-05,6.21402961006283e-06,6.28693874551331e-06,0.07959542407197143,0.1896759724309983,0.015280833467463345,2.251900147550311e-05,0.008456630349392508,0.00016351489843017687,0.0007543169796695279,3.3181923486269298e-06,1.792386688526191e-05,5.29809547532777e-06,6.449419648840529e-06,2.8521772321584656e-05,1.4814357639199936e-05,0.0001519857768729542,2.9138147975723354e-05,2.0856952682804283e-05,1.3554563561077897e-06,4.422958260687427e-05
1,-4112500.0,False,19,08982_00000,2025-08-11_18-00-56,1754928056,4.8999128341674805,93.07627558708191,105368,DESKTOP-3SK5A41,192.168.40.242,93.07627558708191,19,4.2280743501699325,1.5971671107616246e-05,4.227792462787329,3.787756799171935,0.43624150158531705,0.0014994396758218804,50,50,18.0,4.155503269983308e-05,50.0,14.099999999999993,9.907135157408728e-05,0.036722735166539004,0.03563467390003096,5000.0,27.16809333212661,9.085837303446647e-05,0.011755479876337243,14.5,-5.5,-82250.0,27.16809333212661,100.0,-4112500.0,1311.1007215786678,1,0,0,0,0,0,13.12857142857143,87.89999999999999,0.0003531443388139617,5000.0,0.00011579221410163531,5000.0,14.099999999999993,-4112500.0,14.099999999999993,-4112500.0,0,5100.0,1065900,209000,56100,11957,5000.0,11000,800913.3302397279,157340.41117061637,157266.11845136178,0.073087074,19.0,1.0,305.61526,0.2687298,11957,0.051764006447,0.11171723,11000,0.068159685,-1.0,0.012916698,0.436144083738327,0.0173008632398,0.007269504,1000.0,209000,157464.10259895885,3.9891084153311945e-05,0.7166042692655876,0.0002119077824238742,19.0,50.0,-1.3,17.5,27.168093332126602,96000,50,50,9.17348472698711e-05,27.168093332126602,380,20,0.03412244986005135,1000,-16.5,0.2942029840200357,0.00010956264251507911,0.0003310995838635742,1000,-1.3,19000,-1.3,1000,19000,1.453107281364557e-06,4.7428998872618835e-05,3.0301625986511216e-05,1.4516711216783654e-05,0.000161912359279448,2.1978520974027348e-05,3.017763710118324e-05,6.118448097297268e-06,3.4550991140505456e-06,1.7616068255860313e-05,6.258785250228591e-06,6.277069361448656e-06,0.07946588282125538,0.18982451670669126,0.015231111132787876,2.2512811463946822e-05,0.008452669045901416,0.0001635107494505111,0.0007539418098656491,3.1765686278376042e-06,1.7742321178439764e-05,5.628189087644723e-06,6.320985377078775e-06,2.853028635338305e-05,1.4773966186891059e-05,0.00015281496888674338,2.955192188704672e-05,2.045407903002661e-05,1.3660089966514788e-06,4.3966321192214094e-05
1,-4355000.0,True,20,08982_00000,2025-08-11_18-01-01,1754928061,4.770259141921997,97.8465347290039,105368,DESKTOP-3SK5A41,192.168.40.242,97.8465347290039,20,4.226214001548236,1.5913954391052965e-05,4.22593175003945,3.788128775070213,0.43400991055946475,0.0014996282790686428,50,50,19.0,4.174772651477834e-05,50.0,13.5,9.989625051612357e-05,0.036739608208235734,0.03575943388997985,5000.0,27.16809333212661,9.134998684393876e-05,0.01236384648307011,14.5,-5.5,-87100.0,27.16809333212661,100.0,-4355000.0,1307.44196051798,1,0,0,0,0,0,12.87142857142857,87.89999999999999,0.00035380953090765726,5000.0,0.00011602461782172808,5000.0,13.5,-4355000.0,13.5,-4355000.0,0,5100.0,1122000,220000,56100,11957,5000.0,11000,799894.6857112643,157129.2125681066,157057.00571253605,0.07458817,20.0,1.0,647.1317,0.17760758,11957,0.051764006447,0.11171723,11000,0.1938142,-0.10555458,0.016089562,0.436144083738327,0.0173008632398,0.009560694,1000.0,220000,157240.79590982245,4.013932458524737e-05,0.7165841965429289,0.00021096270459871775,20.0,50.0,-1.7,17.5,27.168093332126602,101000,50,50,9.245512480944588e-05,27.168093332126602,400,20,0.03420072086004439,1000,-16.5,0.29269548417983215,0.00010898903169000271,0.0003343837833847808,1000,-1.7,20000,-1.7,1000,20000,1.4731037404538976e-06,4.754954562457095e-05,3.0302487095635774e-05,1.4515755605344608e-05,0.00016210334246661727,2.2019713175199245e-05,3.0205035335949745e-05,6.193000852468127e-06,3.4890547791495705e-06,1.7606504926022177e-05,6.2927955455302735e-06,6.2682986697441954e-06,0.07933647899304636,0.18850340753961695,0.01517904802146792,2.247568334383048e-05,0.008448505355439707,0.0001634796419551395,0.0007532843917648513,3.146420353539703e-06,1.7450722477368053e-05,5.234023118515599e-06,6.372758087108165e-06,2.909047278177804e-05,1.4809994728521944e-05,0.0001505279435439163,2.938258154973791e-05,2.1311618526040573e-05,1.4596218727985648e-06,4.573802835760971e-05
