num_training_step_calls_per_iteration,num_env_steps_sampled_lifetime,done,training_iteration,trial_id,date,timestamp,time_this_iter_s,time_total_s,pid,hostname,node_ip,time_since_restore,iterations_since_restore,timers/training_iteration,timers/restore_env_runners,timers/training_step,timers/env_runner_sampling_timer,timers/learner_update_timer,timers/synch_weights,env_runners/num_episodes,env_runners/weights_seq_no,env_runners/num_episodes_lifetime,env_runners/sample,env_runners/rlmodule_inference_timer,env_runners/episode_return_max,env_runners/episode_len_mean,env_runners/time_between_sampling,env_runners/env_step_timer,env_runners/env_to_module_sum_episodes_length_out,env_runners/env_reset_timer,env_runners/episode_duration_sec_mean,env_runners/episode_len_min,env_runners/episode_return_mean,env_runners/episode_return_min,env_runners/episode_len_max,env_runners/num_env_steps_sampled,env_runners/env_to_module_sum_episodes_length_in,env_runners/num_env_steps_sampled_lifetime,env_runners/num_env_steps_sampled_lifetime_throughput,evaluation/num_healthy_workers,evaluation/actor_manager_num_outstanding_async_reqs,evaluation/num_remote_worker_restarts,fault_tolerance/num_healthy_workers,fault_tolerance/num_remote_worker_restarts,env_runner_group/actor_manager_num_outstanding_async_reqs,perf/cpu_util_percent,perf/ram_util_percent,env_runners/num_agent_steps_sampled/default_agent,env_runners/num_agent_steps_sampled_lifetime/default_agent,env_runners/env_to_module_connector/connector_pipeline_timer,env_runners/num_module_steps_sampled/default_policy,env_runners/agent_episode_returns_mean/default_agent,env_runners/module_to_env_connector/connector_pipeline_timer,env_runners/num_module_steps_sampled_lifetime/default_policy,env_runners/module_episode_returns_mean/default_policy,learners/__all_modules__/num_env_steps_trained_lifetime,learners/__all_modules__/learner_connector_sum_episodes_length_in,learners/__all_modules__/num_env_steps_trained,learners/__all_modules__/num_module_steps_trained,learners/__all_modules__/num_non_trainable_parameters,learners/__all_modules__/num_module_steps_trained_lifetime,learners/__all_modules__/num_trainable_parameters,learners/__all_modules__/learner_connector_sum_episodes_length_out,learners/__all_modules__/num_env_steps_trained_lifetime_throughput,learners/__all_modules__/num_module_steps_trained_throughput,learners/__all_modules__/num_module_steps_trained_lifetime_throughput,learners/default_policy/gradients_default_optimizer_global_norm,learners/default_policy/weights_seq_no,learners/default_policy/num_module_steps_trained_lifetime,learners/default_policy/num_trainable_parameters,learners/default_policy/diff_num_grad_updates_vs_sampler_policy,learners/default_policy/policy_loss,learners/default_policy/default_optimizer_learning_rate,learners/default_policy/vf_explained_var,learners/default_policy/vf_loss,learners/default_policy/vf_loss_unclipped,learners/default_policy/curr_entropy_coeff,learners/default_policy/module_train_batch_size_mean,learners/default_policy/num_module_steps_trained,learners/default_policy/total_loss,learners/default_policy/mean_kl_loss,learners/default_policy/entropy,learners/default_policy/curr_kl_coeff,learners/default_policy/num_module_steps_trained_lifetime_throughput,evaluation/env_runners/episode_return_mean,evaluation/env_runners/num_episodes_lifetime,evaluation/env_runners/rlmodule_inference_timer,evaluation/env_runners/env_to_module_sum_episodes_length_out,evaluation/env_runners/num_episodes,evaluation/env_runners/episode_return_max,evaluation/env_runners/env_reset_timer,evaluation/env_runners/episode_len_min,evaluation/env_runners/episode_return_min,evaluation/env_runners/episode_len_max,evaluation/env_runners/env_to_module_sum_episodes_length_in,evaluation/env_runners/num_env_steps_sampled_lifetime,evaluation/env_runners/sample,evaluation/env_runners/episode_duration_sec_mean,evaluation/env_runners/num_env_steps_sampled,evaluation/env_runners/weights_seq_no,evaluation/env_runners/episode_len_mean,evaluation/env_runners/env_step_timer,learners/__all_modules__/learner_connector/connector_pipeline_timer,evaluation/env_runners/env_to_module_connector/connector_pipeline_timer,evaluation/env_runners/num_module_steps_sampled/default_policy,evaluation/env_runners/module_to_env_connector/connector_pipeline_timer,evaluation/env_runners/module_episode_returns_mean/default_policy,evaluation/env_runners/agent_episode_returns_mean/default_agent,evaluation/env_runners/num_module_steps_sampled_lifetime/default_policy,evaluation/env_runners/num_agent_steps_sampled/default_agent,evaluation/env_runners/num_agent_steps_sampled_lifetime/default_agent,env_runners/env_to_module_connector/timers/connectors/add_states_from_episodes_to_batch,env_runners/env_to_module_connector/timers/connectors/add_time_dim_to_batch_and_zero_pad,env_runners/env_to_module_connector/timers/connectors/numpy_to_tensor,env_runners/env_to_module_connector/timers/connectors/batch_individual_items,env_runners/env_to_module_connector/timers/connectors/add_observations_from_episodes_to_batch,env_runners/module_to_env_connector/timers/connectors/listify_data_for_vector_env,env_runners/module_to_env_connector/timers/connectors/normalize_and_clip_actions,env_runners/module_to_env_connector/timers/connectors/get_actions,env_runners/module_to_env_connector/timers/connectors/un_batch_to_individual_items,env_runners/module_to_env_connector/timers/connectors/tensor_to_numpy,env_runners/module_to_env_connector/timers/connectors/remove_single_ts_time_rank_from_batch,learners/__all_modules__/learner_connector/timers/connectors/add_observations_from_episodes_to_batch,learners/__all_modules__/learner_connector/timers/connectors/add_time_dim_to_batch_and_zero_pad,learners/__all_modules__/learner_connector/timers/connectors/add_columns_from_episodes_to_train_batch,learners/__all_modules__/learner_connector/timers/connectors/add_one_ts_to_episodes_and_truncate,learners/__all_modules__/learner_connector/timers/connectors/add_states_from_episodes_to_batch,learners/__all_modules__/learner_connector/timers/connectors/numpy_to_tensor,learners/__all_modules__/learner_connector/timers/connectors/batch_individual_items,learners/__all_modules__/learner_connector/timers/connectors/general_advantage_estimation,evaluation/env_runners/env_to_module_connector/timers/connectors/add_observations_from_episodes_to_batch,evaluation/env_runners/env_to_module_connector/timers/connectors/add_time_dim_to_batch_and_zero_pad,evaluation/env_runners/env_to_module_connector/timers/connectors/add_states_from_episodes_to_batch,evaluation/env_runners/env_to_module_connector/timers/connectors/numpy_to_tensor,evaluation/env_runners/env_to_module_connector/timers/connectors/batch_individual_items,evaluation/env_runners/module_to_env_connector/timers/connectors/un_batch_to_individual_items,evaluation/env_runners/module_to_env_connector/timers/connectors/tensor_to_numpy,evaluation/env_runners/module_to_env_connector/timers/connectors/listify_data_for_vector_env,evaluation/env_runners/module_to_env_connector/timers/connectors/remove_single_ts_time_rank_from_batch,evaluation/env_runners/module_to_env_connector/timers/connectors/get_actions,evaluation/env_runners/module_to_env_connector/timers/connectors/normalize_and_clip_actions
1,627500.0,False,1,4dc31_00000,2025-08-11_19-19-24,1754932764,1.8679099082946777,1.8679099082946777,14098,Mac,127.0.0.1,1.8679099082946777,1,1.7338486249791458,1.8625054508447647e-05,1.7337061669677496,1.6074059170205146,0.12272520805709064,0.0008618750143796206,250.0,0.0,31375.0,0.006056508097359913,5.759945576541991e-05,10.5,20.0,0.000568066248267095,1.5614072678569448e-05,10.191744832559449,0.00010312598357110667,0.005371556149795651,20,-0.14000000000000007,-9.5,20,5000.0,10.191744832559449,627500.0,3262.444314912451,1,0,0,0,0,0,17.166666666666668,83.66666666666667,5000.0,627500.0,4.932365595959094e-05,5000.0,-0.14000000000000007,0.00012359099664471869,627500.0,-0.14000000000000007,31500,5000,31500,6000,0,6000,6003,5250,1874253.219402933,358599.16933004616,358007.5471986694,0.025468186,1.0,6000,6003,1.0,0.06390514,0.0002847858517,-0.011374116,0.102780834,28.372763,0.0090570820258,1000.0,6000,0.12644556,0.000103758124,0.69311976,0.3732481598854065,359416.6945081365,5.65,20,3.660184856802694e-05,10.216013141322508,20,13.5,0.00047445797827094793,20,-13.5,20,10.216013141322508,5400,0.11602666694670916,0.005242485459893942,400,1.0,20.0,1.787749847415915e-05,0.09109125006943941,5.220246446414962e-05,400,0.0001330644486833159,5.65,5.65,400,400,400,1.801703006606534e-06,2.62753479359532e-06,9.931903476770835e-06,6.988377957943194e-06,3.452789148116454e-06,1.1845995818127248e-05,1.3491600694112377e-05,5.000086171606127e-05,5.907604409881726e-06,1.4477854233071463e-05,6.218732352125131e-07,0.0008300829213112593,2.0832987502217293e-05,0.03775737504474819,0.008054040954448283,3.95788811147213e-06,0.0001027500256896019,0.03569058305583894,0.008448875043541193,3.3229039486391824e-06,2.934319233451987e-06,1.8483319570430152e-06,1.0506473400594486e-05,7.584020383887234e-06,6.515320433758403e-06,1.7923868558272655e-05,1.2734819986669546e-05,6.805750811381886e-07,5.4045047477383754e-05,1.2606674681128383e-05
1,10000.0,False,2,4dc31_00000,2025-08-11_19-19-25,1754932765,1.7264912128448486,3.5944011211395264,14098,Mac,127.0.0.1,3.5944011211395264,2,1.7327279399789404,1.8512133974581956e-05,1.7325849527982062,1.60543881702004,0.1235751226474531,0.000859508354915306,250.0,1.0,500.0,0.00552427070589059,2.904666048320731e-05,10.5,20.0,0.0016631677359490475,1.3940244026241292e-05,10.36823839457432,4.629816024946582e-05,0.00464029133366421,20,1.6200000000000008,-9.5,20,5000.0,10.36823839457432,10000.0,3616.9459548358664,1,0,0,0,0,0,48.300000000000004,83.63333333333333,5000.0,10000.0,4.428110666346829e-05,5000.0,1.6200000000000008,0.00010753444213544161,10000.0,1.6200000000000008,63000,5000.0,31500,6000,0,12000,6003,5250.0,1879897.771300407,359653.9306496957,359068.6212065991,0.016378686,2.0,12000,6003,1.0,-0.027911583,0.0002847858517,-0.010810971,0.102780834,28.881859,0.0090570820258,1000.0,6000,0.03462846,0.00020176632,0.69292563,0.18662407994270325,360447.59292370145,4.65,40,2.7977728051205064e-05,10.366003441359926,20,14.5,0.000470460478682071,20,-13.5,20,10.366003441359926,10400,0.11584327694727109,0.004855744811356999,400,2.0,20.0,1.4523241136673158e-05,0.09212112548877485,4.3195435534761355e-05,400,0.00010399449550650908,4.65,4.65,800,400,800,1.7612701503308925e-06,2.363130650522384e-06,8.781239744055989e-06,6.292161907622104e-06,2.986283527669763e-06,1.1156933126815928e-05,9.596809009713415e-06,4.120836805992446e-05,5.465491032902729e-06,1.3527006101638801e-05,6.003689802799469e-07,0.0008304533420596271,2.0776317687705158e-05,0.0377314021345228,0.008052794294198976,3.9566389750689264e-06,0.00010248585487715899,0.03677572930464521,0.008421507963212206,2.8536532372169094e-06,2.3280085884265952e-06,1.609267600888623e-06,8.604169737761868e-06,6.359346285920979e-06,5.469468664115954e-06,1.354492347599351e-05,1.145648342527852e-05,5.703823198013816e-07,3.701130220172846e-05,1.0520540428131178e-05
1,-607500.0,False,3,4dc31_00000,2025-08-11_19-19-27,1754932767,1.694455862045288,5.2888569831848145,14098,Mac,127.0.0.1,5.2888569831848145,3,1.7309698372495477,1.8392421747557816e-05,1.7308264861912233,1.6039873613502598,0.12327041475132573,0.0008577516005025245,250.0,2.0,-30375.0,0.005109393450392317,2.9516492469085368e-05,10.5,20.0,0.001953664494348489,1.4401361545481263e-05,10.36823839457432,3.852495611937741e-05,0.004805486872326583,20,0.3400000000000001,-9.5,20,5000.0,10.36823839457432,-607500.0,3550.407403068958,1,0,0,0,0,0,50.05,83.5,5000.0,-607500.0,4.5575334964380374e-05,5000.0,0.3400000000000001,0.00011049653180814054,-607500.0,0.3400000000000001,94500,5000.0,31500,6000,0,18000,6003,5250.0,1887998.5629556854,361166.1664218017,360589.7497804074,0.052472718,3.0,18000,6003,1.0,-0.06263283,0.0002847858517,-0.011661172,0.102780834,28.7209,0.0090570820258,1000.0,6000,6.134508e-05,0.0011100024,0.6904635,0.09331203997135162,361923.000512684,3.65,60,3.102845406765763e-05,10.368205581254823,20,14.5,0.00046653129423502833,20,-13.5,20,10.368205581254823,15400,0.1159853029275546,0.005213447922142222,400,3.0,20.0,1.646742157859963e-05,0.09199056632410502,4.5315014165499715e-05,400,0.00011235948303913568,3.65,3.65,1200,400,1200,1.7730576812789306e-06,2.417443729547127e-06,9.13182418179681e-06,6.535662495445364e-06,3.110932905914546e-06,1.16380239028058e-05,9.842489382941147e-06,4.237820793152755e-05,5.692482038319125e-06,1.3837848227472322e-05,5.98312174593359e-07,0.0008307883878122083,2.069647399475798e-05,0.03770015769358725,0.008049828851048369,3.947072813753038e-06,0.0001021864162874408,0.03670989117200952,0.00839190788384294,3.0318956906723137e-06,2.48152724698346e-06,1.6650483599523385e-06,9.201857808252674e-06,6.715661774548444e-06,6.020494952136286e-06,1.4841978523119092e-05,1.1899578489724543e-05,6.452834767306356e-07,4.09938331981987e-05,1.053714755887266e-05
1,-1225000.0,False,4,4dc31_00000,2025-08-11_19-19-29,1754932769,1.7332909107208252,7.02214789390564,14098,Mac,127.0.0.1,7.02214789390564,4,1.7298901563768176,1.8285586592042815e-05,1.729746344659822,1.6032036498165068,0.12297689352349542,0.0008551520042883931,250.0,3.0,-61250.0,0.00504855426615615,2.8388828249217034e-05,10.5,20.0,0.001991709074736888,1.4072732729053361e-05,10.36823839457432,3.966643844926333e-05,0.004668200836051253,20,1.94,-9.5,20,5000.0,10.36823839457432,-1225000.0,3614.557772267292,1,0,0,0,0,0,55.75,83.65,5000.0,-1225000.0,4.4579812929743976e-05,5000.0,1.94,0.00010712863780193982,-1225000.0,1.94,126000,5000.0,31500,6000,0,24000,6003,5250.0,1897811.610974615,362997.7549294987,362433.02191169653,0.084188096,4.0,24000,6003,1.0,-0.004411409,0.0002847858517,-0.011780024,0.102780834,28.880634,0.0090570820258,1000.0,6000,0.05830213,0.001777461,0.6837659,0.04665601998567581,363706.6585410699,2.4,80,2.8384507531356993e-05,10.368237912813044,20,14.5,0.000463854322393192,20,-13.5,20,10.368237912813044,20400,0.1158318419781502,0.005056892195716501,400,4.0,20.0,1.4577178235490843e-05,0.09186818066018738,4.35944998966469e-05,400,0.00010409418331937727,2.4,2.4,1600,400,1600,1.7433663755431332e-06,2.3673670736556013e-06,8.794685311668271e-06,6.320280008142191e-06,3.087332980474538e-06,1.1167819847161375e-05,9.558824017926154e-06,4.0892225624429276e-05,5.499840736033851e-06,1.3482783514109867e-05,5.974128556173406e-07,0.0008312359140241751,2.0620340285939162e-05,0.037666236116671935,0.00805121556206455,3.953022687579505e-06,0.00010182914158550556,0.03664981767029152,0.008362868804956902,2.8782175850927336e-06,2.337977815261122e-06,1.6401864396174595e-06,8.668966873653776e-06,6.357235356356804e-06,5.5514242596079985e-06,1.3295971579623868e-05,1.1777975043417768e-05,5.844087415085795e-07,3.716566538440903e-05,9.84331957411246e-06
1,-1842500.0,False,5,4dc31_00000,2025-08-11_19-19-31,1754932771,1.8120901584625244,8.834238052368164,14098,Mac,127.0.0.1,8.834238052368164,5,1.729685373972787,1.816190114174736e-05,1.7295410687133168,1.60322461331888,0.12275405792836476,0.0008528217341779323,250.0,4.0,-92125.0,0.005121008050703642,6.748727098136769e-05,10.5,20.0,0.00169984757474233,1.3968501070518044e-05,10.36823839457432,3.81697744806841e-05,0.005408481003250929,20,3.7,-9.5,20,5000.0,10.36823839457432,-1842500.0,3624.983443084872,1,0,0,0,0,0,51.63333333333333,83.56666666666666,5000.0,-1842500.0,4.446189977247715e-05,5000.0,3.7,0.00010695978383860985,-1842500.0,3.7,157500,5000.0,31500,6000,0,30000,6003,5250.0,1908221.6845331946,364937.41263777897,364385.840145174,0.036681604,5.0,30000,6003,1.0,0.1747516,0.0002847858517,-0.012585759,0.102780834,28.886116,0.0090570820258,1000.0,6000,0.23743394,0.000977861,0.67393625,0.023328009992837906,365592.8150649937,1.45,100,2.5841008852424814e-05,10.368238387501162,20,14.5,0.00046005494853927056,20,-13.5,20,10.368238387501162,25400,0.11562263855833539,0.0049155791872181,400,5.0,20.0,1.3701833595916345e-05,0.09181426052440407,4.1815990005576594e-05,400,9.72443609695985e-05,1.45,1.45,2000,400,2000,1.7373905395641097e-06,2.3520123801492016e-06,8.790034741365121e-06,6.274936512864737e-06,3.0071187682747087e-06,1.1054248285169876e-05,9.550667555976365e-06,4.102153968834296e-05,5.461463656434212e-06,1.3415672807914743e-05,6.008148544871867e-07,0.0008317989752009871,2.0564136861100555e-05,0.037701786666101494,0.008046858816359276,3.947242426654557e-06,0.0001014150200785615,0.03659607157350572,0.008332044707575863,2.7118012473294543e-06,2.269878182403424e-06,1.5699423357627025e-06,8.119726085002955e-06,6.087641799570612e-06,5.267507999236195e-06,1.2547592270692807e-05,1.0821451805613743e-05,5.667769279701688e-07,3.388950130014806e-05,9.289862061528572e-06
1,-2460000.0,False,6,4dc31_00000,2025-08-11_19-19-32,1754932772,1.709029197692871,10.543267250061035,14098,Mac,127.0.0.1,10.543267250061035,6,1.7284272685721107,1.8031532811610977e-05,1.7282824371954095,1.6012441984350718,0.12347233025964349,0.0008518422669815138,250.0,5.0,-123000.0,0.005522954318989335,2.886852878524186e-05,10.5,20.0,0.00155308929988347,1.3870445474003093e-05,10.36823839457432,3.675557645529756e-05,0.004615308981388807,20,3.06,-9.5,20,5000.0,10.36823839457432,-2460000.0,3650.2354551309113,1,0,0,0,0,0,47.75,83.6,5000.0,-2460000.0,4.408364774310681e-05,5000.0,3.06,0.00010612967482277611,-2460000.0,3.06,189000,5000.0,31500,6000,0,36000,6003,5250.0,1912384.5802117581,365683.66376218013,365144.13612449967,0.07187046,6.0,36000,6003,1.0,-0.134489,0.0002847858517,-0.011776924,0.102780834,29.362755,0.0090570820258,1000.0,6000,-0.07184905,9.71307e-05,0.6738317,0.011664004996418953,366299.54802181554,0.85,120,2.6197890300800358e-05,10.368238394470474,20,14.5,0.00045624023972911266,20,-13.5,20,10.368238394470474,30400,0.11543443009197393,0.0047540220874361695,400,6.0,20.0,1.3735422478035833e-05,0.09264615958932598,4.151618440941807e-05,400,9.772389573936343e-05,0.85,0.85,2400,400,2400,1.7409819633935402e-06,2.3341958045087424e-06,8.680826409924162e-06,6.209233759336169e-06,2.9602061800633238e-06,1.1039058428354407e-05,9.47996593886366e-06,4.057717941533434e-05,5.4140738445780745e-06,1.325890536054812e-05,5.963174778720448e-07,0.0008318209849254249,2.047807498276374e-05,0.037662295469631915,0.008043704807589399,3.936100835107815e-06,0.00010156127917929527,0.037493075437280234,0.008309864260388941,2.717665140185876e-06,2.268410296429642e-06,1.5855178014984175e-06,8.128879510461179e-06,6.075075732663541e-06,5.2615581314415375e-06,1.2698406744782686e-05,1.0853328178505063e-05,5.656495440332758e-07,3.432059068750508e-05,9.258848543292899e-06
1,-3077500.0,False,7,4dc31_00000,2025-08-11_19-19-34,1754932774,1.6116929054260254,12.15496015548706,14098,Mac,127.0.0.1,12.15496015548706,7,1.7262136796364806,1.7908717339251627e-05,1.7260685594927994,1.5993410377009967,0.12316635736772305,0.0008494584242011749,250.0,6.0,-153875.0,0.0049925889635381625,2.835050085052799e-05,10.5,20.0,0.0018926880340371494,1.3975453250501546e-05,10.36823839457432,3.7002959850587896e-05,0.004646492670290172,20,4.5,-9.5,20,5000.0,10.36823839457432,-3077500.0,3649.4654931085392,1,0,0,0,0,0,48.9,83.13333333333333,5000.0,-3077500.0,4.4475924750770754e-05,5000.0,4.5,0.0001063342193525778,-3077500.0,4.5,220500,5000.0,31500,6000,0,42000,6003,5250.0,1920419.6824032562,367166.6341342408,366639.72387692134,0.11875262,7.0,42000,6003,1.0,-0.04945483,0.0002847858517,-0.012065649,0.102780834,29.439392,0.0090570820258,1000.0,6000,0.0132124005,0.00019976903,0.67082256,0.0058320024982094765,367734.79432612634,0.85,140,2.7452220353896334e-05,10.368238394572801,20,14.5,0.00045275658710584545,20,-13.5,20,10.368238394572801,35400,0.11525189079149907,0.004746666675200686,400,7.0,20.0,1.4558805143388852e-05,0.09251075132302716,4.251947464101711e-05,400,0.00010170305947321296,0.85,0.85,2800,400,2800,1.7541509941438776e-06,2.354366668174798e-06,8.78235149193474e-06,6.351667441805176e-06,3.0279362827017223e-06,1.1174952455257806e-05,9.562623085055539e-06,4.027837539817463e-05,5.500931816856594e-06,1.3383410009681789e-05,5.959429058541236e-07,0.0008319936057360369,2.038579334333678e-05,0.037631410435078304,0.00804255484985227,3.925069495323321e-06,0.00010121607661453283,0.03742080051365395,0.008279838957880632,2.7913256976406493e-06,2.2979421836578666e-06,1.607173641160649e-06,8.324268109232891e-06,6.297396436052805e-06,5.417293043289487e-06,1.3263916138952327e-05,1.1556932085184796e-05,5.744199744888685e-07,3.5672328669312185e-05,9.571173626316275e-06
1,-3695000.0,False,8,4dc31_00000,2025-08-11_19-19-36,1754932776,1.7610859870910645,13.916046142578125,14098,Mac,127.0.0.1,13.916046142578125,8,1.725455332430322,1.7808380474462157e-05,1.7253096784880966,1.5988477889939021,0.12290176462456606,0.0008483292499424852,250.0,7.0,-184750.0,0.0053176278393853625,4.547459561524131e-05,10.5,20.0,0.0015501630254021767,1.4581605315882264e-05,10.36823839457432,3.770507537791969e-05,0.005185768332332374,20,3.4599999999999995,-9.5,20,5000.0,10.36823839457432,-3695000.0,3564.2003616483826,1,0,0,0,0,0,47.4,83.1,5000.0,-3695000.0,4.610249022591732e-05,5000.0,3.4599999999999995,0.00011084705587625376,-3695000.0,3.4599999999999995,252000,5000.0,31500,6000,0,48000,6003,5250.0,1928460.3573509248,368650.8729957071,368136.70452894556,0.023772812,8.0,48000,6003,1.0,-0.044244833,0.0002847858517,-0.013218999,0.102780834,29.27018,0.0090570820258,1000.0,6000,0.018546825,0.00097228185,0.65745497,0.0029160012491047382,369167.5635740709,0.65,160,3.076000313199017e-05,10.3682383945743,20,14.5,0.00044898861141910306,20,-13.5,20,10.3682383945743,40400,0.11512893896296982,0.004506243354408071,400,8.0,20.0,1.469489623355358e-05,0.09240302505930478,4.388367773453009e-05,400,0.0001051597161670369,0.65,0.65,3200,400,3200,1.7838895724320942e-06,2.4234578979019434e-06,9.060779763329696e-06,6.834702598823059e-06,3.220543841605043e-06,1.155787135005861e-05,9.827789139095286e-06,4.250144307220485e-05,5.69119156613465e-06,1.39563021548559e-05,6.214144306848667e-07,0.0008350407597250823,2.029401542514551e-05,0.03759630799056131,0.00804060721207356,3.921238162035933e-06,0.0001008826660690737,0.037359898338867555,0.008268028068086504,2.8936916818554445e-06,2.395538089535932e-06,1.638680383261764e-06,8.736426263980767e-06,6.299229592281805e-06,5.790976847586716e-06,1.3651958792316102e-05,1.1507863320615068e-05,6.112900152416105e-07,3.725067988964122e-05,9.918173990007796e-06
1,-4312500.0,False,9,4dc31_00000,2025-08-11_19-19-38,1754932778,1.8585398197174072,15.774585962295532,14098,Mac,127.0.0.1,15.774585962295532,9,1.7256692382663188,1.7711136633347377e-05,1.7255233133625851,1.5977026398539569,0.12426185280814975,0.0008460534575618226,250.0,8.0,-215625.0,0.005299119376315111,3.05627711621855e-05,10.5,20.0,0.0015704330724783122,1.4562551619661485e-05,10.36823839457432,4.147729926095879e-05,0.004879610819276422,20,5.460000000000001,-9.5,20,5000.0,10.36823839457432,-4312500.0,3508.6590260039366,1,0,0,0,0,0,55.26666666666667,83.36666666666667,5000.0,-4312500.0,4.592375557581786e-05,5000.0,5.460000000000001,0.00011214415587234605,-4312500.0,5.460000000000001,283500,5000.0,31500,6000,0,54000,6003,5250.0,1932398.596789091,369350.6063694663,368851.64842239185,0.043884937,9.0,54000,6003,1.0,-0.107842475,0.0002847858517,-0.012197733,0.102780834,29.713879,0.0090570820258,1000.0,6000,-0.044999026,0.0005018218,0.6512721,0.0014580006245523691,369819.78619828535,0.85,180,2.7650212838668783e-05,10.368238394574323,20,14.5,0.00044547580492177157,20,-13.5,20,10.368238394574323,45400,0.1150021924933987,0.0045261104311794045,400,9.0,20.0,1.4929032927250933e-05,0.09388972771805028,4.417435939026683e-05,400,0.00010291323197446388,0.85,0.85,3600,400,3600,1.780926270135492e-06,2.4382535838359032e-06,9.196635205351081e-06,6.521174048811471e-06,3.1254025726427982e-06,1.1522628655181388e-05,9.840906498961338e-06,4.3379711452505354e-05,5.624017779188969e-06,1.4040519623124656e-05,6.133628633786583e-07,0.000835150771613177,2.0206076146560793e-05,0.03755794699120015,0.009638179479092197,3.912026008850374e-06,0.00010059341881074031,0.03731379310643478,0.008242605707676424,2.967147306868943e-06,2.609517595635751e-06,1.6135139549898991e-06,8.533804690929797e-06,6.3057285025475855e-06,5.57207795383629e-06,1.3181084339398307e-05,1.1512802155639361e-05,5.888663033027704e-07,3.674259277312371e-05,9.823609652225947e-06
1,-4930000.0,False,10,4dc31_00000,2025-08-11_19-19-39,1754932779,1.761244297027588,17.53583025932312,14098,Mac,127.0.0.1,17.53583025932312,10,1.724926530473493,1.7594444819042082e-05,1.7247801739778568,1.596167912205345,0.12505529469970036,0.0008439758330552826,250.0,9.0,-246500.0,0.005194544705646108,2.895571684975725e-05,10.5,20.0,0.002193189569104638,1.4212281386248782e-05,10.36823839457432,4.09521105728552e-05,0.004750241356901824,20,6.659999999999997,-9.5,20,5000.0,10.36823839457432,-4930000.0,3576.3368012610995,1,0,0,0,0,0,52.3,83.55,5000.0,-4930000.0,4.5278161005830056e-05,5000.0,6.659999999999997,0.00010906184321147676,-4930000.0,6.659999999999997,315000,5000.0,31500,6000,0,60000,6003,5250.0,1937546.6411080724,370283.00150359893,369798.561172808,0.041028734,10.0,60000,6003,1.0,-0.08268186,0.0002847858517,-0.012307644,0.102780834,29.85813,0.0090570820258,1000.0,6000,-0.019771619,0.0003793765,0.6437965,0.0007290003122761846,370704.7191838384,1.65,200,2.6494732829097038e-05,10.368238394574323,20,14.5,0.0004429418868770129,20,-13.5,20,10.368238394574323,50400,0.11486064306929933,0.004577380392001942,400,10.0,20.0,1.4043965767863306e-05,0.0948368054406198,4.258284138796093e-05,400,0.00010000037594630004,1.65,1.65,4000,400,4000,1.7614363002644167e-06,2.39578034973811e-06,9.019609695339111e-06,6.4608981518099685e-06,3.095462403660473e-06,1.1294629581922827e-05,9.684859118640289e-06,4.219902715335165e-05,5.500301199642914e-06,1.3640834656049775e-05,6.045399466371009e-07,0.0008360921844827669,2.0253184919167466e-05,0.037559320440465865,0.009636399764363307,3.914566135830857e-06,0.00010044206388879364,0.038287801005884345,0.008215770480178821,2.7921100412066496e-06,2.3018510045131885e-06,1.6161415693296993e-06,8.394988553983816e-06,6.165176213103778e-06,5.471374297424235e-06,1.2896232728964006e-05,1.1052639468171429e-05,5.816734284221774e-07,3.498425538379106e-05,9.529337728256133e-06
1,-5547500.0,False,11,4dc31_00000,2025-08-11_19-19-41,1754932781,1.6583530902862549,19.194183349609375,14098,Mac,127.0.0.1,19.194183349609375,11,1.7232362422492673,1.747267074840417e-05,1.723089655987882,1.5947922535026657,0.12474430258329647,0.0008412181552431841,250.0,10.0,-277375.0,0.005142104274237688,2.9956461059341065e-05,10.5,20.0,0.0020101447735266244,1.4508464649282818e-05,10.36823839457432,4.030129325710297e-05,0.004816425817552953,20,5.940000000000001,-9.5,20,5000.0,10.36823839457432,-5547500.0,3527.5462601746767,1,0,0,0,0,0,50.93333333333334,83.66666666666667,5000.0,-5547500.0,4.553093494271898e-05,5000.0,5.940000000000001,0.0001106669870176187,-5547500.0,5.940000000000001,346500,5000.0,31500,6000,0,66000,6003,5250.0,1942554.2435289836,371191.6334065157,370720.75521776674,0.044992343,11.0,66000,6003,1.0,-0.038289215,0.0002847858517,-0.01451683,0.102780834,29.646412,0.0090570820258,1000.0,6000,0.024718769,0.0001787699,0.6329573,0.0003645001561380923,371565.96005582,2.45,220,2.571940480904894e-05,10.368238394574323,20,14.5,0.000439259547037922,20,-13.5,20,10.368238394574323,55400,0.11466230663805455,0.004562215831829235,400,11.0,20.0,1.3636039380901892e-05,0.09468064030546955,4.1662450167972e-05,400,9.738033675367196e-05,2.45,2.45,4400,400,4400,1.7683953890229514e-06,2.4063982874143382e-06,9.077347585978371e-06,6.50347517747831e-06,3.112681057576369e-06,1.1528871265173122e-05,9.823063390634927e-06,4.287407251392003e-05,5.631965311786731e-06,1.3823000468114056e-05,6.146079331826707e-07,0.0008360741829748115,2.0131902815538465e-05,0.03752901889552999,0.009616956596898681,3.902499842482712e-06,0.00010009806271401703,0.03821093632594423,0.008187554444552434,2.714412504159411e-06,2.249938802905335e-06,1.5788117418133718e-06,8.084061491304176e-06,6.082150617015678e-06,5.279689966642198e-06,1.2632078500308966e-05,1.0845930052713887e-05,5.687698416822111e-07,3.3940330995483914e-05,9.230487124350414e-06
1,-6165000.0,False,12,4dc31_00000,2025-08-11_19-19-43,1754932783,1.6701421737670898,20.864325523376465,14098,Mac,127.0.0.1,20.864325523376465,12,1.7216722131660467,1.7357524238477935e-05,1.7215252740083742,1.5935629342976048,0.12441339996713464,0.0008385976441007148,250.0,11.0,-308250.0,0.004976746224062238,2.7848345630249188e-05,10.5,20.0,0.0018410917215726866,1.3662942428952461e-05,10.36823839457432,3.5574443787892274e-05,0.004566984828561544,20,6.659999999999997,-9.5,20,5000.0,10.36823839457432,-6165000.0,3699.945386094441,1,0,0,0,0,0,42.45,83.45,5000.0,-6165000.0,4.3959176757003176e-05,5000.0,6.659999999999997,0.0001044400158195098,-6165000.0,6.659999999999997,378000,5000.0,31500,6000,0,72000,6003,5250.0,1951592.812063118,372869.84007239,372411.809374286,0.046031583,12.0,72000,6003,1.0,0.052116156,0.0002847858517,-0.015211821,0.102780834,29.65263,0.0090570820258,1000.0,6000,0.115144484,3.7636495e-05,0.6307,0.00018225007806904614,373196.2114226329,2.25,240,2.6463182856964424e-05,10.368238394574323,20,14.5,0.0004355977813466015,20,-13.5,20,10.368238394574323,60400,0.11447623024075856,0.004555167091311887,400,12.0,20.0,1.3847114684136609e-05,0.0945192530726939,4.2031501480378285e-05,400,9.85974200180002e-05,2.25,2.25,4800,400,4800,1.7369582968536423e-06,2.314805557440146e-06,8.572613310286905e-06,6.199849621316595e-06,3.0277465988463618e-06,1.0931139130284419e-05,9.396617016900275e-06,3.9296562161858525e-05,5.422512709713596e-06,1.3131780724835386e-05,5.947084304735397e-07,0.0008359005314245979,2.0027243429095983e-05,0.03749601078666622,0.009597710371023038,3.890974471379843e-06,9.960375299960458e-05,0.03813151488331477,0.008159462649569947,2.7504441687926654e-06,2.2966818888908694e-06,1.596944166867602e-06,8.239419095808779e-06,6.14628052825547e-06,5.257085855854176e-06,1.2826408218212765e-05,1.093703038383057e-05,5.678838476233292e-07,3.4631627972068e-05,9.343688399290183e-06
1,-6782500.0,False,13,4dc31_00000,2025-08-11_19-19-44,1754932784,1.7095746994018555,22.57390022277832,14098,Mac,127.0.0.1,22.57390022277832,13,1.7204519022838933,1.725144892799485e-05,1.7203046225191494,1.5925040149553096,0.12425421971655,0.0008379174969988096,250.0,12.0,-339125.0,0.004858507483816879,2.783364875995855e-05,10.5,20.0,0.0016849730128589457,1.3834802080216497e-05,10.36823839457432,3.26699512918964e-05,0.004617918310686945,20,7.46,-9.5,20,5000.0,10.36823839457432,-6782500.0,3706.0623808515948,1,0,0,0,0,0,44.5,82.86666666666666,5000.0,-6782500.0,4.4276431190023026e-05,5000.0,7.46,0.00010542683524677947,-6782500.0,7.46,409500,5000.0,31500,6000,0,78000,6003,5250.0,1963101.1485943305,375019.3782660188,374573.64165691484,0.12169254,13.0,78000,6003,1.0,-0.14317864,0.0002847858517,-0.012235284,0.102780834,30.07149,0.0090570820258,1000.0,6000,-0.08020195,0.00010856061,0.6363988,9.112503903452307e-05,375292.1259374935,1.05,260,2.8638473981435636e-05,10.368238394574323,20,14.5,0.0004322551337170587,20,-13.5,20,10.368238394574323,65400,0.11435517585787223,0.004545487484429032,400,13.0,20.0,1.5066734708026156e-05,0.09452555762177149,4.4457685508115406e-05,400,0.00010962204544729305,1.05,1.05,5200,400,5200,1.7774693450249134e-06,2.3510180792298797e-06,8.652153914820147e-06,6.257709890605724e-06,2.99601595955595e-06,1.1041038961740755e-05,9.51080381446552e-06,3.969711128847782e-05,5.4267471857125695e-06,1.3247171778381601e-05,5.979147754172532e-07,0.0008360652766949244,1.9981130492274688e-05,0.03752886775848519,0.009580048266431255,3.883725037590098e-06,9.932396539376163e-05,0.03815225765390006,0.008130554272911527,2.9155059615218166e-06,2.361139815747844e-06,1.7678125318036175e-06,8.782902304332212e-06,6.500505699525648e-06,6.012888743959738e-06,1.3792550187623216e-05,1.1966466264694025e-05,6.594132320752329e-07,3.849114726101703e-05,1.0848667620836134e-05
1,-7400000.0,False,14,4dc31_00000,2025-08-11_19-19-46,1754932786,1.8124001026153564,24.386300325393677,14098,Mac,127.0.0.1,24.386300325393677,14,1.7202779761803817,1.7134353952670612e-05,1.7201303400445258,1.5916207389759207,0.12496699084920222,0.000835469572081348,250.0,13.0,-370000.0,0.005243007377101573,3.138558299674732e-05,10.5,20.0,0.0017979985705670514,1.4911357368986251e-05,10.36823839457432,4.033241552786693e-05,0.0049810798354446885,20,7.54,-9.5,20,5000.0,10.36823839457432,-7400000.0,3478.3134753434074,1,0,0,0,0,0,53.05,83.35,5000.0,-7400000.0,4.675889149003426e-05,5000.0,7.54,0.00011470674107993588,-7400000.0,7.54,441000,5000.0,31500,6000,0,84000,6003,5250.0,1974856.5103518255,377217.2889079498,376783.96240992495,0.08184441,14.0,84000,6003,1.0,0.053621873,0.0002847858517,-0.015738249,0.102780834,29.76015,0.0090570820258,1000.0,6000,0.11680867,0.0007894619,0.6132098,4.5562519517261535e-05,377439.97920957295,1.25,280,2.6194472197829015e-05,10.368238394574323,20,14.5,0.00043132174206302623,20,-13.5,20,10.368238394574323,70400,0.11419459992985034,0.004500704983947799,400,14.0,20.0,1.377425400132991e-05,0.09538344287556953,4.207641287712089e-05,400,9.798429130072798e-05,1.25,1.25,5600,400,5600,1.8014750595952504e-06,2.5341686228051443e-06,9.545491790822993e-06,6.635861108848885e-06,3.1423690033950245e-06,1.1889528582365822e-05,1.0054334110571304e-05,4.494770076605023e-05,5.771999427542704e-06,1.4406044490146783e-05,6.384493689886296e-07,0.0008360746236328577,1.99342295484184e-05,0.03749771325192803,0.00956219362407911,3.879888053721465e-06,9.90036447170399e-05,0.03908685382761662,0.008103706650087373,2.753621776997328e-06,2.261362082932815e-06,1.5962156994449396e-06,8.147514332393343e-06,6.112709659462113e-06,5.304517164248677e-06,1.2627783631791121e-05,1.079793854714175e-05,5.684172618773471e-07,3.416187422856069e-05,9.409599495807637e-06
1,-8017500.0,False,15,4dc31_00000,2025-08-11_19-19-48,1754932788,1.7265911102294922,26.11289143562317,14098,Mac,127.0.0.1,26.11289143562317,15,1.719301278088607,1.702551030697313e-05,1.7191533224738929,1.5899545815858438,0.12566061344092858,0.0008324752862107893,250.0,14.0,-400875.0,0.005112637440558458,2.8475825237551106e-05,10.5,20.0,0.0019566283891765224,1.4106040491894934e-05,10.36823839457432,3.939603958729046e-05,0.004682400689460339,20,7.46,-9.5,20,5000.0,10.36823839457432,-8017500.0,3608.566191859745,1,0,0,0,0,0,48.56666666666666,83.46666666666667,5000.0,-8017500.0,4.472116446943176e-05,5000.0,7.46,0.00010741617982095503,-8017500.0,7.46,472500,5000.0,31500,6000,0,90000,6003,5250.0,1986744.0047058589,379440.96686658054,379019.85163677967,0.04784759,15.0,90000,6003,1.0,-0.051738158,0.0002847858517,-0.015463352,0.102780834,29.842957,0.0090570820258,1000.0,6000,0.011642288,0.0018565247,0.59182954,2.2781259758630767e-05,379614.25437706866,1.05,300,2.7076960620222646e-05,10.368238394574323,20,14.5,0.0004279676937619925,20,-13.5,20,10.368238394574323,75400,0.11401600851042336,0.004462140424875543,400,15.0,20.0,1.401636333522382e-05,0.09623589469658927,4.315519863357605e-05,400,0.00010021027584234383,1.05,1.05,6000,400,6000,1.7585869758763423e-06,2.3688564541181e-06,8.829645956119712e-06,6.358118324598122e-06,3.113413006819674e-06,1.1226802167741198e-05,9.594186390640386e-06,4.1046961173545215e-05,5.511956928223116e-06,1.3538295146110254e-05,5.969074835951928e-07,0.0008364326271376215,1.9831546894647116e-05,0.037466985290147956,0.009542953767698514,3.866508458705161e-06,9.871860898147446e-05,0.040017037369360756,0.008076763753341034,2.777019174802664e-06,2.251521674987498e-06,1.884790246771429e-06,8.299869121761832e-06,6.200017242464892e-06,5.363996814169434e-06,1.2825531032530906e-05,1.0919576097869459e-05,5.738347357845086e-07,3.5899672407702736e-05,9.416671027002666e-06
1,-8635000.0,False,16,4dc31_00000,2025-08-11_19-19-50,1754932790,2.3247230052948,28.43761444091797,14098,Mac,127.0.0.1,28.43761444091797,16,1.7227359003068303,1.6911504759103738e-05,1.7225870046594087,1.5933883253499395,0.12562591730683237,0.0008488476236149537,250.0,15.0,-431750.0,0.005924853663603491,4.096574379140816e-05,10.5,20.0,0.0020472804800116106,1.9387458283746634e-05,10.36823839457432,5.23259700407448e-05,0.006302342366427186,20,8.1,-9.5,20,5000.0,10.36823839457432,-8635000.0,2999.51383814973,1,0,0,0,0,0,60.199999999999996,84.26666666666667,5000.0,-8635000.0,5.7207723483660516e-05,5000.0,8.1,0.00014413335686074845,-8635000.0,8.1,504000,5000.0,31500,6000,0,96000,6003,5250.0,1988515.5228008693,379737.8414703656,379330.0238833139,0.027136244,16.0,96000,6003,1.0,-0.028655797,0.0002847858517,-0.015216827,0.102780834,29.875362,0.0090570820258,1000.0,6000,0.034887336,0.00087981543,0.57385933,1.1390629879315384e-05,379872.30408173107,-0.75,320,4.6710086050794276e-05,10.368238394574323,20,14.5,0.00042769593674870624,20,-13.5,20,10.368238394574323,80400,0.11519823967595556,0.005682602900778874,400,16.0,20.0,2.3993937405035314e-05,0.09624336032986625,6.87231776574198e-05,400,0.00016614125491946606,-0.75,-0.75,6400,400,6400,2.1632363532766845e-06,3.069095029669091e-06,1.2208703797180624e-05,8.435262457483995e-06,3.9379845533626584e-06,1.5085735178823888e-05,1.2271402401925973e-05,5.877662650304938e-05,6.833577611211111e-06,1.7448702433746748e-05,8.096110618516307e-07,0.0008372220504271826,1.9986571718050104e-05,0.03749066127717717,0.009547450900103442,3.863253422558208e-06,9.845350289512989e-05,0.040013563245621546,0.008059271945696504,4.7913152389222535e-06,5.257478571975432e-06,2.2153246454368082e-06,1.5010400088315229e-05,1.0987335635979465e-05,7.5544939560394e-06,2.247331175229842e-05,1.7739703850256447e-05,7.854363012404167e-07,6.791580912149005e-05,1.4143466663334733e-05
1,-9252500.0,False,17,4dc31_00000,2025-08-11_19-19-52,1754932792,1.7401580810546875,30.177772521972656,14098,Mac,127.0.0.1,30.177772521972656,17,1.7218863579731722,1.679696987099804e-05,1.7217369575324684,1.5928712566870116,0.12529329188382649,0.0008463045675043035,250.0,16.0,-462625.0,0.006162881770189942,5.3061279802204666e-05,10.5,20.0,0.002450051916779854,1.397438138637427e-05,10.36823839457432,4.7485849064330065e-05,0.005194359031040223,20,7.940000000000001,-9.5,20,5000.0,10.36823839457432,-9252500.0,3563.8739841867477,1,0,0,0,0,0,52.349999999999994,83.30000000000001,5000.0,-9252500.0,4.4640474400405637e-05,5000.0,7.940000000000001,0.00010731822576642321,-9252500.0,7.940000000000001,535500,5000.0,31500,6000,0,102000,6003,5250.0,1993384.0678270843,380627.2025403912,380231.5787714812,0.2044784,17.0,102000,6003,1.0,0.052153334,0.0002847858517,-0.017306209,0.102780834,29.693922,0.0090570820258,1000.0,6000,0.11605549,0.0022154797,0.53421956,5.695314939657692e-06,380719.0234811191,-1.15,340,2.6237557459025013e-05,10.368238394574323,20,14.5,0.00042412439718798265,20,-13.5,20,10.368238394574323,85400,0.11499816144941113,0.005676684960490092,400,17.0,20.0,1.3938401473413693e-05,0.09606866547562651,4.228745626890978e-05,400,9.819251856084944e-05,-1.15,-1.15,6800,400,6800,1.7379464856425972e-06,2.3487079611694977e-06,8.83294184835132e-06,6.301793260365271e-06,3.0813610730276827e-06,1.1138519403118903e-05,9.553585899274638e-06,4.0982079049940417e-05,5.478826454361326e-06,1.346074349848942e-05,5.966317727834248e-07,0.0008396106604053788,1.9871285224636525e-05,0.03745318216387663,0.009527914720203017,3.85295055689921e-06,9.80352178123109e-05,0.03992075345269601,0.008033417566207565,2.778227307570047e-06,2.3973998154507303e-06,1.579278655494072e-06,8.195477194386118e-06,6.145025005177969e-06,5.3217621150577e-06,1.2675009738470015e-05,1.0857430724102021e-05,5.651579919912515e-07,3.443020364467284e-05,9.337597977432276e-06
1,-9870000.0,False,18,4dc31_00000,2025-08-11_19-19-54,1754932794,1.7330520153045654,31.91082453727722,14098,Mac,127.0.0.1,31.91082453727722,18,1.7209594514731064,1.6683999426931977e-05,1.7208098787878006,1.591379652870131,0.1258627635458775,0.0008435786120797377,250.0,17.0,-493500.0,0.005341715322885418,2.9191487225949726e-05,10.5,20.0,0.0015604146395109977,1.5500185327772935e-05,10.36823839457432,3.6189415211006136e-05,0.004793318961746992,20,8.5,-9.5,20,5000.0,10.36823839457432,-9870000.0,3678.244236179411,1,0,0,0,0,0,30.066666666666666,80.06666666666666,5000.0,-9870000.0,4.539841933397411e-05,5000.0,8.5,0.00010925031399080747,-9870000.0,8.5,567000,5000.0,31500,6000,0,108000,6003,5250.0,2002996.1790647528,382422.0845661017,382037.9233881562,0.031843796,18.0,108000,6003,1.0,-0.13860588,0.0002847858517,-0.0131917,0.102780834,29.96767,0.0090570820258,1000.0,6000,-0.074695535,0.00045499238,0.5333104,2.847657469828846e-06,382470.9282925691,0.25,360,2.596888841500226e-05,10.368238394574323,20,14.5,0.0004205998222354145,20,-13.5,20,10.368238394574323,90400,0.11481154608542456,0.005623426211532206,400,18.0,20.0,1.3822730185971582e-05,0.0968054154804671,4.226049931850249e-05,400,9.797668716258035e-05,0.25,0.25,7200,400,7200,1.7699783297052725e-06,2.4314739318876155e-06,8.842819331535509e-06,6.384186197709026e-06,3.023197615840443e-06,1.1264664141487972e-05,9.797924992265781e-06,4.215967702425552e-05,5.491623052405271e-06,1.3608128777858453e-05,6.146478219048388e-07,0.000839615383775887,1.978632178334726e-05,0.037419143262023766,0.009509582662984137,3.8460906754800174e-06,9.767945595470044e-05,0.040716904668579426,0.008027533800283836,2.78557229305996e-06,2.249777273929201e-06,1.5998053815308248e-06,8.196373895680604e-06,6.144750049887852e-06,5.29897748368815e-06,1.2687508539255278e-05,1.0940511499723789e-05,5.649144851243047e-07,3.413058855902833e-05,9.364571942815444e-06
1,-10487500.0,False,19,4dc31_00000,2025-08-11_19-19-56,1754932796,2.0872628688812256,33.99808740615845,14098,Mac,127.0.0.1,33.99808740615845,19,1.723525726117869,1.6572158687306574e-05,1.7233761550001927,1.5933110771714882,0.1265014717405633,0.0008413428254385173,250.0,18.0,-524375.0,0.005868133242340489,3.7719828428378566e-05,10.5,20.0,0.001904882020913549,1.7770368330476245e-05,10.36823839457432,4.9800267721729034e-05,0.005901332336012276,20,8.980000000000004,-9.5,20,5000.0,10.36823839457432,-10487500.0,2951.324049558134,1,0,0,0,0,0,34.699999999999996,80.26666666666667,5000.0,-10487500.0,5.389658991790677e-05,5000.0,8.980000000000004,0.00013652967399255757,-10487500.0,8.980000000000004,598500,5000.0,31500,6000,0,114000,6003,5250.0,2010385.7585604594,383797.35544021055,383423.020892658,0.018438857,19.0,114000,6003,1.0,-0.087152965,0.0002847858517,-0.013711333,0.102780834,29.89703,0.0090570820258,1000.0,6000,-0.022979349,0.0012530608,0.50424373,1.423828734914423e-06,383810.3456526174,0.25,380,2.9119040129954454e-05,10.368238394574323,20,13.5,0.00041711299363348487,20,-13.5,20,10.368238394574323,95400,0.11468463396506717,0.005666304162004963,400,19.0,20.0,1.4751199633084266e-05,0.09758854882527501,4.3830785473420524e-05,400,0.00010451845308724836,0.25,0.25,7600,400,7600,2.0039306028270623e-06,2.9014589188082193e-06,1.16051216258282e-05,7.990344983554286e-06,3.681772283415473e-06,1.3837319535413638e-05,1.1854365362817815e-05,5.528663649575776e-05,6.6821916404941805e-06,1.7051687421520392e-05,6.936404846171198e-07,0.0008404983995460356,1.9700538580755888e-05,0.03741322640892666,0.009492948507136714,3.840129434119642e-06,9.736891210273508e-05,0.041548178122946845,0.00800199180221095,3.2162461034300563e-06,2.3439840433286117e-06,1.6053010767005155e-06,8.702480800415492e-06,6.454637083908063e-06,5.641112988294445e-06,1.3633576586788971e-05,1.1587068197829309e-05,5.770125058514469e-07,3.730929700396268e-05,9.87187846371091e-06
1,-11105000.0,True,20,4dc31_00000,2025-08-11_19-19-58,1754932798,1.601755142211914,35.59984254837036,14098,Mac,127.0.0.1,35.59984254837036,20,1.7211022576075026,1.6459766959362426e-05,1.7209524396999585,1.5912366951496837,0.12615592327350092,0.0008383443965070979,250.0,19.0,-555250.0,0.005342131209108439,2.7861574174616774e-05,10.5,20.0,0.0019457857841168348,1.3752624412339647e-05,10.36823839457432,4.2228762647342525e-05,0.004573380226735027,20,8.580000000000002,-9.5,20,5000.0,10.36823839457432,-11105000.0,3663.5412989384677,1,0,0,0,0,0,44.05,80.15,5000.0,-11105000.0,4.395215869976435e-05,5000.0,8.580000000000002,0.00010506918605122593,-11105000.0,8.580000000000002,630000,5000.0,31500,6000,0,120000,6003,5250.0,2019887.4173436516,385576.9566809272,385211.5024899307,0.11064177,20.0,120000,6003,1.0,-0.07692055,0.0002847858517,-0.0155392885,0.102780834,29.854868,0.0090570820258,1000.0,6000,-0.012637392,4.868659e-05,0.49214998,7.119143674572115e-07,385550.97471695364,-0.15,400,3.4006255147852085e-05,10.368238394574323,20,13.5,0.000413646864408755,20,-13.5,20,10.368238394574323,100400,0.11465981387448436,0.005812147910473868,400,20.0,20.0,1.869696129104335e-05,0.09740094708790277,5.3601959417006504e-05,400,0.0001294626616927131,-0.15,-0.15,8000,400,8000,1.7376085656879942e-06,2.341897431604058e-06,8.640398668483814e-06,6.223059661856966e-06,2.9895303759687987e-06,1.1048928719965708e-05,9.480350178870587e-06,3.958859511939053e-05,5.426113876950621e-06,1.3211989356160139e-05,5.993273794688553e-07,0.000840285504704029,1.9603113697085873e-05,0.037383778725178375,0.009474619852136022,3.832568886836838e-06,9.69606428865954e-05,0.04143602134170359,0.007975864793970847,3.1435935365127765e-06,3.4657703544244962e-06,2.167199100373018e-06,1.0581546078642182e-05,8.861606987974293e-06,7.204459181445339e-06,1.693004597371959e-05,1.3301523634130194e-05,6.441518033805354e-07,4.876735483182924e-05,1.1335999607405004e-05
