num_training_step_calls_per_iteration,num_env_steps_sampled_lifetime,done,training_iteration,trial_id,date,timestamp,time_this_iter_s,time_total_s,pid,hostname,node_ip,time_since_restore,iterations_since_restore,timers/training_iteration,timers/restore_env_runners,timers/training_step,timers/env_runner_sampling_timer,timers/learner_update_timer,timers/synch_weights,env_runners/sample,env_runners/episode_len_mean,env_runners/num_env_steps_sampled_lifetime,env_runners/episode_return_mean,env_runners/episode_len_min,env_runners/env_step_timer,env_runners/env_to_module_sum_episodes_length_in,env_runners/episode_len_max,env_runners/time_between_sampling,env_runners/episode_duration_sec_mean,env_runners/num_env_steps_sampled,env_runners/weights_seq_no,env_runners/num_episodes,env_runners/episode_return_max,env_runners/num_episodes_lifetime,env_runners/env_reset_timer,env_runners/env_to_module_sum_episodes_length_out,env_runners/rlmodule_inference_timer,env_runners/episode_return_min,env_runners/num_env_steps_sampled_lifetime_throughput,__all_modules__/learner_connector_sum_episodes_length_in,__all_modules__/learner_connector_sum_episodes_length_out,learners/IntrinsicAttentionMask,evaluation/num_healthy_workers,evaluation/actor_manager_num_outstanding_async_reqs,evaluation/num_remote_worker_restarts,fault_tolerance/num_healthy_workers,fault_tolerance/num_remote_worker_restarts,env_runner_group/actor_manager_num_outstanding_async_reqs,perf/cpu_util_percent,perf/ram_util_percent,env_runners/module_to_env_connector/connector_pipeline_timer,env_runners/num_agent_steps_sampled_lifetime/default_agent,env_runners/num_module_steps_sampled/default_policy,env_runners/env_to_module_connector/connector_pipeline_timer,env_runners/num_module_steps_sampled_lifetime/default_policy,env_runners/module_episode_returns_mean/default_policy,env_runners/num_agent_steps_sampled/default_agent,env_runners/agent_episode_returns_mean/default_agent,__all_modules__/learner_connector/connector_pipeline_timer,learners/default_policy/entropy,learners/default_policy/diff_num_grad_updates_vs_sampler_policy,learners/default_policy/policy_loss,learners/default_policy/num_module_steps_trained_lifetime,learners/default_policy/vf_loss_unclipped,learners/default_policy/vf_explained_var,learners/default_policy/module_train_batch_size_mean,learners/default_policy/num_trainable_parameters,learners/default_policy/total_loss,learners/default_policy/num_module_steps_trained,learners/default_policy/use_intrinsic_rewards,learners/default_policy/weights_seq_no,learners/default_policy/curr_entropy_coeff,learners/default_policy/mean_kl_loss,learners/default_policy/curr_kl_coeff,learners/default_policy/vf_loss,learners/default_policy/num_module_steps_trained_lifetime_throughput,learners/intrinsic_reward_module/diff_num_grad_updates_vs_sampler_policy,learners/intrinsic_reward_module/gradients_default_optimizer_global_norm,learners/intrinsic_reward_module/num_trainable_parameters,learners/intrinsic_reward_module/weights_seq_no,learners/intrinsic_reward_module/default_optimizer_learning_rate,learners/intrinsic_reward_module/total_loss,learners/intrinsic_reward_module/num_module_steps_trained,learners/intrinsic_reward_module/module_train_batch_size_mean,learners/intrinsic_reward_module/curr_entropy_coeff,learners/intrinsic_reward_module/num_module_steps_trained_lifetime,learners/intrinsic_reward_module/num_module_steps_trained_lifetime_throughput,learners/__all_modules__/num_non_trainable_parameters,learners/__all_modules__/num_module_steps_trained_lifetime,learners/__all_modules__/num_env_steps_trained_lifetime,learners/__all_modules__/num_trainable_parameters,learners/__all_modules__/num_env_steps_trained,learners/__all_modules__/num_module_steps_trained,learners/__all_modules__/num_env_steps_trained_lifetime_throughput,learners/__all_modules__/num_module_steps_trained_throughput,learners/__all_modules__/num_module_steps_trained_lifetime_throughput,evaluation/env_runners/env_reset_timer,evaluation/env_runners/episode_len_mean,evaluation/env_runners/num_env_steps_sampled_lifetime,evaluation/env_runners/episode_len_max,evaluation/env_runners/episode_return_max,evaluation/env_runners/num_env_steps_sampled,evaluation/env_runners/episode_return_min,evaluation/env_runners/sample,evaluation/env_runners/env_step_timer,evaluation/env_runners/weights_seq_no,evaluation/env_runners/rlmodule_inference_timer,evaluation/env_runners/episode_duration_sec_mean,evaluation/env_runners/num_episodes,evaluation/env_runners/num_episodes_lifetime,evaluation/env_runners/env_to_module_sum_episodes_length_out,evaluation/env_runners/episode_return_mean,evaluation/env_runners/episode_len_min,evaluation/env_runners/env_to_module_sum_episodes_length_in,evaluation/env_runners/env_to_module_connector/connector_pipeline_timer,evaluation/env_runners/module_to_env_connector/connector_pipeline_timer,evaluation/env_runners/module_episode_returns_mean/default_policy,evaluation/env_runners/num_module_steps_sampled/default_policy,evaluation/env_runners/num_module_steps_sampled_lifetime/default_policy,evaluation/env_runners/agent_episode_returns_mean/default_agent,evaluation/env_runners/num_agent_steps_sampled_lifetime/default_agent,evaluation/env_runners/num_agent_steps_sampled/default_agent,env_runners/module_to_env_connector/timers/connectors/remove_single_ts_time_rank_from_batch,env_runners/module_to_env_connector/timers/connectors/normalize_and_clip_actions,env_runners/module_to_env_connector/timers/connectors/get_actions,env_runners/module_to_env_connector/timers/connectors/tensor_to_numpy,env_runners/module_to_env_connector/timers/connectors/un_batch_to_individual_items,env_runners/module_to_env_connector/timers/connectors/listify_data_for_vector_env,env_runners/env_to_module_connector/timers/connectors/add_observations_from_episodes_to_batch,env_runners/env_to_module_connector/timers/connectors/batch_individual_items,env_runners/env_to_module_connector/timers/connectors/numpy_to_tensor,env_runners/env_to_module_connector/timers/connectors/add_time_dim_to_batch_and_zero_pad,env_runners/env_to_module_connector/timers/connectors/add_states_from_episodes_to_batch,__all_modules__/learner_connector/timers/connectors/add_one_ts_to_episodes_and_truncate,__all_modules__/learner_connector/timers/connectors/add_observations_from_episodes_to_batch,__all_modules__/learner_connector/timers/connectors/add_columns_from_episodes_to_train_batch,__all_modules__/learner_connector/timers/connectors/add_time_dim_to_batch_and_zero_pad,__all_modules__/learner_connector/timers/connectors/add_states_from_episodes_to_batch,__all_modules__/learner_connector/timers/connectors/batch_individual_items,__all_modules__/learner_connector/timers/connectors/numpy_to_tensor,learners/differentiable_learners/intrinsic_attention_ppo_learner/intrinsic_reward_module/module_train_batch_size_mean,learners/differentiable_learners/intrinsic_attention_ppo_learner/intrinsic_reward_module/num_module_steps_trained_lifetime,learners/differentiable_learners/intrinsic_attention_ppo_learner/intrinsic_reward_module/diff_num_grad_updates_vs_sampler_policy,learners/differentiable_learners/intrinsic_attention_ppo_learner/intrinsic_reward_module/num_module_steps_trained,learners/differentiable_learners/intrinsic_attention_ppo_learner/intrinsic_reward_module/weights_seq_no,learners/differentiable_learners/intrinsic_attention_ppo_learner/intrinsic_reward_module/total_loss,learners/differentiable_learners/intrinsic_attention_ppo_learner/default_policy/num_module_steps_trained,learners/differentiable_learners/intrinsic_attention_ppo_learner/default_policy/use_intrinsic_rewards,learners/differentiable_learners/intrinsic_attention_ppo_learner/default_policy/weights_seq_no,learners/differentiable_learners/intrinsic_attention_ppo_learner/default_policy/module_train_batch_size_mean,learners/differentiable_learners/intrinsic_attention_ppo_learner/default_policy/vf_loss,learners/differentiable_learners/intrinsic_attention_ppo_learner/default_policy/entropy,learners/differentiable_learners/intrinsic_attention_ppo_learner/default_policy/diff_num_grad_updates_vs_sampler_policy,learners/differentiable_learners/intrinsic_attention_ppo_learner/default_policy/policy_loss,learners/differentiable_learners/intrinsic_attention_ppo_learner/default_policy/num_module_steps_trained_lifetime,learners/differentiable_learners/intrinsic_attention_ppo_learner/default_policy/vf_loss_unclipped,learners/differentiable_learners/intrinsic_attention_ppo_learner/default_policy/vf_explained_var,learners/differentiable_learners/intrinsic_attention_ppo_learner/default_policy/mean_kl_loss,learners/differentiable_learners/intrinsic_attention_ppo_learner/default_policy/total_loss,learners/differentiable_learners/intrinsic_attention_ppo_learner/__all_modules__/num_env_steps_trained,learners/differentiable_learners/intrinsic_attention_ppo_learner/__all_modules__/num_module_steps_trained_lifetime,learners/differentiable_learners/intrinsic_attention_ppo_learner/__all_modules__/num_env_steps_trained_lifetime,learners/differentiable_learners/intrinsic_attention_ppo_learner/__all_modules__/num_module_steps_trained,learners/differentiable_learners/intrinsic_attention_ppo_learner/__all_modules__/num_env_steps_trained_lifetime_throughput,evaluation/env_runners/env_to_module_connector/timers/connectors/numpy_to_tensor,evaluation/env_runners/env_to_module_connector/timers/connectors/add_states_from_episodes_to_batch,evaluation/env_runners/env_to_module_connector/timers/connectors/batch_individual_items,evaluation/env_runners/env_to_module_connector/timers/connectors/add_time_dim_to_batch_and_zero_pad,evaluation/env_runners/env_to_module_connector/timers/connectors/add_observations_from_episodes_to_batch,evaluation/env_runners/module_to_env_connector/timers/connectors/tensor_to_numpy,evaluation/env_runners/module_to_env_connector/timers/connectors/un_batch_to_individual_items,evaluation/env_runners/module_to_env_connector/timers/connectors/listify_data_for_vector_env,evaluation/env_runners/module_to_env_connector/timers/connectors/remove_single_ts_time_rank_from_batch,evaluation/env_runners/module_to_env_connector/timers/connectors/normalize_and_clip_actions,evaluation/env_runners/module_to_env_connector/timers/connectors/get_actions
1,627500.0,False,1,aea65_00000,2025-08-11_18-18-25,1754929105,11.78651475906372,11.78651475906372,10689,Mac,127.0.0.1,11.78651475906372,1,11.650673374999315,9.08400397747755e-06,11.650479500065558,1.6742567499168217,9.767989707994275,0.0015982919139787555,0.006569339851663534,20.0,627500.0,-1.9,20,1.5087566574311838e-05,10.191744832559449,20,0.0005307977198966151,0.005794382850639521,5000.0,0.0,250.0,8.5,31375.0,8.91129661355258e-05,10.191744832559449,5.530432548001708e-05,-11.5,2946.0225841983547,5000,5250,"[array([[0.3283258 , 0.33330813, 0.33836606],
       [0.32843253, 0.3333092 , 0.3382583 ],
       [0.3285392 , 0.33331022, 0.3381505 ]], dtype=float32), array([[0.34077376, 0.31532335, 0.3439029 ],
       [0.34921345, 0.29449388, 0.3562927 ],
       [0.3397468 , 0.3178276 , 0.34242553]], dtype=float32), array([[0.35863012, 0.31703293, 0.32433695],
       [0.38479143, 0.30058807, 0.3146205 ],
       [0.3799048 , 0.3036298 , 0.31646544]], dtype=float32), array([[0.31335032, 0.30861276, 0.3780369 ],
       [0.31219447, 0.30721414, 0.38059142],
       [0.3272062 , 0.32563794, 0.3471558 ]], dtype=float32), array([[0.2889806 , 0.35332564, 0.35769367],
       [0.30755696, 0.34500584, 0.34743723],
       [0.30871364, 0.34448516, 0.34680128]], dtype=float32), array([[1.4572181e-01, 6.9158566e-01, 1.6269258e-01],
       [6.7540777e-01, 2.1410591e-05, 3.2457078e-01],
       [2.4422352e-01, 4.9889499e-01, 2.5688145e-01]], dtype=float32)]",1,0,0,0,0,0,47.352941176470594,82.02941176470588,0.00012917038445800144,627500.0,5000.0,6.436874177714233e-05,627500.0,-1.9,5000.0,-1.9,0.170024250051938,0.6929866075515747,1.0,-4.823450944968499e-05,5994,40.56212615966797,0.0021167397499084473,999.0,16595,0.20370948314666748,5994,0.0,1.0,0.0015431216992,9.149351171799935e-06,0.08079196512699127,0.26291683316230774,560.2628759528619,1.0,0.0,8266,1.0,0.0002715581955,0.0,5994,999.0,0.0015431216992,5994,560.2674610364572,0,11988,31500,24861,31500,11988,2944.4651589428204,17199932.975906428,8625882.59700102,0.0005916249938309193,20.0,5400,20,12.5,400,-14.5,0.12116745789535344,1.6577112943433578e-05,1.0,4.245763875262688e-05,0.005506506259553135,20,20,10.216013141322508,-2.2,20,10.216013141322508,7.04454732310564e-05,0.0001364714553562273,-2.2,400,400,-2.2,400,400,1.2405531519582544e-05,1.0372571938598834e-05,4.4940358413205656e-05,1.6017061628446245e-05,6.904581349255665e-06,1.1069798415504318e-05,3.015425688150733e-06,1.3128407681578644e-05,1.3767425501592277e-05,7.328446113858151e-06,2.8500996400272783e-06,0.008913707919418812,0.0008492079796269536,0.04085558303631842,0.1029449999332428,0.003506625071167946,0.01270116597879678,8.191599044948816e-05,999.0,35964,6.0,35964,6.0,0.0,35964,1.0,6.0,999.0,0.2630898952484131,0.692986011505127,6.0,-4.739691212307662e-05,35964,40.80678939819336,-0.002830028533935547,8.984894520835951e-06,0.20384513,189000,71928,189000,71928,46732.02087474282,1.379730468330117e-05,2.8260910766410944e-06,1.3935740743619527e-05,9.203808332218885e-06,3.80666103926372e-06,1.833465518862937e-05,7.062622349048779e-06,1.0678745853437644e-05,1.2987132458274773e-05,9.676211530472571e-06,5.1079628381818507e-05
1,10000.0,False,2,aea65_00000,2025-08-11_18-18-37,1754929117,11.600314855575562,23.386829614639282,10689,Mac,127.0.0.1,23.386829614639282,2,11.648827581659425,9.121494367718698e-06,11.648632896734634,1.6731396786682309,9.76518511550501,0.001598139834823087,0.005981216773067174,20.0,10000.0,-1.2600000000000002,20,1.4104458246227337e-05,10.36823839457432,20,0.037865742292923374,0.0053463548067957155,5000.0,1.0,250.0,8.5,500.0,4.8021057173731705e-05,10.36823839457432,3.220697126533112e-05,-11.5,3209.3013335151777,5000.0,5250.0,"[array([[0.31722775, 0.3389594 , 0.34381288],
       [0.31890726, 0.3383809 , 0.34271184],
       [0.31926823, 0.33825633, 0.34247544]], dtype=float32), array([[0.3420587 , 0.31274173, 0.3451996 ],
       [0.35336623, 0.2854952 , 0.36113852],
       [0.3408566 , 0.3155993 , 0.3435441 ]], dtype=float32), array([[0.357778  , 0.31696358, 0.32525843],
       [0.3770028 , 0.30439353, 0.3186036 ],
       [0.37286958, 0.30707455, 0.32005584]], dtype=float32), array([[0.31382146, 0.31678247, 0.369396  ],
       [0.31450063, 0.31736597, 0.36813337],
       [0.3255093 , 0.3267503 , 0.34774032]], dtype=float32), array([[0.29006484, 0.358166  , 0.35176918],
       [0.31344965, 0.3446677 , 0.3418827 ],
       [0.3114117 , 0.34583652, 0.34275174]], dtype=float32), array([[4.3207872e-01, 8.9496799e-02, 4.7842443e-01],
       [3.3124363e-01, 6.3901625e-06, 6.6874999e-01],
       [4.0938079e-01, 1.5461011e-01, 4.3600908e-01]], dtype=float32)]",1,0,0,0,0,0,48.52941176470588,81.88235294117646,0.00011971550718295376,10000.0,5000.0,6.00872535540533e-05,10000.0,-1.2600000000000002,5000.0,-1.2600000000000002,0.17198104130220598,0.6930484771728516,1.0,-0.0002922981802839786,11988,37.59238815307617,-0.0027472972869873047,999.0,16595,0.2034526765346527,5994,0.0,2.0,0.0015431216992,3.4653836337383837e-05,0.040395982563495636,0.26289886236190796,560.6478920484549,1.0,0.0,8266,2.0,0.0002715581955,0.0,5994,999.0,0.0015431216992,11988,560.652399564876,0,23976,63000,24861,31500,11988,2946.486641669409,17085012.057420824,8717947.61297557,0.0005890695739071816,20.0,10400,20,14.5,400,-14.5,0.12117205748567357,1.6931661725295708e-05,2.0,3.595363653838706e-05,0.005512810283107683,20,40,10.366003441359926,-3.2,20,10.366003441359926,6.361135578382648e-05,0.00012663557411178233,-3.2,400,800,-3.2,800,400,1.2124410256605141e-05,8.144532982697893e-06,4.0158376759832145e-05,1.544792840049548e-05,6.691081023979967e-06,1.057586625064336e-05,2.832851131122995e-06,1.257711750571824e-05,1.2795045911299634e-05,6.9731451362087644e-06,2.7714860724396503e-06,0.008913716259412466,0.0008491371502168477,0.04086078261607327,0.10294388743350283,0.003509815480792895,0.014650948898633942,8.204433019272982e-05,999.0,71928,11.0,35964,12.0,0.0,35964,1.0,12.0,999.0,0.26295924186706543,0.6930487155914307,11.0,-0.0002867782022804022,71928,37.58880615234375,-0.002733588218688965,3.3309181162621826e-05,0.2035078,189000,143856,378000,71928,46489.764064769945,1.3536131006450397e-05,2.902614062254966e-06,1.3555285856464208e-05,7.43240430936093e-06,2.8836524098203405e-06,1.6945943382883647e-05,6.6927806486145146e-06,1.1293447851641785e-05,1.3828674966501509e-05,8.616737537319424e-06,4.094232614586208e-05
1,-607500.0,False,3,aea65_00000,2025-08-11_18-18-47,1754929127,10.651832818984985,34.03866243362427,10689,Mac,127.0.0.1,34.03866243362427,3,11.636718560842635,9.156948607414962e-06,11.636519900687073,1.6724487993819175,9.75359211892942,0.0016142209355602972,0.005764552137933229,20.0,-607500.0,-1.9,20,1.4159856093744815e-05,10.36823839457432,20,0.04056798802415078,0.005416679997928438,5000.0,2.0,250.0,8.5,-30375.0,4.332121925807853e-05,10.36823839457432,3.4436127557160635e-05,-11.5,3188.596631425527,5000.0,5250.0,"[array([[0.32391077, 0.3288261 , 0.34726322],
       [0.3241123 , 0.32892483, 0.3469629 ],
       [0.32484224, 0.32928163, 0.34587613]], dtype=float32), array([[0.3377524 , 0.31781667, 0.34443098],
       [0.3421907 , 0.30131906, 0.3564902 ],
       [0.33623886, 0.3232226 , 0.3405386 ]], dtype=float32), array([[0.36121666, 0.3181994 , 0.32058394],
       [0.3822455 , 0.30688035, 0.31087413],
       [0.38099423, 0.30755174, 0.31145406]], dtype=float32), array([[0.3063052 , 0.3178739 , 0.37582082],
       [0.30939627, 0.31972918, 0.37087458],
       [0.32332242, 0.32780978, 0.34886783]], dtype=float32), array([[0.29003155, 0.347843  , 0.36212546],
       [0.3101495 , 0.3412741 , 0.34857643],
       [0.31470326, 0.33974448, 0.34555227]], dtype=float32), array([[4.2612427e-01, 9.0435281e-02, 4.8344055e-01],
       [2.9761484e-01, 7.8178236e-06, 7.0237738e-01],
       [3.9835715e-01, 1.7586663e-01, 4.2577615e-01]], dtype=float32)]",1,0,0,0,0,0,39.88666666666666,82.18666666666667,0.00012107194941774838,-607500.0,5000.0,6.05174311040427e-05,-607500.0,-1.9,5000.0,-1.9,0.17201169129944174,0.6930451393127441,1.0,-0.0001777587312972173,17982,39.58118438720703,-0.0019844770431518555,999.0,16595,0.2035309374332428,5994,0.0,3.0,0.0015431216992,1.9116165276500396e-05,0.020197991281747818,0.2628548741340637,562.0538408449187,1.0,0.0,8266,3.0,0.0002715581955,0.0,5994,999.0,0.0015431216992,17982,562.0582417778066,0,35964,94500,24861,31500,11988,2953.8720731609887,16905990.93576666,8849036.771071391,0.0005867872083210386,20.0,15400,20,14.5,400,-14.5,0.12194473816177342,1.9881228884240203e-05,3.0,4.693362846932061e-05,0.006712800623305763,20,60,10.368205581254823,-2.2,20,10.368205581254823,7.58702750761279e-05,0.0001542406710810548,-2.2,400,1200,-2.2,1200,400,1.2161067611578231e-05,8.260679473035112e-06,4.023628846938728e-05,1.568996665622974e-05,6.760459970805529e-06,1.1155962340281401e-05,2.826285183484995e-06,1.264379665640498e-05,1.3145000569078207e-05,7.023629094801594e-06,2.7941057209629745e-06,0.008914022436784578,0.0008491536991437898,0.04086364854004933,0.10296099605888595,0.0035134994163992816,0.014657494408602362,8.232721776003018e-05,999.0,107892,16.0,35964,18.0,0.0,35964,1.0,18.0,999.0,0.26292333006858826,0.6930455565452576,16.0,-0.00017362262587994337,107892,39.6265983581543,-0.0027724504470825195,1.838213393057231e-05,0.20359059,189000,215784,567000,71928,46078.22450403723,1.7128003475676025e-05,3.447026782100574e-06,1.567201419423483e-05,9.218933189619924e-06,3.9557811881473704e-06,2.052195835091988e-05,8.14359206726931e-06,1.3870166042158122e-05,1.3850197489029766e-05,1.0426052384210142e-05,5.4307441041675884e-05
1,-1225000.0,False,4,aea65_00000,2025-08-11_18-18-58,1754929138,10.97138786315918,45.01005029678345,10689,Mac,127.0.0.1,45.01005029678345,4,11.628798107734077,9.184548829682173e-06,11.62859863168027,1.6772858405483428,9.74070130731956,0.0016069828964496264,0.007697118124973794,20.0,-1225000.0,-1.9,20,2.4772922268258202e-05,10.36823839457432,20,0.037349887564683985,0.007435558123514056,5000.0,3.0,250.0,8.5,-61250.0,6.07703269466077e-05,10.36823839457432,4.819040855344421e-05,-11.5,2758.264820235779,5000.0,5250.0,"[array([[0.325357  , 0.33492365, 0.33971933],
       [0.32572302, 0.33485255, 0.33942452],
       [0.32590264, 0.33481753, 0.33927986]], dtype=float32), array([[0.3377524 , 0.31781667, 0.34443098],
       [0.34219074, 0.3013191 , 0.3564902 ],
       [0.33623886, 0.3232226 , 0.3405386 ]], dtype=float32), array([[0.3619083 , 0.32119617, 0.31689548],
       [0.3782423 , 0.31413916, 0.3076185 ],
       [0.3801054 , 0.31332907, 0.30656552]], dtype=float32), array([[0.30890548, 0.31208333, 0.37901112],
       [0.30968887, 0.3127741 , 0.37753704],
       [0.32437816, 0.32561484, 0.35000697]], dtype=float32), array([[0.28567553, 0.3607216 , 0.35360292],
       [0.30886132, 0.34730124, 0.3438374 ],
       [0.30683985, 0.3484638 , 0.3446964 ]], dtype=float32), array([[1.4838289e-01, 6.8943161e-01, 1.6218549e-01],
       [6.4160007e-01, 2.7489963e-05, 3.5837248e-01],
       [2.2595187e-01, 5.3649455e-01, 2.3755364e-01]], dtype=float32)]",1,0,0,0,0,0,45.212500000000006,82.43125,0.00016674716416531895,-1225000.0,5000.0,7.727157393329241e-05,-1225000.0,-1.9,5000.0,-1.9,0.1720239502271038,0.6930034756660461,1.0,-0.00014063561684451997,23976,39.784690856933594,0.0004557967185974121,999.0,16595,0.20355010032653809,5994,0.0,4.0,0.0015431216992,1.7544094589538872e-05,0.010098995640873909,0.26283231377601624,564.099208881266,1.0,0.0,8266,4.0,0.0002715581955,0.0,5994,999.0,0.0015431216992,23976,564.1034679908812,0,47952,126000,24861,31500,11988,2964.6169822224824,16712193.802135814,9005357.943847861,0.0005841526670277816,20.0,20400,20,14.5,400,-14.5,0.12188184703021752,1.4055536931788144e-05,4.0,3.172384076853807e-05,0.006352242642606143,20,80,10.368237912813044,-1.95,20,10.368237912813044,5.8665173695981983e-05,0.00011450741655712341,-1.95,400,1600,-1.95,1600,400,1.4463526629216249e-05,1.0163397029694454e-05,6.565887445464568e-05,2.0500631891208812e-05,8.228132789888797e-06,1.4017384644496868e-05,3.540513639404404e-06,1.6908797734987783e-05,1.7929893897211714e-05,9.20784340548796e-06,3.3914880275558378e-06,0.008927014302085617,0.0008499075817943086,0.040880797884660425,0.10294982359817602,0.0035192444226868685,0.014642567794068603,8.412602491944563e-05,999.0,143856,21.0,35964,24.0,0.0,35964,1.0,24.0,999.0,0.26289600133895874,0.6930047273635864,21.0,-0.00013702800788450986,143856,39.88587188720703,-0.0027321577072143555,1.687424082774669e-05,0.20360568,189000,287712,756000,71928,45557.56338002102,1.2184764344344042e-05,2.6803333602457813e-06,1.2425367936056797e-05,6.834284105742117e-06,2.7545407294918715e-06,1.5114498958221385e-05,6.4555415376091485e-06,1.0262695417204878e-05,1.1760470086875236e-05,7.898874604628742e-06,3.707501577297472e-05
1,-1842500.0,False,5,aea65_00000,2025-08-11_18-19-10,1754929150,11.386190176010132,56.39624047279358,10689,Mac,127.0.0.1,56.39624047279358,5,11.625089361657041,9.150203197142112e-06,11.624889690363393,1.6757390404718493,9.738467375496759,0.00160065056770753,0.005923298325671524,20.0,-1842500.0,-2.0599999999999996,20,1.3738467570886031e-05,10.36823839457432,20,0.03598061047592221,0.005227985328063369,5000.0,4.0,250.0,8.5,-92125.0,4.397372426793991e-05,10.36823839457432,3.1425840981429316e-05,-11.5,3264.04251167217,5000.0,5250.0,"[array([[0.32391077, 0.32882607, 0.34726316],
       [0.3241123 , 0.3289248 , 0.34696287],
       [0.3248422 , 0.32928163, 0.3458761 ]], dtype=float32), array([[0.3421098 , 0.31205598, 0.34583426],
       [0.35047096, 0.29134947, 0.35817957],
       [0.34109187, 0.31454635, 0.34436178]], dtype=float32), array([[0.36121666, 0.31819946, 0.32058397],
       [0.38224542, 0.3068804 , 0.31087422],
       [0.3809941 , 0.30755177, 0.31145412]], dtype=float32), array([[0.30942902, 0.31974873, 0.37082228],
       [0.31251776, 0.32158008, 0.36590222],
       [0.3264269 , 0.32954845, 0.34402463]], dtype=float32), array([[0.28898054, 0.3533257 , 0.3576937 ],
       [0.30755693, 0.34500584, 0.34743723],
       [0.3087136 , 0.34448516, 0.34680128]], dtype=float32), array([[4.2806652e-01, 1.0232697e-01, 4.6960655e-01],
       [3.3330145e-01, 7.4209147e-06, 6.6669112e-01],
       [4.0143386e-01, 1.7496753e-01, 4.2359862e-01]], dtype=float32)]",1,0,0,0,0,0,47.01875,82.30625,0.00011718419177527823,-1842500.0,5000.0,5.904456716417667e-05,-1842500.0,-2.0599999999999996,5000.0,-2.0599999999999996,0.17200266822488072,0.6928512454032898,1.0,-0.00042691416456364095,29970,39.19056701660156,0.0015208125114440918,999.0,16595,0.20327258110046387,5994,0.0,5.0,0.0015431216992,4.071129660587758e-05,0.0050494978204369545,0.26284319162368774,565.9411663597504,1.0,0.0,8266,5.0,0.0002715581955,0.0,5994,999.0,0.0015431216992,29970,565.9452591507774,0,59940,157500,24861,31500,11988,2974.292413441439,16499531.890548255,9159554.16445646,0.0005813948902645951,20.0,25400,20,14.5,400,-14.5,0.12183155940057486,1.3957337667763471e-05,5.0,3.242986608608149e-05,0.006146070762770251,20,100,10.368238387501162,-1.8,20,10.368238387501162,5.820760244021394e-05,0.00011440174950253526,-1.8,400,2000,-1.8,2000,400,1.1935481135529714e-05,7.975550123679672e-06,3.8752133422831944e-05,1.5081074962649019e-05,6.562973356831904e-06,1.0592602992890657e-05,2.784245947183135e-06,1.2358393681886674e-05,1.2503688022525502e-05,6.806199445382821e-06,2.7385191194062236e-06,0.008923188328882253,0.000849764755867587,0.04087803740625095,0.10294840786217331,0.0035228690574992906,0.014626604615928986,8.401309384819703e-05,999.0,179820,26.0,35964,30.0,0.0,35964,1.0,30.0,999.0,0.2628720700740814,0.6928560733795166,26.0,-0.00041456628241576254,179820,39.324214935302734,-0.002707242965698242,3.858008494717069e-05,0.20331323,189000,359640,945000,71928,44959.59478761048,1.2054279320673516e-05,2.6086647627478526e-06,1.2471087876403684e-05,6.712666863129849e-06,2.7011653128142752e-06,1.5240482930090362e-05,6.463792436085804e-06,1.0225289483780884e-05,1.176543398306701e-05,7.922724363887435e-06,3.705781732817516e-05
1,-2460000.0,False,6,aea65_00000,2025-08-11_18-19-21,1754929161,10.870162010192871,67.26640248298645,10689,Mac,127.0.0.1,67.26640248298645,6,11.616276474291357,9.118291840107463e-06,11.616076320959523,1.6742478975670978,9.731074905491507,0.0016004103124657176,0.005630688724057565,20.0,-2460000.0,-0.54,20,1.3843650682782306e-05,10.36823839457432,20,0.03969136262031321,0.005244796308223158,5000.0,5.0,250.0,8.5,-123000.0,3.991335507253419e-05,10.36823839457432,3.170182088329164e-05,-11.5,3263.6129491778206,5000.0,5250.0,"[array([[0.31722775, 0.3389594 , 0.34381288],
       [0.31890726, 0.33838093, 0.34271184],
       [0.3192682 , 0.33825633, 0.34247544]], dtype=float32), array([[0.34347114, 0.31403312, 0.3424958 ],
       [0.35699183, 0.28842452, 0.35458362],
       [0.34390885, 0.31320158, 0.34288955]], dtype=float32), array([[0.36443123, 0.31646407, 0.3191047 ],
       [0.38553387, 0.3051172 , 0.30934894],
       [0.38427854, 0.30579007, 0.3099314 ]], dtype=float32), array([[0.30669567, 0.3169242 , 0.37638012],
       [0.31014493, 0.31913844, 0.37071663],
       [0.32812366, 0.33025065, 0.3416257 ]], dtype=float32), array([[0.28567564, 0.36072153, 0.35360283],
       [0.30886137, 0.34730124, 0.3438374 ],
       [0.30683985, 0.34846377, 0.34469634]], dtype=float32), array([[1.4838329e-01, 6.8943083e-01, 1.6218589e-01],
       [6.4159960e-01, 2.7491071e-05, 3.5837299e-01],
       [2.2595201e-01, 5.3649420e-01, 2.3755382e-01]], dtype=float32)]",1,0,0,0,0,0,38.95333333333333,81.79333333333334,0.00011737552906454455,-2460000.0,5000.0,5.9260239945508055e-05,-2460000.0,-0.54,5000.0,-0.54,0.17197880279321576,0.6926400065422058,1.0,-0.00046611158177256584,35964,38.32768249511719,0.0009474754333496094,999.0,16595,0.20321732759475708,5994,0.0,6.0,0.0015431216992,2.7073501769336872e-05,0.0025247489102184772,0.2628225088119507,567.8880933478612,1.0,0.0,8266,6.0,0.0002715581955,0.0,5994,999.0,0.0015431216992,35964,567.8919970984381,0,71928,189000,24861,31500,11988,2984.519192711139,16284445.377081584,9304436.8460207,0.0005792384406902047,20.0,30400,20,14.5,400,-14.5,0.1217578258862926,1.3879880768277082e-05,6.0,3.1270337853279726e-05,0.006088366588810459,20,120,10.368238394470474,-1.8,20,10.368238394470474,5.833025535254967e-05,0.00011370153100293661,-1.8,400,2400,-1.8,2400,400,1.1926591172742767e-05,7.992419320927314e-06,3.885151616627892e-05,1.5105498717091026e-05,6.600836623673992e-06,1.057186696491138e-05,2.7762813270926795e-06,1.2465492851147421e-05,1.2546521678400963e-05,6.833682979205306e-06,2.742231796425424e-06,0.00892341269601886,0.0008493808580998479,0.04087794578207363,0.1029407883735538,0.0035245811965198483,0.014609783570554168,8.390171234697272e-05,999.0,215784,31.0,35964,36.0,0.0,35964,1.0,36.0,999.0,0.26287704706192017,0.6926493048667908,31.0,-0.0004446649400051683,215784,38.43851089477539,-0.002649545669555664,2.471252082614228e-05,0.20328511,189000,431568,1134000,71928,44309.946682137444,1.2042270626949818e-05,2.6406693830546383e-06,1.2340316034442174e-05,6.775444559425088e-06,2.6997857346974436e-06,1.5058396322621426e-05,6.467084901713399e-06,1.0255954091234158e-05,1.1712851323765732e-05,7.827076257909507e-06,3.654870596473925e-05
1,-3077500.0,False,7,aea65_00000,2025-08-11_18-19-31,1754929171,10.315331220626831,77.58173370361328,10689,Mac,127.0.0.1,77.58173370361328,7,11.60202387704789,9.187108975872109e-06,11.601823346919273,1.6741876606813093,9.716819431856786,0.0015957278787855022,0.005604184369692233,20.0,-3077500.0,-0.38000000000000006,20,1.3859717939637865e-05,10.36823839457432,20,0.03854015198352241,0.0052558544971980144,5000.0,6.0,250.0,8.5,-153875.0,3.847671822304716e-05,10.36823839457432,3.1747553168958345e-05,-11.5,3254.902553694279,5000.0,5250.0,"[array([[0.32126984, 0.34327838, 0.33545175],
       [0.3225327 , 0.34222773, 0.33523956],
       [0.3220929 , 0.3425934 , 0.3353137 ]], dtype=float32), array([[0.34059018, 0.3151118 , 0.3442981 ],
       [0.3464928 , 0.2999903 , 0.3535169 ],
       [0.33974665, 0.31724966, 0.34300366]], dtype=float32), array([[0.35864204, 0.32231456, 0.31904337],
       [0.38129425, 0.31230173, 0.30640402],
       [0.38348672, 0.31132552, 0.30518773]], dtype=float32), array([[0.31630436, 0.31891298, 0.3647826 ],
       [0.31698096, 0.31949237, 0.3635266 ],
       [0.3279436 , 0.3288064 , 0.34324998]], dtype=float32), array([[0.28372708, 0.3559961 , 0.36027676],
       [0.30852336, 0.34472793, 0.34674874],
       [0.30986238, 0.34411588, 0.34602174]], dtype=float32), array([[4.2806634e-01, 1.0232737e-01, 4.6960628e-01],
       [3.3330205e-01, 7.4212339e-06, 6.6669059e-01],
       [4.0143374e-01, 1.7496780e-01, 4.2359847e-01]], dtype=float32)]",1,0,0,0,0,0,35.78,81.38000000000001,0.00011749586428413968,-3077500.0,5000.0,5.9417775979631256e-05,-3077500.0,-0.38000000000000006,5000.0,-0.38000000000000006,0.17195052310500158,0.6924732327461243,1.0,-0.0006876829429529607,41958,40.39973831176758,-0.0003936290740966797,999.0,16595,0.20299668610095978,5994,0.0,7.0,0.0015431216992,3.7968573451507837e-05,0.0012623744551092386,0.2628234028816223,570.4698422716385,1.0,0.0,8266,7.0,0.0002715581955,0.0,5994,999.0,0.0015431216992,41958,570.4735345240534,0,83916,220500,24861,31500,11988,2998.081958474061,16070860.921969889,9443069.398341373,0.0005747335573558138,20.0,35400,20,14.5,400,-14.5,0.12169341262698918,1.4406313408766122e-05,7.0,3.4117573170224965e-05,0.006041812888579443,20,140,10.368238394572801,-0.6,20,10.368238394572801,5.8841592135073234e-05,0.0001190069274162385,-0.6,400,2800,-0.6,2800,400,1.1947220751782369e-05,8.031498214095343e-06,3.883444657335409e-05,1.520537522619507e-05,6.608936279349839e-06,1.0542609619151534e-05,2.794418143112684e-06,1.2462355403592415e-05,1.2595105688519846e-05,6.8887894232528904e-06,2.74116864998102e-06,0.008922618148180439,0.0008512403798087943,0.04087545715366739,0.10293396215047267,0.003526063304496418,0.014589346985052473,8.358560490947235e-05,999.0,251748,36.0,35964,42.0,0.0,35964,1.0,42.0,999.0,0.2628819942474365,0.6924881935119629,36.0,-0.0006530472892336547,251748,40.46469497680664,-0.0027015209197998047,3.428589116083458e-05,0.20308235,189000,503496,1323000,71928,43637.52995059121,1.2797089263682135e-05,2.6333207095232964e-06,1.2347502316005726e-05,6.726671538872958e-06,2.7374127664147677e-06,1.5957287427991113e-05,6.59050830142391e-06,1.0576993768288665e-05,1.172516188664666e-05,7.969463445233188e-06,3.9433875634760094e-05
1,-3695000.0,False,8,aea65_00000,2025-08-11_18-19-43,1754929183,11.722136974334717,89.303870677948,10689,Mac,127.0.0.1,89.303870677948,8,11.601937821607219,9.171907852915388e-06,11.601736690119763,1.681683274074001,9.70807317795874,0.0015967006008541658,0.006591723482176849,20.0,-3695000.0,-0.06,20,2.2005290977548202e-05,10.36823839457432,20,0.035529012206948596,0.008458428860642016,5000.0,7.0,250.0,8.5,-184750.0,4.021023384987128e-05,10.36823839457432,8.142001154096517e-05,-11.5,2976.354256058246,5000.0,5250.0,"[array([[0.31967628, 0.33760035, 0.3427234 ],
       [0.3207229 , 0.3372789 , 0.34199825],
       [0.32101217, 0.33718988, 0.341798  ]], dtype=float32), array([[0.34059015, 0.3151118 , 0.34429806],
       [0.3464928 , 0.2999903 , 0.3535169 ],
       [0.33974665, 0.3172497 , 0.34300366]], dtype=float32), array([[0.36121655, 0.31819943, 0.320584  ],
       [0.3822452 , 0.30688047, 0.31087428],
       [0.3809939 , 0.30755183, 0.3114542 ]], dtype=float32), array([[0.30630532, 0.31787404, 0.37582058],
       [0.30939636, 0.31972927, 0.37087435],
       [0.32332242, 0.32780978, 0.3488678 ]], dtype=float32), array([[0.28708005, 0.35448003, 0.35843992],
       [0.3120414 , 0.34311914, 0.34483948],
       [0.31338876, 0.34250236, 0.34410885]], dtype=float32), array([[4.33484048e-01, 1.01358086e-01, 4.65157837e-01],
       [3.69360983e-01, 6.02656610e-06, 6.30632997e-01],
       [4.13020313e-01, 1.53657988e-01, 4.33321744e-01]], dtype=float32)]",1,0,0,0,0,0,43.54705882352941,82.49411764705881,0.00017415937754986627,-3695000.0,5000.0,8.35924242397976e-05,-3695000.0,-0.06,5000.0,-0.06,0.172772248703617,0.6922101974487305,1.0,-1.3369491171033587e-05,47952,37.24683380126953,-0.0006902217864990234,999.0,16595,0.20367774367332458,5994,0.0,8.0,0.0015431216992,1.5499330174861825e-06,0.0006311872275546193,0.2628317177295685,572.9004808108091,1.0,0.0,8266,8.0,0.0002715581955,0.0,5994,999.0,0.0015431216992,47952,572.9039595591853,0,95904,252000,24861,31500,11988,3010.850553390075,15870099.722470382,9584034.7248799,0.0005725624713649486,20.0,40400,20,14.5,400,-14.5,0.12164262767015875,1.4507820878544413e-05,8.0,3.260725856863016e-05,0.005277139983372763,20,160,10.3682383945743,-0.6,20,10.3682383945743,5.9138072133109126e-05,0.00011695535342773816,-0.6,400,3200,-0.6,3200,400,1.5967235246571333e-05,1.057372429203995e-05,6.776796376518745e-05,2.2092378509423807e-05,9.564114438109295e-06,1.3856551463421673e-05,3.6747003299974423e-06,1.837611206177181e-05,2.008672749088592e-05,9.37174575053977e-06,3.2995840192920805e-06,0.008983592806551548,0.0008629504757444971,0.04123329966264082,0.1031999508589837,0.0035297930917407914,0.014709042265100546,8.44368292269146e-05,999.0,287712,41.0,35964,48.0,0.0,35964,1.0,48.0,999.0,0.2628401815891266,0.6922107338905334,41.0,-1.2604345101863146e-05,287712,37.31297302246094,-0.002590656280517578,1.5272156588252983e-06,0.20368542,189000,575424,1512000,71928,42954.10481664118,1.241803879226607e-05,2.647302600046649e-06,1.2477759122110639e-05,6.917085565935556e-06,2.785480058044113e-06,1.582424331909048e-05,6.60247179883594e-06,1.0513139773548746e-05,1.1815545578083605e-05,7.957747504101476e-06,3.8283416561650096e-05
1,-4312500.0,False,9,aea65_00000,2025-08-11_18-19-55,1754929195,11.886479139328003,101.190349817276,10689,Mac,127.0.0.1,101.190349817276,9,11.603352013390559,9.21101864136178e-06,11.603149786558697,1.6885996505034293,9.700505218678735,0.001600377345120178,0.010067175761611005,20.0,-4312500.0,-1.9799999999999998,20,2.272722424030256e-05,10.36823839457432,20,0.03792131000278194,0.008192562710959462,5000.0,8.0,250.0,8.5,-215625.0,7.50098673570385e-05,10.36823839457432,5.1919812276675726e-05,-11.5,2409.330218600194,5000.0,5250.0,"[array([[0.32126984, 0.34327835, 0.33545172],
       [0.3225327 , 0.34222773, 0.33523956],
       [0.3220929 , 0.34259337, 0.33531368]], dtype=float32), array([[0.3398519 , 0.31798244, 0.34216565],
       [0.3513217 , 0.29047403, 0.35820428],
       [0.33863384, 0.3208654 , 0.3405008 ]], dtype=float32), array([[0.3618873 , 0.31425503, 0.32385767],
       [0.3811967 , 0.30168486, 0.3171184 ],
       [0.37704638, 0.3043653 , 0.31858826]], dtype=float32), array([[0.31176874, 0.31460527, 0.37362602],
       [0.31254876, 0.31529096, 0.3721603 ],
       [0.32716718, 0.32802796, 0.34480485]], dtype=float32), array([[0.27221176, 0.36150512, 0.36628315],
       [0.3036992 , 0.3470748 , 0.349226  ],
       [0.30520543, 0.3463799 , 0.3484147 ]], dtype=float32), array([[4.2612398e-01, 9.0435997e-02, 4.8343998e-01],
       [2.9761592e-01, 7.8184676e-06, 7.0237631e-01],
       [3.9835691e-01, 1.7586721e-01, 4.2577583e-01]], dtype=float32)]",1,0,0,0,0,0,49.125,80.6875,0.00018735129399794913,-4312500.0,5000.0,9.21357482217951e-05,-4312500.0,-1.9799999999999998,5000.0,-1.9799999999999998,0.17470116204582833,0.6922382116317749,1.0,-0.00010602030670270324,53946,39.229042053222656,0.0002415776252746582,999.0,16595,0.2035747617483139,5994,0.0,9.0,0.0015431216992,3.926859335479094e-06,0.00031559361377730966,0.26281845569610596,575.0055703897959,1.0,0.0,8266,9.0,0.0002715581955,0.0,5994,999.0,0.0015431216992,53946,575.008838720346,0,107892,283500,24861,31500,11988,3021.9083004217755,15666797.960880091,9712124.738548744,0.0005709222665836795,20.0,45400,20,14.5,400,-14.5,0.1217100868028142,1.5028555696079983e-05,9.0,3.3769352054287444e-05,0.005384462084621191,20,180,10.368238394574323,-0.4,20,10.368238394574323,6.157984147359152e-05,0.00012084846723811715,-0.4,400,3600,-0.4,3600,400,1.642655285196687e-05,1.1529491402186958e-05,7.283930741713352e-05,2.381718155131768e-05,9.84069504494059e-06,1.5154937781164703e-05,4.141020659413522e-06,1.7864130891467553e-05,2.215159905390565e-05,1.2105268115761941e-05,3.7628326517314144e-06,0.008986697298631201,0.0008654051310560558,0.04123431041525631,0.10331287760037479,0.003535320160856166,0.016512023513030195,8.549038109054318e-05,999.0,323676,46.0,35964,54.0,0.0,35964,1.0,54.0,999.0,0.2628630995750427,0.6922436356544495,46.0,-0.00010144121188204736,323676,39.312255859375,-0.0026023387908935547,3.5519326502253534e-06,0.20361471,189000,647352,1701000,71928,42275.31214142753,1.3099361403094194e-05,2.7869876517991057e-06,1.2988963160228292e-05,7.088172560696816e-06,2.8796275628483087e-06,1.6005397987979487e-05,6.860113191973852e-06,1.0732141839778433e-05,1.2250712073596218e-05,8.28696019446804e-06,3.989414600650109e-05
1,-4930000.0,False,10,aea65_00000,2025-08-11_18-20-05,1754929205,10.540741920471191,111.73109173774719,10689,Mac,127.0.0.1,111.73109173774719,10,11.59146346700688,9.18473782698164e-06,11.591260590772237,1.6879171998274434,9.689172381491742,0.0015988431509968276,0.006794798485075523,20.0,-4930000.0,-1.6599999999999997,20,1.4658925341555253e-05,10.36823839457432,20,0.0386626894628394,0.00553504745801911,5000.0,9.0,250.0,8.5,-246500.0,5.610868389764273e-05,10.36823839457432,3.388334762011172e-05,-11.5,3095.1662851032816,5000.0,5250.0,"[array([[0.32121205, 0.33065683, 0.3481311 ],
       [0.32176927, 0.33078793, 0.34744278],
       [0.32275993, 0.3310191 , 0.34622094]], dtype=float32), array([[0.33775237, 0.3178167 , 0.34443095],
       [0.34219062, 0.30131924, 0.35649008],
       [0.33623883, 0.3232226 , 0.3405386 ]], dtype=float32), array([[0.3577932 , 0.32296085, 0.31924587],
       [0.37405112, 0.31595784, 0.3099911 ],
       [0.3759061 , 0.31515357, 0.3089403 ]], dtype=float32), array([[0.3138216 , 0.31678265, 0.36939582],
       [0.31450078, 0.3173661 , 0.36813316],
       [0.32550934, 0.32675037, 0.34774032]], dtype=float32), array([[0.29307884, 0.35149732, 0.3554239 ],
       [0.31180266, 0.34309307, 0.34510428],
       [0.31296805, 0.34256732, 0.34446463]], dtype=float32), array([[1.4572233e-01, 6.9158453e-01, 1.6269313e-01],
       [6.7540711e-01, 2.1411674e-05, 3.2457152e-01],
       [2.4422376e-01, 4.9889457e-01, 2.5688162e-01]], dtype=float32)]",1,0,0,0,0,0,41.95333333333334,81.08666666666667,0.00012399593654631205,-4930000.0,5000.0,6.22612375045476e-05,-4930000.0,-1.6599999999999997,5000.0,-1.6599999999999997,0.1747037704252705,0.6916915774345398,1.0,-0.00012219716154504567,59940,37.18106460571289,0.0008524656295776367,999.0,16595,0.20357148349285126,5994,0.0,10.0,0.0015431216992,3.65800442523323e-05,0.00015779680688865483,0.26283395290374756,577.541955725672,1.0,0.0,8266,10.0,0.0002715581955,0.0,5994,999.0,0.0015431216992,59940,577.5450236548834,0,119880,315000,24861,31500,11988,3035.232654801915,15474740.564782003,9833438.909801159,0.0005685697039355864,20.0,50400,20,14.5,400,-14.5,0.12163670343516722,1.3901111206331325e-05,10.0,3.071593096196604e-05,0.00536299126688391,20,200,10.368238394574323,0.2,20,10.368238394574323,5.789254456524328e-05,0.0001131992477220659,0.2,400,4000,0.2,4000,400,1.248049030173131e-05,8.35798127686841e-06,4.205790433122229e-05,1.595703410702646e-05,6.888705637159065e-06,1.0958865287008393e-05,2.9246443126469406e-06,1.3071699926481352e-05,1.3464291992183757e-05,7.26048853455187e-06,2.838289077396368e-06,0.008987782404689544,0.0008665081598608731,0.04123269939086671,0.10332425132365153,0.0035405777888486687,0.016496977857187213,8.580838725841491e-05,999.0,359640,51.0,35964,60.0,0.0,35964,1.0,60.0,999.0,0.2628357708454132,0.6916955709457397,51.0,-0.00012043672904837877,359640,37.29368591308594,-0.0025197267532348633,3.59449622919783e-05,0.20358047,189000,719280,1890000,71928,41611.4295413884,1.2024767653532513e-05,2.6192588233531936e-06,1.2235319628419002e-05,6.700603632212654e-06,2.7261895029371565e-06,1.5111243581493422e-05,6.485006920961255e-06,1.0260467498372144e-05,1.1659891734933506e-05,7.868118840006143e-06,3.604553402087039e-05
1,-5547500.0,False,11,aea65_00000,2025-08-11_18-20-17,1754929217,11.743622779846191,123.47471451759338,10689,Mac,127.0.0.1,123.47471451759338,11,11.59171225358676,9.15664064309747e-06,11.591509141954033,1.6863161765792452,9.690983840175983,0.0015965667994495747,0.005761919873670843,20.0,-5547500.0,-0.86,20,1.3793141488251535e-05,10.36823839457432,20,0.03646135831210231,0.005244499837514012,5000.0,10.0,250.0,8.5,-277375.0,4.3128409207930674e-05,10.36823839457432,3.170199119623869e-05,-11.5,3258.575263672101,5000.0,5250.0,"[array([[0.3239759 , 0.34214103, 0.3338831 ],
       [0.32469624, 0.34145734, 0.33384648],
       [0.32437357, 0.34176347, 0.333863  ]], dtype=float32), array([[0.34217557, 0.31662047, 0.3412039 ],
       [0.35247478, 0.29724428, 0.35028088],
       [0.3425583 , 0.31589872, 0.341543  ]], dtype=float32), array([[0.36190817, 0.32119623, 0.31689557],
       [0.37824205, 0.31413934, 0.30761868],
       [0.3801051 , 0.3133292 , 0.30656567]], dtype=float32), array([[0.31594217, 0.31176051, 0.3722973 ],
       [0.31479642, 0.31036705, 0.37483647],
       [0.329663  , 0.3287104 , 0.3416266 ]], dtype=float32), array([[0.27562883, 0.3660428 , 0.35832837],
       [0.30541345, 0.3490338 , 0.34555268],
       [0.30311546, 0.35033607, 0.34654844]], dtype=float32), array([[4.2612389e-01, 9.0436541e-02, 4.8343965e-01],
       [2.9761666e-01, 7.8188687e-06, 7.0237547e-01],
       [3.9835674e-01, 1.7586766e-01, 4.2577556e-01]], dtype=float32)]",1,0,0,0,0,0,51.49411764705882,81.1470588235294,0.00011729688103843508,-5547500.0,5000.0,5.9356967284636644e-05,-5547500.0,-0.86,5000.0,-0.86,0.17465513481171438,0.6915342211723328,1.0,-4.417387117428007e-06,65934,38.37425231933594,4.780292510986328e-05,999.0,16595,0.20367684960365295,5994,0.0,11.0,0.0015431216992,1.1748552424251102e-05,7.889840344432741e-05,0.26281771063804626,579.1572258847282,1.0,0.0,8266,11.0,0.0002715581955,0.0,5994,999.0,0.0015431216992,65934,579.1600999961652,0,131868,346500,24861,31500,11988,3043.71650893182,15296096.265486902,9955014.080130795,0.0005657860872011511,20.0,55400,20,14.5,400,-14.5,0.12157464432060279,1.4031608869723464e-05,11.0,3.169934362346051e-05,0.005372437535552308,20,220,10.368238394574323,0.2,20,10.368238394574323,5.858282175667061e-05,0.00011435292656269466,0.2,400,4400,0.2,4400,400,1.1978025282791656e-05,8.014548206244046e-06,3.877153226094777e-05,1.5115277441103176e-05,6.5918964721787615e-06,1.049627484808609e-05,2.7843102841218506e-06,1.2393773926595363e-05,1.2595624309976517e-05,6.8740179189116325e-06,2.7447778021338165e-06,0.008986152080304169,0.000866532238721008,0.041230676147499104,0.10331562256104787,0.0035445103512444847,0.016456914328891015,8.603530349848353e-05,999.0,395604,56.0,35964,66.0,0.0,35964,1.0,66.0,999.0,0.26285409927368164,0.6915316581726074,56.0,-2.706589839363005e-06,395604,38.453460693359375,-0.0025311708450317383,1.1966414604103193e-05,0.20370886,189000,791208,2079000,71928,40958.9700110735,1.221114753393209e-05,2.646193877813251e-06,1.2380399089643873e-05,6.664788304835379e-06,2.752204019063563e-06,1.5317411763748362e-05,6.471564448576093e-06,1.0231984602302102e-05,1.1690511004181008e-05,7.905976537049449e-06,3.672124839753923e-05
1,-6165000.0,False,12,aea65_00000,2025-08-11_18-20-29,1754929229,11.635637998580933,135.11035251617432,10689,Mac,127.0.0.1,135.11035251617432,12,11.590899208551184,9.142984026645954e-06,11.590695897193584,1.686889638143448,9.68943382886451,0.0015909244615165891,0.006136208931107492,20.0,-6165000.0,-1.5,20,1.605743833788121e-05,10.36823839457432,20,0.04107686497301119,0.005972748295869678,5000.0,11.0,250.0,8.5,-308250.0,4.8076164330522116e-05,10.36823839457432,3.659007738770785e-05,-11.5,2986.318961157692,5000.0,5250.0,"[array([[0.32535696, 0.33492365, 0.33971936],
       [0.32572302, 0.33485255, 0.33942452],
       [0.32590258, 0.3348175 , 0.33927986]], dtype=float32), array([[0.34059012, 0.31511188, 0.34429803],
       [0.34649277, 0.29999048, 0.35351685],
       [0.33974662, 0.31724975, 0.34300363]], dtype=float32), array([[0.36574584, 0.31594324, 0.3183109 ],
       [0.39412436, 0.30085155, 0.30502412],
       [0.3926577 , 0.30162868, 0.30571362]], dtype=float32), array([[0.30890575, 0.31208357, 0.37901068],
       [0.30968907, 0.31277433, 0.3775366 ],
       [0.3243782 , 0.32561487, 0.35000688]], dtype=float32), array([[0.27740118, 0.35914016, 0.36345863],
       [0.3092332 , 0.34451976, 0.3462471 ],
       [0.31075457, 0.3438164 , 0.34542906]], dtype=float32), array([[4.28066015e-01, 1.02328375e-01, 4.69605595e-01],
       [3.33303273e-01, 7.42197790e-06, 6.66689336e-01],
       [4.01433378e-01, 1.74968645e-01, 4.23597932e-01]], dtype=float32)]",1,0,0,0,0,0,45.023529411764706,81.72941176470587,0.00013456460380534252,-6165000.0,5000.0,6.618244165948262e-05,-6165000.0,-1.5,5000.0,-1.5,0.17462958221413113,0.6912765502929688,1.0,-8.686859655426815e-05,71928,38.094974517822266,-0.00020360946655273438,999.0,16595,0.20360171794891357,5994,0.0,12.0,0.0015431216992,8.062930646701716e-06,3.944920172216371e-05,0.2628265619277954,580.228955090272,1.0,0.0,8266,12.0,0.0002715581955,0.0,5994,999.0,0.0015431216992,71928,580.231628420776,0,143856,378000,24861,31500,11988,3049.344063360155,15114807.105141746,10073606.252087185,0.0005630965562654055,20.0,60400,20,14.5,400,-14.5,0.1214994024569222,1.3702539739868976e-05,12.0,3.108210447036661e-05,0.005356253403006122,20,240,10.368238394574323,0.0,20,10.368238394574323,5.8057807276877294e-05,0.00011319886905932726,0.0,400,4800,0.0,4800,400,1.361638038821197e-05,8.886266673674062e-06,4.560806976991781e-05,1.816219125459777e-05,7.614889229685984e-06,1.1617485091930365e-05,3.0620297056360105e-06,1.3754785711318079e-05,1.505952330117506e-05,7.611084707839059e-06,2.972490286892212e-06,0.008986320979607032,0.0008665069157662872,0.04123086147686028,0.10331633508436487,0.003549093168354418,0.016425896846294422,8.608119950609909e-05,999.0,431568,61.0,35964,72.0,0.0,35964,1.0,72.0,999.0,0.262836217880249,0.6912777423858643,61.0,-8.412039460381493e-05,431568,38.167972564697266,-0.0024999380111694336,7.955499313538894e-06,0.20361325,189000,863136,2268000,71928,40315.8747336755,1.1937679002435747e-05,2.7097678510396753e-06,1.228420878665912e-05,6.768009430629289e-06,2.7037667640566584e-06,1.5126773701759489e-05,6.460206835300074e-06,1.0209381261670303e-05,1.1677163106662618e-05,7.830799049065027e-06,3.620578716475174e-05
1,-6782500.0,False,13,aea65_00000,2025-08-11_18-20-39,1754929239,10.363770008087158,145.47412252426147,10689,Mac,127.0.0.1,145.47412252426147,13,11.577404278136097,9.110723437851251e-06,11.577200696562544,1.6859451651024886,9.676804868915779,0.0015891231275848017,0.005990316315110713,20.0,-6782500.0,-0.9399999999999996,20,1.4454874167220626e-05,10.36823839457432,20,0.040246024554073764,0.005450804901309311,5000.0,12.0,250.0,8.5,-339125.0,4.694624672264525e-05,10.36823839457432,3.297765282645215e-05,-11.5,3138.44926386541,5000.0,5250.0,"[array([[0.32397592, 0.34214097, 0.33388314],
       [0.3246963 , 0.34145728, 0.33384648],
       [0.3243736 , 0.3417634 , 0.333863  ]], dtype=float32), array([[0.34205863, 0.31274185, 0.34519958],
       [0.353366  , 0.2854958 , 0.36113825],
       [0.34085655, 0.31559938, 0.34354407]], dtype=float32), array([[0.36347547, 0.32018954, 0.31633502],
       [0.3862478 , 0.31009442, 0.30365777],
       [0.38845074, 0.3091108 , 0.30243838]], dtype=float32), array([[0.30669594, 0.3169244 , 0.37637964],
       [0.31014517, 0.31913862, 0.37071624],
       [0.32812366, 0.33025068, 0.34162566]], dtype=float32), array([[0.2900321 , 0.3478428 , 0.36212516],
       [0.31014967, 0.34127405, 0.34857634],
       [0.31470338, 0.33974442, 0.3455522 ]], dtype=float32), array([[1.4572367e-01, 6.9158179e-01, 1.6269450e-01],
       [6.7540550e-01, 2.1413889e-05, 3.2457310e-01],
       [2.4422441e-01, 4.9889332e-01, 2.5688225e-01]], dtype=float32)]",1,0,0,0,0,0,37.693333333333335,81.54666666666665,0.00012193082714327746,-6782500.0,5000.0,6.149013410129383e-05,-6782500.0,-0.9399999999999996,5000.0,-0.9399999999999996,0.17459272056203293,0.690973162651062,1.0,-0.00015880331920925528,77922,38.9370002746582,-0.00021541118621826172,999.0,16595,0.20352940261363983,5994,0.0,13.0,0.0015431216992,1.7988986655836925e-05,1.9724600861081854e-05,0.26282545924186707,581.974787227322,1.0,0.0,8266,13.0,0.0002715581955,0.0,5994,999.0,0.0015431216992,77922,581.9772567462957,0,155844,409500,24861,31500,11988,3058.514359930297,14958127.254594995,10197008.15068243,0.0005588426710371019,20.0,65400,20,14.5,400,-14.5,0.12141154218247689,1.3763355802100183e-05,13.0,3.088609443408935e-05,0.005332974208286032,20,260,10.368238394574323,1.2,20,10.368238394574323,5.7981123971998275e-05,0.00011398760887530547,1.2,400,5200,1.2,5200,400,1.2235065107146056e-05,8.195777954899494e-06,4.127385208913078e-05,1.571968252048863e-05,6.7882730745105375e-06,1.084877002043835e-05,2.8650754450769585e-06,1.2968255527214939e-05,1.3346041399736189e-05,7.109335408803732e-06,2.8061911899187386e-06,0.00898544276984948,0.000866258937475339,0.041232904522384276,0.10331184548363678,0.0035543543269517495,0.01638794412829006,8.59891384170287e-05,999.0,467532,66.0,35964,78.0,0.0,35964,1.0,78.0,999.0,0.26283788681030273,0.6909804940223694,66.0,-0.0001548617728985846,467532,39.0013542175293,-0.0024837255477905273,1.7304733773926273e-05,0.20354581,189000,935064,2457000,71928,39697.235555932384,1.2083334717369594e-05,2.643497813361407e-06,1.231144197249721e-05,6.5909782958380474e-06,2.705342866662193e-06,1.5059935478234526e-05,6.553605599997242e-06,1.0222110407627419e-05,1.1754650709709051e-05,7.937461677887313e-06,3.674250543469999e-05
1,-7400000.0,False,14,aea65_00000,2025-08-11_18-20-51,1754929251,12.046626091003418,157.5207486152649,10689,Mac,127.0.0.1,157.5207486152649,14,11.580654202014761,9.085456052885179e-06,11.5804501825175,1.6964186184515393,9.669053322305942,0.001588293985387082,0.008892806759397392,20.0,-7400000.0,-0.3,20,2.5530986176879468e-05,10.36823839457432,20,0.03622146362265555,0.009562905332073574,5000.0,13.0,250.0,8.5,-370000.0,6.569920331221725e-05,10.36823839457432,0.00010001936673404907,-11.5,2457.0529754142335,5000.0,5250.0,"[array([[0.31722778, 0.33895937, 0.34381285],
       [0.31890732, 0.33838093, 0.34271184],
       [0.31926826, 0.3382563 , 0.3424754 ]], dtype=float32), array([[0.33775234, 0.3178168 , 0.3444309 ],
       [0.3421906 , 0.3013195 , 0.3564899 ],
       [0.33623883, 0.32322264, 0.34053856]], dtype=float32), array([[0.3586419 , 0.32231462, 0.3190435 ],
       [0.3812938 , 0.3123019 , 0.3064043 ],
       [0.38348624, 0.31132573, 0.30518803]], dtype=float32), array([[0.3184685 , 0.31425348, 0.367278  ],
       [0.3174915 , 0.31302425, 0.3694842 ],
       [0.3286857 , 0.3272877 , 0.34402663]], dtype=float32), array([[0.285676  , 0.3607213 , 0.3536027 ],
       [0.3088615 , 0.34730116, 0.34383735],
       [0.30684003, 0.34846368, 0.34469634]], dtype=float32), array([[1.4838512e-01, 6.8942720e-01, 1.6218774e-01],
       [6.4159805e-01, 2.7494465e-05, 3.5837451e-01],
       [2.2595324e-01, 5.3649175e-01, 2.3755497e-01]], dtype=float32)]",1,0,0,0,0,0,51.39411764705883,81.88823529411764,0.000191588552466055,-7400000.0,5000.0,9.631023371913514e-05,-7400000.0,-0.3,5000.0,-0.3,0.17482164794678384,0.6901412606239319,1.0,-0.00014064740389585495,83916,37.20138931274414,0.00021028518676757812,999.0,16595,0.2035488784313202,5994,0.0,14.0,0.0015431216992,4.59786897408776e-05,9.862300430540927e-06,0.26282551884651184,583.5245959656197,1.0,0.0,8266,14.0,0.0002715581955,0.0,5994,999.0,0.0015431216992,83916,583.5268766719299,0,167832,441000,24861,31500,11988,3066.6546789001754,14805399.092802286,10308064.839312166,0.0005564242440174573,20.0,70400,20,14.5,400,-14.5,0.12146934301018623,1.5858826245369272e-05,14.0,3.778746970824397e-05,0.005330247564706951,20,280,10.368238394574323,0.6,20,10.368238394574323,6.410941831463776e-05,0.00012918084112406702,0.6,400,5600,0.6,5600,400,1.7557470951713823e-05,1.2132273042794346e-05,7.425332026924894e-05,2.467696666314198e-05,9.154450423026994e-06,1.5869814651194725e-05,4.219537261750062e-06,2.011520667069862e-05,2.415103166143215e-05,1.1305373201647026e-05,4.042657471974961e-06,0.009022724171685367,0.0008671721881863304,0.04128448755673684,0.103465312857928,0.0035641495340334524,0.016363690937609466,8.61404968749806e-05,999.0,503496,71.0,35964,84.0,0.0,35964,1.0,84.0,999.0,0.262831449508667,0.6901451349258423,71.0,-0.00013867588131688535,503496,37.29423904418945,-0.0024052858352661133,4.549261575448327e-05,0.20356278,189000,1006992,2646000,71928,39104.060881811005,1.3708200116271947e-05,3.075036822407269e-06,1.327552718002771e-05,7.39429222159402e-06,3.1756646067409235e-06,1.7069947549246513e-05,7.073184371410739e-06,1.1163115509478896e-05,1.2844795518486979e-05,8.448137097233893e-06,4.4332652299725026e-05
1,-8017500.0,False,15,aea65_00000,2025-08-11_18-21-03,1754929263,11.569092750549316,169.0898413658142,10689,Mac,127.0.0.1,169.0898413658142,15,11.579131148744839,9.102941083308127e-06,11.578926370692484,1.6973035189274501,9.666575961162645,0.0015888672954017084,0.007326636886143694,20.0,-8017500.0,-1.5,20,1.5120294589373977e-05,10.36823839457432,20,0.037790427160445686,0.006186477183364331,5000.0,14.0,250.0,8.5,-400875.0,5.8762184887214145e-05,10.36823839457432,6.196404335379166e-05,-11.5,2979.5927836715837,5000.0,5250.0,"[array([[0.3212698 , 0.34327832, 0.3354518 ],
       [0.3225327 , 0.3422277 , 0.33523962],
       [0.3220929 , 0.34259334, 0.33531377]], dtype=float32), array([[0.33888894, 0.3199149 , 0.34119615],
       [0.3474373 , 0.29891616, 0.35364652],
       [0.33784953, 0.3224383 , 0.33971217]], dtype=float32), array([[0.36188713, 0.31425515, 0.32385772],
       [0.38119632, 0.30168512, 0.31711853],
       [0.37704605, 0.30436555, 0.3185884 ]], dtype=float32), array([[0.30942926, 0.31974888, 0.3708218 ],
       [0.312518  , 0.32158026, 0.3659018 ],
       [0.32642692, 0.32954845, 0.34402454]], dtype=float32), array([[0.2900654 , 0.35816565, 0.3517689 ],
       [0.31344977, 0.3446676 , 0.34188265],
       [0.3114119 , 0.34583643, 0.34275168]], dtype=float32), array([[1.6816209e-01, 6.5315872e-01, 1.7867924e-01],
       [6.0906255e-01, 2.9990415e-05, 3.9090750e-01],
       [2.2804926e-01, 5.3503895e-01, 2.3691174e-01]], dtype=float32)]",1,0,0,0,0,0,51.449999999999996,82.825,0.00012694865605684935,-8017500.0,5000.0,6.31896167235293e-05,-8017500.0,-1.5,5000.0,-1.5,0.17479278979674434,0.6900541186332703,1.0,-1.664367300691083e-05,89910,39.49235916137695,0.0003840327262878418,999.0,16595,0.20366665720939636,5994,0.0,15.0,0.0015431216992,8.638427061669063e-06,4.931150215270463e-06,0.2628173828125,584.7984823202089,1.0,0.0,8266,15.0,0.0002715581955,0.0,5994,999.0,0.0015431216992,89910,584.8002976604264,0,179820,472500,24861,31500,11988,3073.3452254395897,14622687.919355977,10382174.329760231,0.0005539908321688272,20.0,75400,20,14.5,400,-14.5,0.1214592916596221,1.3988691993295092e-05,15.0,3.1612282293715986e-05,0.005388767573749647,20,300,10.368238394574323,0.2,20,10.368238394574323,5.815098590263805e-05,0.00011482714137896784,0.2,400,6000,0.2,6000,400,1.2643265004618241e-05,8.518404761005356e-06,4.3729185625335884e-05,1.6158287569529075e-05,6.980677634420264e-06,1.1215567455035286e-05,2.9496668480296194e-06,1.3224099196085291e-05,1.3814996676257491e-05,7.379594635608533e-06,2.9043100829804942e-06,0.009022957339378811,0.0008670846259636888,0.04129125852124314,0.10346131972974561,0.0035665101185115154,0.01633013818755173,8.608992229444895e-05,999.0,539460,76.0,35964,90.0,0.0,35964,1.0,90.0,999.0,0.2628454566001892,0.6900515556335449,76.0,-1.4737577657797374e-05,539460,39.55903244018555,-0.002418041229248047,8.757011528359726e-06,0.20369184,189000,1078920,2835000,71928,38520.360898600455,1.2133085369628005e-05,2.713809429811492e-06,1.2213112703123804e-05,6.715899005739961e-06,2.7135567605740054e-06,1.5548105666081134e-05,6.50288750523184e-06,1.0212777285486445e-05,1.1696082791081482e-05,7.923999489879296e-06,3.7113950741920015e-05
1,-8635000.0,False,16,aea65_00000,2025-08-11_18-21-14,1754929274,11.468231916427612,180.55807328224182,10689,Mac,127.0.0.1,180.55807328224182,16,11.576716938087356,9.178582324581451e-06,11.576511542825502,1.6971189912379077,9.664229818631055,0.0015873523721750746,0.006482573098283452,20.0,-8635000.0,-1.1800000000000002,20,1.5557079699473086e-05,10.36823839457432,20,0.0395593099174586,0.005743658677674829,5000.0,15.0,250.0,8.5,-431750.0,4.8759459662541623e-05,10.36823839457432,3.517969452468604e-05,-11.5,3023.025677401037,5000.0,5250.0,"[array([[0.32832584, 0.33330813, 0.33836603],
       [0.32843253, 0.3333092 , 0.33825827],
       [0.32853922, 0.33331025, 0.3381505 ]], dtype=float32), array([[0.3389217 , 0.3135683 , 0.34751   ],
       [0.34325734, 0.2971894 , 0.35955328],
       [0.33744085, 0.31893772, 0.34362146]], dtype=float32), array([[0.3612164 , 0.31819955, 0.32058406],
       [0.3822448 , 0.30688068, 0.3108745 ],
       [0.3809935 , 0.30755207, 0.3114544 ]], dtype=float32), array([[0.31625873, 0.31147724, 0.37226403],
       [0.3152735 , 0.31024414, 0.37448236],
       [0.3265688 , 0.32455915, 0.348872  ]], dtype=float32), array([[0.2930791 , 0.3514972 , 0.35542375],
       [0.31180274, 0.343093  , 0.34510422],
       [0.31296816, 0.34256727, 0.34446457]], dtype=float32), array([[1.4572366e-01, 6.9158185e-01, 1.6269445e-01],
       [6.7540574e-01, 2.1413569e-05, 3.2457283e-01],
       [2.4422453e-01, 4.9889314e-01, 2.5688234e-01]], dtype=float32)]",1,0,0,0,0,0,47.4375,82.8,0.00012884463294717067,-8635000.0,5000.0,6.398219924916578e-05,-8635000.0,-1.1800000000000002,5000.0,-1.1800000000000002,0.17481323023933995,0.6893087029457092,1.0,-0.00029751480906270444,95904,39.22507095336914,-0.00024771690368652344,999.0,16595,0.20338809490203857,5994,0.0,16.0,0.0015431216992,3.7842361052753404e-05,2.4655751076352317e-06,0.2628188729286194,585.7242786452406,1.0,0.0,8266,16.0,0.0002715581955,0.0,5994,999.0,0.0015431216992,95904,585.7257292612834,0,191808,504000,24861,31500,11988,3078.206640872587,14459899.473222561,10458481.313670391,0.0005515550941658318,20.0,80400,20,14.5,400,-14.5,0.12139406833301031,1.4303744978863948e-05,16.0,3.224993576697787e-05,0.005383939667372033,20,320,10.368238394574323,1.0,20,10.368238394574323,5.9311183400692496e-05,0.00011676905229848947,1.0,400,6400,1.0,6400,400,1.266691137617237e-05,8.542096110047977e-06,4.4396081404371484e-05,1.6617514826655265e-05,7.066124226741238e-06,1.1273383166916492e-05,2.9649695209660986e-06,1.3406577284175824e-05,1.4053953962268257e-05,7.433445763430476e-06,2.938754286684105e-06,0.009021838175593135,0.0008676296088995066,0.0413069796852829,0.10346459362279958,0.003576171268164516,0.016321048055577193,8.764694253032588e-05,999.0,575424,81.0,35964,96.0,0.0,35964,1.0,96.0,999.0,0.26284149289131165,0.6893248558044434,81.0,-0.00029123920830897987,575424,39.272186279296875,-0.0023790597915649414,3.623227166826837e-05,0.20341781,189000,1150848,3024000,71928,37955.8707698506,1.2587377900663292e-05,2.6525921576510935e-06,1.2596371527687522e-05,6.855736631813499e-06,2.7621988877885003e-06,1.562513333869887e-05,6.59677377065901e-06,1.0467016754327079e-05,1.1910412847704266e-05,8.035754591773671e-06,3.8147079502785986e-05
1,-9252500.0,False,17,aea65_00000,2025-08-11_18-21-25,1754929285,11.128246784210205,191.68632006645203,10689,Mac,127.0.0.1,191.68632006645203,17,11.569076235375393,9.295965730828182e-06,11.56886811864679,1.6975380550754375,9.655992570854236,0.001611755507873084,0.00639493099228859,20.0,-9252500.0,-0.9399999999999996,20,1.572112710986886e-05,10.36823839457432,20,0.03978936766818263,0.005918789190240207,5000.0,16.0,250.0,8.5,-462625.0,5.555359976610435e-05,10.36823839457432,3.6455733947352325e-05,-11.5,2942.317616103068,5000.0,5250.0,"[array([[0.31722778, 0.3389594 , 0.34381285],
       [0.3189073 , 0.3383809 , 0.3427118 ],
       [0.31926826, 0.3382563 , 0.3424754 ]], dtype=float32), array([[0.33888894, 0.31991494, 0.34119615],
       [0.34743732, 0.29891613, 0.35364655],
       [0.33784953, 0.32243833, 0.33971217]], dtype=float32), array([[0.36054233, 0.3187236 , 0.32073408],
       [0.38876495, 0.30369276, 0.30754232],
       [0.38730547, 0.3044672 , 0.3082274 ]], dtype=float32), array([[0.3133505 , 0.308613  , 0.37803653],
       [0.31219462, 0.30721438, 0.38059098],
       [0.32720622, 0.32563797, 0.34715575]], dtype=float32), array([[0.28240624, 0.35659266, 0.36100107],
       [0.30713648, 0.34536147, 0.34750205],
       [0.3084722 , 0.3447513 , 0.34677652]], dtype=float32), array([[4.2806605e-01, 1.0232834e-01, 4.6960565e-01],
       [3.3330306e-01, 7.4218456e-06, 6.6668957e-01],
       [4.0143338e-01, 1.7496873e-01, 4.2359793e-01]], dtype=float32)]",1,0,0,0,0,0,41.412499999999994,82.28750000000001,0.00013218337302147603,-9252500.0,5000.0,6.66463131323962e-05,-9252500.0,-0.9399999999999996,5000.0,-0.9399999999999996,0.17484742001705394,0.6887230277061462,1.0,-0.0001818354066926986,101898,37.80691909790039,-0.00017213821411132812,999.0,16595,0.20350442826747894,5994,0.0,17.0,0.0015431216992,1.1926197657885496e-05,1.2327875538176158e-06,0.2628185451030731,586.8100011094824,1.0,0.0,8266,17.0,0.0002715581955,0.0,5994,999.0,0.0015431216992,101898,586.8111886841652,0,203796,535500,24861,31500,11988,3083.908621729233,14315430.195606925,10537039.560888086,0.0005501453835681556,20.0,85400,20,14.5,400,-14.5,0.123055748479553,5.4060376389155955e-05,17.0,0.00010641760984401541,0.0069523121288511906,20,340,10.368238394574323,0.8,20,10.368238394574323,0.0001544085196290509,0.0003595805170279045,0.8,400,6800,0.8,6800,400,1.2977193876323954e-05,8.787442097131177e-06,4.621518857705838e-05,1.6945118548253257e-05,7.119359217013765e-06,1.1546902894737792e-05,3.0879759116844385e-06,1.371302961857448e-05,1.528175397558087e-05,7.819501798773738e-06,3.012092996069973e-06,0.00902496604477918,0.0008674683124553423,0.04133797154793939,0.1034904314367603,0.0035790012160420485,0.016292100074653735,8.838922233426005e-05,999.0,611388,86.0,35964,102.0,0.0,35964,1.0,102.0,999.0,0.26283642649650574,0.6887383460998535,86.0,-0.0001749054790707305,611388,37.88269805908203,-0.0023277997970581055,1.1137594810861629e-05,0.20352705,189000,1222776,3213000,71928,37427.02528140992,4.196033532280475e-05,7.0994774891050765e-06,3.081765388181259e-05,1.9007044438619023e-05,7.66054263159504e-06,4.8880829784086447e-05,1.5834771960026008e-05,3.350896469187449e-05,3.033388580067777e-05,2.610366165214384e-05,0.00014256055176150217
1,-9870000.0,False,18,aea65_00000,2025-08-11_18-21-36,1754929296,11.030533790588379,202.7168538570404,10689,Mac,127.0.0.1,202.7168538570404,18,11.562431465930871,9.32258556379409e-06,11.562221635380238,1.7005033411951285,9.646068877235644,0.001610758782715569,0.007177295975646609,20.0,-9870000.0,-2.379999999999999,20,1.8989788482964573e-05,10.36823839457432,20,0.03867939586175055,0.0068168131429702065,5000.0,17.0,250.0,8.5,-493500.0,6.07462472127786e-05,10.36823839457432,4.3223087233004426e-05,-11.5,2786.4656412122918,5000.0,5250.0,"[array([[0.31722775, 0.3389594 , 0.34381285],
       [0.3189073 , 0.33838093, 0.34271184],
       [0.31926823, 0.3382563 , 0.3424754 ]], dtype=float32), array([[0.33888894, 0.31991494, 0.34119615],
       [0.34743732, 0.2989161 , 0.35364655],
       [0.3378495 , 0.3224383 , 0.33971214]], dtype=float32), array([[0.36190808, 0.3211963 , 0.31689566],
       [0.37824184, 0.3141394 , 0.3076188 ],
       [0.3801049 , 0.3133293 , 0.30656585]], dtype=float32), array([[0.31335047, 0.30861297, 0.37803653],
       [0.3121946 , 0.30721435, 0.380591  ],
       [0.3272062 , 0.32563797, 0.34715575]], dtype=float32), array([[0.27558386, 0.3535962 , 0.37082   ],
       [0.30169022, 0.34471434, 0.35359547],
       [0.30682537, 0.34291083, 0.35026377]], dtype=float32), array([[1.4838469e-01, 6.8942803e-01, 1.6218731e-01],
       [6.4159858e-01, 2.7493359e-05, 3.5837400e-01],
       [2.2595307e-01, 5.3649211e-01, 2.3755480e-01]], dtype=float32)]",1,0,0,0,0,0,47.7875,82.18125,0.00015313272125089394,-9870000.0,5000.0,7.382369167665957e-05,-9870000.0,-2.379999999999999,5000.0,-2.379999999999999,0.17495234414716024,0.6877498030662537,1.0,-0.0002694185241125524,107892,38.04947280883789,0.0006440877914428711,999.0,16595,0.20342767238616943,5994,0.0,18.0,0.0015431216992,5.0622376875253394e-05,6.163937769088079e-07,0.2628304958343506,588.083554243012,1.0,0.0,8266,18.0,0.0002715581955,0.0,5994,999.0,0.0015431216992,107892,588.0845168663332,0,215784,567000,24861,31500,11988,3090.5978663695396,14192817.15247228,10622547.578370282,0.000547708520005899,20.0,90400,20,14.5,400,-14.5,0.12295549933482824,1.4317652407502359e-05,18.0,3.187181811647414e-05,0.006949102139333263,20,360,10.368238394574323,-0.4,20,10.368238394574323,5.923179354975749e-05,0.0001157863413455665,-0.4,400,7200,-0.4,7200,400,1.4324416194818555e-05,9.928369323959638e-06,5.593233104537897e-05,1.9761279238989793e-05,8.056319491767547e-06,1.3021263857082958e-05,3.4637936506268457e-06,1.5372647157517165e-05,1.735474269327525e-05,8.645172456504222e-06,3.26289294025538e-06,0.009039695974145707,0.0008683636288598377,0.04138266974188489,0.1035422479524551,0.0035923149537975853,0.016271031573125854,8.836700023433065e-05,999.0,647352,91.0,35964,108.0,0.0,35964,1.0,108.0,999.0,0.26282334327697754,0.6877639889717102,91.0,-0.00026476496714167297,647352,38.142608642578125,-0.0022852420806884766,4.924099630443379e-05,0.2034347,189000,1294704,3402000,71928,36927.147238533515,1.235788474282402e-05,2.6957185835334898e-06,1.2504165172112284e-05,6.924328280584674e-06,2.7884860557165268e-06,1.5383180359595387e-05,6.556559940363473e-06,1.0541605471910998e-05,1.1843900110882801e-05,8.045365062878229e-06,3.759931089387371e-05
1,-10487500.0,False,19,aea65_00000,2025-08-11_18-21-48,1754929308,11.185288906097412,213.90214276313782,10689,Mac,127.0.0.1,213.90214276313782,19,11.557412877111995,9.321859830420177e-06,11.55720298319616,1.7010559036128894,9.640435639713802,0.0016085699446436617,0.006646411513476785,20.0,-10487500.0,-0.6199999999999999,20,1.4767740462439171e-05,10.36823839457432,20,0.03691572249664165,0.006089281348511578,5000.0,18.0,250.0,8.5,-524375.0,5.012770218572563e-05,10.36823839457432,6.358990613884991e-05,-11.5,3060.737981558311,5000.0,5250.0,"[array([[0.32535696, 0.33492368, 0.33971936],
       [0.32572296, 0.33485255, 0.33942452],
       [0.32590258, 0.33481753, 0.33927986]], dtype=float32), array([[0.34205863, 0.31274182, 0.34519956],
       [0.35336605, 0.28549564, 0.3611383 ],
       [0.34085658, 0.31559938, 0.34354407]], dtype=float32), array([[0.35564983, 0.32102624, 0.32332394],
       [0.37045678, 0.31292194, 0.31662124],
       [0.36941752, 0.31348926, 0.31709325]], dtype=float32), array([[0.30669588, 0.31692433, 0.3763798 ],
       [0.31014505, 0.31913853, 0.37071633],
       [0.3281237 , 0.33025065, 0.34162563]], dtype=float32), array([[0.2790864 , 0.35809034, 0.36282322],
       [0.3036493 , 0.34695283, 0.34939793],
       [0.30497652, 0.34634745, 0.3486761 ]], dtype=float32), array([[1.4572316e-01, 6.9158298e-01, 1.6269395e-01],
       [6.7540628e-01, 2.1412709e-05, 3.2457232e-01],
       [2.4422422e-01, 4.9889374e-01, 2.5688207e-01]], dtype=float32)]",1,0,0,0,0,0,44.89375,79.9625,0.0001246633228263354,-10487500.0,5000.0,6.237813644919e-05,-10487500.0,-0.6199999999999999,5000.0,-0.6199999999999999,0.17494291403584283,0.6871747970581055,1.0,-7.46352961868979e-05,113886,38.065086364746094,0.00013381242752075195,999.0,16595,0.20361186563968658,5994,0.0,19.0,0.0015431216992,1.5543804693152197e-05,3.0819688845440396e-07,0.26281577348709106,589.4611929263542,1.0,0.0,8266,19.0,0.0002715581955,0.0,5994,999.0,0.0015431216992,113886,589.4619099658324,0,227772,598500,24861,31500,11988,3097.834975931052,14045377.583598701,10671764.111186652,0.0005451364348070321,20.0,95400,20,14.5,400,-14.5,0.1228540930911835,1.3644568072886733e-05,19.0,3.081651771784095e-05,0.006822072496870533,20,380,10.368238394574323,0.0,20,10.368238394574323,5.7737748282757385e-05,0.00011281690855772727,0.0,400,7600,0.0,7600,400,1.2334383635476982e-05,8.336654622094048e-06,4.2692180981158544e-05,1.598911429113213e-05,6.871032734655428e-06,1.113796229020809e-05,2.9318507480283704e-06,1.307896145731221e-05,1.3464715501702058e-05,7.296433035976995e-06,2.8737412204574784e-06,0.009034732765050438,0.0008679566621126131,0.04140688721461657,0.10354966214346151,0.0035934838841337373,0.016234960006310462,8.816333075322997e-05,999.0,683316,96.0,35964,114.0,0.0,35964,1.0,114.0,999.0,0.2628352642059326,0.6871817708015442,96.0,-7.324339094338939e-05,683316,38.14149856567383,-0.0022499561309814453,1.5195904779830016e-05,0.20363088,189000,1366632,3591000,71928,36441.11350849167,1.205102488358717e-05,2.6618079342289753e-06,1.2193756681613245e-05,6.632509029754567e-06,2.7123130532802642e-06,1.5182610204503965e-05,6.508587832741071e-06,1.0068057968369268e-05,1.1571844428077064e-05,7.860900334419705e-06,3.602289433717407e-05
1,-11105000.0,True,20,aea65_00000,2025-08-11_18-21-59,1754929319,11.078108072280884,224.9802508354187,10689,Mac,127.0.0.1,224.9802508354187,20,11.551250768341038,9.344050725562326e-06,11.551040727534689,1.7006768554060807,9.634555182896085,0.001608403835566092,0.005850308872108463,20.0,-11105000.0,-0.4600000000000001,20,1.3906041011283042e-05,10.36823839457432,20,0.03853857443088314,0.005289265023078771,5000.0,19.0,250.0,8.5,-555250.0,4.088867698787609e-05,10.36823839457432,3.204328404986436e-05,-11.5,3234.679838104471,5000.0,5250.0,"[array([[0.32121202, 0.33065692, 0.34813103],
       [0.32176927, 0.33078805, 0.34744275],
       [0.32275993, 0.33101916, 0.3462209 ]], dtype=float32), array([[0.33985186, 0.31798252, 0.34216562],
       [0.3513216 , 0.2904743 , 0.35820416],
       [0.3386338 , 0.32086545, 0.34050077]], dtype=float32), array([[0.35863   , 0.317033  , 0.32433698],
       [0.38479108, 0.30058834, 0.3146206 ],
       [0.37990445, 0.30362996, 0.3164655 ]], dtype=float32), array([[0.30899417, 0.3118055 , 0.3792003 ],
       [0.3098768 , 0.31259555, 0.37752762],
       [0.32863012, 0.3292169 , 0.34215292]], dtype=float32), array([[0.2790864 , 0.3580903 , 0.36282322],
       [0.3036493 , 0.34695283, 0.34939793],
       [0.30497655, 0.34634745, 0.3486761 ]], dtype=float32), array([[4.33483809e-01, 1.01358734e-01, 4.65157479e-01],
       [3.69361341e-01, 6.02689670e-06, 6.30632699e-01],
       [4.13019985e-01, 1.53658763e-01, 4.33321297e-01]], dtype=float32)]",1,0,0,0,0,0,45.4,79.7125,0.00011850810967044789,-11105000.0,5000.0,5.9579234676375155e-05,-11105000.0,-0.4600000000000001,5000.0,-0.4600000000000001,0.17496399030587068,0.6862506866455078,1.0,-0.0004997423966415226,119880,38.085784912109375,0.00010371208190917969,999.0,16595,0.20318731665611267,5994,0.0,20.0,0.0015431216992,3.408439442864619e-05,1.5409844422720198e-07,0.2628147006034851,590.699174813512,1.0,0.0,8266,20.0,0.0002715581955,0.0,5994,999.0,0.0015431216992,119880,590.6996533810637,0,239760,630000,24861,31500,11988,3104.3381677238303,13889646.938002897,10701961.28367219,0.0005430454906916004,20.0,100400,20,14.5,400,-14.5,0.12285287800042634,1.5146435559980876e-05,20.0,3.415754614368802e-05,0.006835462466115132,20,400,10.368238394574323,-0.2,20,10.368238394574323,6.612344629824722e-05,0.00012485632422933754,-0.2,400,8000,-0.2,8000,400,1.2041056774879508e-05,8.06093086480419e-06,3.939987140164193e-05,1.5228609645019843e-05,6.662939923803539e-06,1.0615910466395123e-05,2.818295389307018e-06,1.241026442647257e-05,1.2676756689537301e-05,6.903931619298682e-06,2.743807902036219e-06,0.009030080016574675,0.0008676170961320879,0.04140485584311637,0.103615006771599,0.003594762795475982,0.01619729540687559,8.792335658069659e-05,999.0,719280,101.0,35964,120.0,0.0,35964,1.0,120.0,999.0,0.2628348767757416,0.6862901449203491,101.0,-0.00047891098074615,719280,38.160133361816406,-0.0022126436233520508,3.134092185064219e-05,0.20322889,189000,1438560,3780000,71928,35982.53361513715,1.4660283675695496e-05,2.8194988778286696e-06,1.4331678628357196e-05,7.79594696179939e-06,3.155953251809701e-06,1.6379772754072744e-05,6.743264171271088e-06,1.0616393242740237e-05,1.2065276443269035e-05,8.48238046428158e-06,4.269573901722167e-05
