num_training_step_calls_per_iteration,num_env_steps_sampled_lifetime,done,training_iteration,trial_id,date,timestamp,time_this_iter_s,time_total_s,pid,hostname,node_ip,time_since_restore,iterations_since_restore,timers/training_iteration,timers/restore_env_runners,timers/training_step,timers/env_runner_sampling_timer,timers/learner_update_timer,timers/synch_weights,env_runners/weights_seq_no,env_runners/env_to_module_sum_episodes_length_out,env_runners/num_episodes,env_runners/env_to_module_sum_episodes_length_in,env_runners/num_episodes_lifetime,env_runners/env_reset_timer,env_runners/episode_duration_sec_mean,env_runners/episode_return_min,env_runners/episode_len_max,env_runners/env_step_timer,env_runners/num_env_steps_sampled,env_runners/num_env_steps_sampled_lifetime,env_runners/episode_return_max,env_runners/episode_len_min,env_runners/sample,env_runners/episode_len_mean,env_runners/time_between_sampling,env_runners/rlmodule_inference_timer,env_runners/episode_return_mean,env_runners/num_env_steps_sampled_lifetime_throughput,__all_modules__/learner_connector_sum_episodes_length_in,__all_modules__/learner_connector_sum_episodes_length_out,learners/IntrinsicAttentionMask,evaluation/num_healthy_workers,evaluation/actor_manager_num_outstanding_async_reqs,evaluation/num_remote_worker_restarts,fault_tolerance/num_healthy_workers,fault_tolerance/num_remote_worker_restarts,env_runner_group/actor_manager_num_outstanding_async_reqs,perf/cpu_util_percent,perf/ram_util_percent,env_runners/module_to_env_connector/connector_pipeline_timer,env_runners/num_module_steps_sampled/default_policy,env_runners/env_to_module_connector/connector_pipeline_timer,env_runners/num_module_steps_sampled_lifetime/default_policy,env_runners/num_agent_steps_sampled_lifetime/default_agent,env_runners/agent_episode_returns_mean/default_agent,env_runners/module_episode_returns_mean/default_policy,env_runners/num_agent_steps_sampled/default_agent,__all_modules__/learner_connector/connector_pipeline_timer,learners/intrinsic_reward_module/gradients_default_optimizer_global_norm,learners/intrinsic_reward_module/module_train_batch_size_mean,learners/intrinsic_reward_module/total_loss,learners/intrinsic_reward_module/num_module_steps_trained_lifetime,learners/intrinsic_reward_module/diff_num_grad_updates_vs_sampler_policy,learners/intrinsic_reward_module/weights_seq_no,learners/intrinsic_reward_module/num_trainable_parameters,learners/intrinsic_reward_module/default_optimizer_learning_rate,learners/intrinsic_reward_module/curr_entropy_coeff,learners/intrinsic_reward_module/num_module_steps_trained,learners/intrinsic_reward_module/num_module_steps_trained_lifetime_throughput,learners/default_policy/entropy,learners/default_policy/mean_kl_loss,learners/default_policy/vf_loss_unclipped,learners/default_policy/curr_entropy_coeff,learners/default_policy/vf_explained_var,learners/default_policy/num_module_steps_trained,learners/default_policy/curr_kl_coeff,learners/default_policy/vf_loss,learners/default_policy/use_intrinsic_rewards,learners/default_policy/module_train_batch_size_mean,learners/default_policy/total_loss,learners/default_policy/num_module_steps_trained_lifetime,learners/default_policy/policy_loss,learners/default_policy/diff_num_grad_updates_vs_sampler_policy,learners/default_policy/weights_seq_no,learners/default_policy/num_trainable_parameters,learners/default_policy/num_module_steps_trained_lifetime_throughput,learners/__all_modules__/num_trainable_parameters,learners/__all_modules__/num_non_trainable_parameters,learners/__all_modules__/num_module_steps_trained,learners/__all_modules__/num_env_steps_trained,learners/__all_modules__/num_env_steps_trained_lifetime,learners/__all_modules__/num_module_steps_trained_lifetime,learners/__all_modules__/num_env_steps_trained_lifetime_throughput,learners/__all_modules__/num_module_steps_trained_throughput,learners/__all_modules__/num_module_steps_trained_lifetime_throughput,evaluation/env_runners/num_env_steps_sampled,evaluation/env_runners/episode_return_max,evaluation/env_runners/num_episodes,evaluation/env_runners/env_to_module_sum_episodes_length_in,evaluation/env_runners/num_episodes_lifetime,evaluation/env_runners/env_reset_timer,evaluation/env_runners/episode_duration_sec_mean,evaluation/env_runners/env_step_timer,evaluation/env_runners/episode_return_mean,evaluation/env_runners/env_to_module_sum_episodes_length_out,evaluation/env_runners/sample,evaluation/env_runners/episode_len_mean,evaluation/env_runners/weights_seq_no,evaluation/env_runners/episode_return_min,evaluation/env_runners/episode_len_max,evaluation/env_runners/num_env_steps_sampled_lifetime,evaluation/env_runners/episode_len_min,evaluation/env_runners/rlmodule_inference_timer,evaluation/env_runners/module_to_env_connector/connector_pipeline_timer,evaluation/env_runners/env_to_module_connector/connector_pipeline_timer,evaluation/env_runners/num_module_steps_sampled_lifetime/default_policy,evaluation/env_runners/num_agent_steps_sampled_lifetime/default_agent,evaluation/env_runners/num_agent_steps_sampled/default_agent,evaluation/env_runners/num_module_steps_sampled/default_policy,evaluation/env_runners/module_episode_returns_mean/default_policy,evaluation/env_runners/agent_episode_returns_mean/default_agent,env_runners/module_to_env_connector/timers/connectors/get_actions,env_runners/module_to_env_connector/timers/connectors/remove_single_ts_time_rank_from_batch,env_runners/module_to_env_connector/timers/connectors/tensor_to_numpy,env_runners/module_to_env_connector/timers/connectors/un_batch_to_individual_items,env_runners/module_to_env_connector/timers/connectors/normalize_and_clip_actions,env_runners/module_to_env_connector/timers/connectors/listify_data_for_vector_env,env_runners/env_to_module_connector/timers/connectors/add_observations_from_episodes_to_batch,env_runners/env_to_module_connector/timers/connectors/add_states_from_episodes_to_batch,env_runners/env_to_module_connector/timers/connectors/add_time_dim_to_batch_and_zero_pad,env_runners/env_to_module_connector/timers/connectors/batch_individual_items,env_runners/env_to_module_connector/timers/connectors/numpy_to_tensor,__all_modules__/learner_connector/timers/connectors/add_one_ts_to_episodes_and_truncate,__all_modules__/learner_connector/timers/connectors/add_observations_from_episodes_to_batch,__all_modules__/learner_connector/timers/connectors/add_columns_from_episodes_to_train_batch,__all_modules__/learner_connector/timers/connectors/add_time_dim_to_batch_and_zero_pad,__all_modules__/learner_connector/timers/connectors/add_states_from_episodes_to_batch,__all_modules__/learner_connector/timers/connectors/batch_individual_items,__all_modules__/learner_connector/timers/connectors/numpy_to_tensor,learners/differentiable_learners/intrinsic_attention_ppo_learner/default_policy/total_loss,learners/differentiable_learners/intrinsic_attention_ppo_learner/default_policy/num_module_steps_trained_lifetime,learners/differentiable_learners/intrinsic_attention_ppo_learner/default_policy/policy_loss,learners/differentiable_learners/intrinsic_attention_ppo_learner/default_policy/diff_num_grad_updates_vs_sampler_policy,learners/differentiable_learners/intrinsic_attention_ppo_learner/default_policy/weights_seq_no,learners/differentiable_learners/intrinsic_attention_ppo_learner/default_policy/entropy,learners/differentiable_learners/intrinsic_attention_ppo_learner/default_policy/mean_kl_loss,learners/differentiable_learners/intrinsic_attention_ppo_learner/default_policy/vf_loss,learners/differentiable_learners/intrinsic_attention_ppo_learner/default_policy/vf_loss_unclipped,learners/differentiable_learners/intrinsic_attention_ppo_learner/default_policy/vf_explained_var,learners/differentiable_learners/intrinsic_attention_ppo_learner/default_policy/num_module_steps_trained,learners/differentiable_learners/intrinsic_attention_ppo_learner/default_policy/use_intrinsic_rewards,learners/differentiable_learners/intrinsic_attention_ppo_learner/default_policy/module_train_batch_size_mean,learners/differentiable_learners/intrinsic_attention_ppo_learner/__all_modules__/num_module_steps_trained,learners/differentiable_learners/intrinsic_attention_ppo_learner/__all_modules__/num_env_steps_trained_lifetime,learners/differentiable_learners/intrinsic_attention_ppo_learner/__all_modules__/num_env_steps_trained,learners/differentiable_learners/intrinsic_attention_ppo_learner/__all_modules__/num_module_steps_trained_lifetime,learners/differentiable_learners/intrinsic_attention_ppo_learner/__all_modules__/num_env_steps_trained_lifetime_throughput,learners/differentiable_learners/intrinsic_attention_ppo_learner/intrinsic_reward_module/module_train_batch_size_mean,learners/differentiable_learners/intrinsic_attention_ppo_learner/intrinsic_reward_module/total_loss,learners/differentiable_learners/intrinsic_attention_ppo_learner/intrinsic_reward_module/num_module_steps_trained,learners/differentiable_learners/intrinsic_attention_ppo_learner/intrinsic_reward_module/num_module_steps_trained_lifetime,learners/differentiable_learners/intrinsic_attention_ppo_learner/intrinsic_reward_module/diff_num_grad_updates_vs_sampler_policy,learners/differentiable_learners/intrinsic_attention_ppo_learner/intrinsic_reward_module/weights_seq_no,evaluation/env_runners/module_to_env_connector/timers/connectors/tensor_to_numpy,evaluation/env_runners/module_to_env_connector/timers/connectors/un_batch_to_individual_items,evaluation/env_runners/module_to_env_connector/timers/connectors/listify_data_for_vector_env,evaluation/env_runners/module_to_env_connector/timers/connectors/remove_single_ts_time_rank_from_batch,evaluation/env_runners/module_to_env_connector/timers/connectors/normalize_and_clip_actions,evaluation/env_runners/module_to_env_connector/timers/connectors/get_actions,evaluation/env_runners/env_to_module_connector/timers/connectors/batch_individual_items,evaluation/env_runners/env_to_module_connector/timers/connectors/add_observations_from_episodes_to_batch,evaluation/env_runners/env_to_module_connector/timers/connectors/add_time_dim_to_batch_and_zero_pad,evaluation/env_runners/env_to_module_connector/timers/connectors/numpy_to_tensor,evaluation/env_runners/env_to_module_connector/timers/connectors/add_states_from_episodes_to_batch
1,627500.0,False,1,ba9d3_00000,2025-08-11_18-26-20,1754929580,11.317835092544556,11.317835092544556,11057,Mac,127.0.0.1,11.317835092544556,1,11.098152374965139,2.987496554851532e-05,11.097905250033364,1.672623416990973,9.208624458056875,0.0015072920359671116,0.0,10.191744832559449,250.0,10.191744832559449,31375.0,0.00011212878303877136,0.005441154636908322,-9.5,20,1.5632183058992005e-05,5000.0,627500.0,10.5,20,0.007575700380536242,20.0,0.0007045051398453955,3.988988533794329e-05,-0.7000000000000002,2964.5349773209045,5000,5250,"[array([[0.33466443, 0.32455257, 0.34078306],
       [0.33366898, 0.33118856, 0.33514243],
       [0.33521727, 0.32066163, 0.3441211 ]], dtype=float32), array([[0.34701943, 0.3312788 , 0.32170177],
       [0.34102684, 0.33221272, 0.3267605 ],
       [0.337261  , 0.33277237, 0.32996666]], dtype=float32), array([[0.3466927 , 0.34569818, 0.30760914],
       [0.3462161 , 0.345259  , 0.30852485],
       [0.32628202, 0.32676378, 0.34695423]], dtype=float32), array([[0.34372807, 0.32183492, 0.33443698],
       [0.31666318, 0.35229698, 0.33103988],
       [0.3323909 , 0.33438808, 0.33322102]], dtype=float32), array([[0.33243102, 0.3333325 , 0.3342365 ],
       [0.3323962 , 0.33333245, 0.33427134],
       [0.33236143, 0.3333324 , 0.33430618]], dtype=float32), array([[0.33072466, 0.33910656, 0.33016878],
       [0.10017761, 0.8127948 , 0.0870276 ],
       [0.34483442, 0.3076785 , 0.34748712]], dtype=float32)]",1,0,0,0,0,0,45.5,80.10000000000001,0.000138558771538747,5000.0,7.415233565787037e-05,627500.0,627500.0,-0.7000000000000002,-0.7000000000000002,5000.0,0.17543570802081376,0.0,999.0,0.0,5994,1.0,1.0,8266,0.0002715581955,0.0015431216992,5994,520.595024771524,0.6883416175842285,2.334910095669329e-05,37.32540512084961,0.0015431216992,-0.00019621849060058594,5994,0.08079196512699127,0.26358267664909363,0.0,999.0,0.20386841893196106,5994,-0.00041749776573851705,1.0,1.0,16595,520.5890987771903,24861,0,11988,31500,31500,11988,2735.851173068679,33703134.81117954,15202867.862856064,400,12.5,20,10.216013141322508,20,0.0005509170005097985,0.008848431258229539,3.4698484345378e-05,-1.95,10.216013141322508,0.19477512501180172,20.0,1.0,-12.5,20,5400,20,8.242016178092239e-05,0.0003264898655119573,0.0001366600535523836,400,400,400,400,-1.95,-1.95,5.318689076821148e-05,1.2534907985246945e-05,1.608223351813888e-05,6.890200444322897e-06,1.1120320671131459e-05,1.1015039409459529e-05,3.6744737673788016e-06,2.9676701960795795e-06,8.136264802750519e-06,1.3827081592672253e-05,1.624664002366797e-05,0.009934458998031914,0.0008659579325467348,0.04351483297068626,0.10430462507065386,0.003614375018514693,0.012948583927936852,7.299997378140688e-05,0.20430084,35964,-0.00039930673665367067,6.0,6.0,0.6883121728897095,2.1338533770176582e-05,0.26411470770835876,37.414310455322266,-0.0022597312927246094,35964,1.0,999.0,71928,189000,189000,71928,51139.317628266566,999.0,0.0,35964,35964,6.0,6.0,3.421894302503519e-05,1.2443416669724097e-05,2.461468981623116e-05,1.911883329440872e-05,1.9128443551147458e-05,0.00016473249489593785,2.6979751015188454e-05,5.991813596908363e-06,1.669829064700174e-05,3.104218348099101e-05,6.678677237467313e-06
1,10000.0,False,2,ba9d3_00000,2025-08-11_18-26-31,1754929591,11.190108299255371,22.507943391799927,11057,Mac,127.0.0.1,22.507943391799927,2,11.097806677885819,2.9757055453956128e-05,11.097559070872377,1.6734897432406433,9.206183187225832,0.0015085432853084058,1.0,10.36823839457432,250.0,10.36823839457432,500.0,5.575584617169701e-05,0.005997402138542384,-9.5,20,1.6243981928096e-05,5000.0,10000.0,10.5,20,0.006502672335069527,20.0,0.03647216789405581,3.5964047934067594e-05,1.699999999999999,3015.2131754666166,5000.0,5250.0,"[array([[0.33465275, 0.34147307, 0.32387415],
       [0.33525226, 0.3455368 , 0.31921092],
       [0.33359915, 0.33489692, 0.33150396]], dtype=float32), array([[0.33385995, 0.33560598, 0.33053416],
       [0.3357842 , 0.34443995, 0.31977582],
       [0.329642  , 0.3187435 , 0.35161448]], dtype=float32), array([[0.34150606, 0.34091088, 0.31758305],
       [0.34102198, 0.34046322, 0.31851482],
       [0.32080933, 0.32164577, 0.3575449 ]], dtype=float32), array([[0.33783793, 0.33116233, 0.33099973],
       [0.29995424, 0.3493662 , 0.35067967],
       [0.2990529 , 0.34979767, 0.35114944]], dtype=float32), array([[0.33329096, 0.3333333 , 0.3333757 ],
       [0.33325619, 0.33333334, 0.33341053],
       [0.33322135, 0.3333333 , 0.3334453 ]], dtype=float32), array([[0.3316983 , 0.3386133 , 0.3296884 ],
       [0.17180224, 0.715335  , 0.11286271],
       [0.35744902, 0.24117713, 0.40137386]], dtype=float32)]",1,0,0,0,0,0,48.60666666666666,80.67333333333333,0.00013508769441250744,5000.0,6.768238228819689e-05,10000.0,10000.0,1.699999999999999,1.699999999999999,5000.0,0.17659833385027016,0.0,999.0,0.0,11988,1.0,2.0,8266,0.0002715581955,0.0015431216992,5994,521.8199847952225,0.6888928413391113,2.5156023184536025e-05,39.1546630859375,0.0015431216992,-0.0007290840148925781,5994,0.040395982563495636,0.26399388909339905,0.0,999.0,0.20447449386119843,11988,-0.00012916421110276133,1.0,2.0,16595,521.8141347975397,24861,0,11988,31500,63000,23976,2742.288702769563,33204444.545283075,15131678.134294426,400,14.5,20,10.366003441359926,40,0.0005489369900897145,0.007036467705620453,1.4178414460303902e-05,-2.95,10.366003441359926,0.19397379293222913,20.0,2.0,-12.5,20,10400,20,3.2855986341411924e-05,0.00011727186370613864,6.012020553743186e-05,800,800,400,400,-2.95,-2.95,4.69165021551656e-05,1.2938462511920385e-05,1.7771641218615866e-05,7.124585491431871e-06,9.273489707265159e-06,1.1690791875207996e-05,3.1794732018587393e-06,2.9619215008795146e-06,7.794116859347232e-06,1.3530953801413097e-05,1.5397632113519834e-05,0.009928501908434554,0.0008658550237305463,0.043493636721977966,0.10428427798906341,0.00361564960796386,0.01415836225845851,7.29112233966589e-05,0.20430237,71928,-0.00012678353232331574,11.0,12.0,0.6888877153396606,2.4744917027419433e-05,0.2637673020362854,39.10930633544922,-0.0020471811294555664,35964,1.0,999.0,71928,378000,189000,143856,50859.01623088711,999.0,0.0,35964,71928,11.0,12.0,1.5038568796998324e-05,6.728825503966444e-06,1.040759112490865e-05,1.1947719826556882e-05,8.03351325076231e-06,3.871406200661612e-05,1.2803388282605445e-05,2.9463238801258368e-06,6.901630374319104e-06,1.2471926548732573e-05,2.7627449562686702e-06
1,-607500.0,False,3,ba9d3_00000,2025-08-11_18-26-42,1754929602,10.806565999984741,33.31450939178467,11057,Mac,127.0.0.1,33.31450939178467,3,11.093643018607166,2.9558654455468057e-05,11.093395374323416,1.6730109958073356,9.20159916493315,0.0015079116027918644,2.0,10.36823839457432,250.0,10.36823839457432,-30375.0,4.327561969930892e-05,0.0055772018143907184,-9.5,20,1.487303853404011e-05,5000.0,-607500.0,10.5,20,0.005857218230689805,20.0,0.03818874344139294,3.389617391188021e-05,-1.1800000000000002,3130.5821774160468,5000.0,5250.0,"[array([[0.3290921 , 0.33579907, 0.33510885],
       [0.32699156, 0.3370227 , 0.33598575],
       [0.32720548, 0.336898  , 0.3358965 ]], dtype=float32), array([[0.3328362 , 0.3345769 , 0.33258688],
       [0.33089268, 0.3394224 , 0.32968488],
       [0.3331135 , 0.3338835 , 0.33300298]], dtype=float32), array([[0.33901894, 0.33804643, 0.32293463],
       [0.33881345, 0.33787683, 0.32330966],
       [0.33552995, 0.33515915, 0.32931083]], dtype=float32), array([[0.33926874, 0.33063316, 0.33009812],
       [0.3331765 , 0.3334046 , 0.33341894],
       [0.33279565, 0.33357763, 0.3336268 ]], dtype=float32), array([[0.33711705, 0.33765006, 0.3252329 ],
       [0.33736515, 0.33793384, 0.32470104],
       [0.33141416, 0.33115163, 0.3374342 ]], dtype=float32), array([[0.33072463, 0.33910674, 0.3301687 ],
       [0.10017509, 0.8127996 , 0.08702525],
       [0.34483454, 0.30767822, 0.34748727]], dtype=float32)]",1,0,0,0,0,0,40.0625,80.1625,0.00012493211544435215,5000.0,6.228947716747269e-05,-607500.0,-607500.0,-1.1800000000000002,-1.1800000000000002,5000.0,0.17738471218171764,0.0,999.0,0.0,17982,1.0,3.0,8266,0.0002715581955,0.0015431216992,5994,524.2079162279443,0.6897065043449402,3.0333974791574292e-05,36.95168685913086,0.0015431216992,0.00019788742065429688,5994,0.020197991281747818,0.263407826423645,0.0,999.0,0.20384937524795532,17982,-0.00029567713500000536,1.0,3.0,16595,524.2022340830836,24861,0,11988,31500,94500,35964,2754.838241983259,32439584.734222878,15005201.783156404,400,14.5,20,10.368205581254823,60,0.0005465530303306877,0.006416993720146517,1.375322868715778e-05,-1.2833333333333334,10.368205581254823,0.19316964000364537,20.0,3.0,-12.5,20,15400,20,3.1004196598712424e-05,0.00011174804191378314,5.798102242928773e-05,1200,1200,400,400,-1.2833333333333334,-1.2833333333333334,4.2476817491974374e-05,1.2578067236412527e-05,1.6098589601809786e-05,6.924535391781031e-06,8.332805877892337e-06,1.1052204625563335e-05,2.9397526547434724e-06,2.832016765675036e-06,7.308383505051642e-06,1.302064077374555e-05,1.347725206567022e-05,0.009920795639057177,0.0008659018843667582,0.043527806184010115,0.1050013777090935,0.003624315611505881,0.014188982805085834,7.519586053676904e-05,0.20401555,107892,-0.00028731769998557866,16.0,18.0,0.6896921992301941,2.9000801077927463e-05,0.2636059820652008,37.09755325317383,-0.001989603042602539,35964,1.0,999.0,71928,567000,189000,215784,50359.57509930411,999.0,0.0,35964,107892,16.0,18.0,1.445266677550117e-05,6.576931593357931e-06,1.0179055967348303e-05,1.167116570467965e-05,7.773295623575e-06,3.5483405705691134e-05,1.2379396923204899e-05,2.8126116621248193e-06,6.687025199149706e-06,1.1831982481012718e-05,2.6879422859098986e-06
1,-1225000.0,False,4,ba9d3_00000,2025-08-11_18-26-54,1754929614,11.853420972824097,45.167930364608765,11057,Mac,127.0.0.1,45.167930364608765,4,11.099996782581398,2.9379737018141894e-05,11.099748952240585,1.6814681529294444,9.199184781614667,0.0015036383257381384,3.0,10.36823839457432,250.0,10.36823839457432,-61250.0,5.256604710530957e-05,0.00875249934429303,-9.5,20,2.547733352219675e-05,5000.0,-1225000.0,10.5,20,0.007631468383365531,20.0,0.037493334664459296,5.4634298030664884e-05,0.019999999999999997,2672.0201075014725,5000.0,5250.0,"[array([[0.33465278, 0.3414731 , 0.32387412],
       [0.33525226, 0.3455368 , 0.3192109 ],
       [0.33359915, 0.33489692, 0.33150393]], dtype=float32), array([[0.33432832, 0.3308391 , 0.33483264],
       [0.33240345, 0.33565816, 0.33193842],
       [0.33460283, 0.33014953, 0.3352476 ]], dtype=float32), array([[0.33901897, 0.33804646, 0.32293457],
       [0.33881348, 0.33787686, 0.32330963],
       [0.33552995, 0.33515915, 0.32931083]], dtype=float32), array([[0.33510858, 0.33228588, 0.33260557],
       [0.33341262, 0.33328655, 0.33330086],
       [0.3336052 , 0.33317286, 0.33322197]], dtype=float32), array([[0.33711705, 0.33765006, 0.32523286],
       [0.33736515, 0.33793384, 0.324701  ],
       [0.3314142 , 0.33115166, 0.3374342 ]], dtype=float32), array([[0.3654948 , 0.2606055 , 0.37389967],
       [0.13275744, 0.7490612 , 0.1181813 ],
       [0.37692213, 0.2338676 , 0.38921028]], dtype=float32)]",1,0,0,0,0,0,47.07058823529411,80.0764705882353,0.0001995363422971453,5000.0,9.17447699027383e-05,-1225000.0,-1225000.0,0.019999999999999997,0.019999999999999997,5000.0,0.1775270996393034,0.0,999.0,0.0,23976,1.0,4.0,8266,0.0002715581955,0.0015431216992,5994,526.9574922329476,0.690244197845459,4.41492120444309e-05,40.51332473754883,0.0015431216992,0.0005252361297607422,5994,0.010098995640873909,0.26340529322624207,0.0,999.0,0.20368820428848267,23976,-0.00045369326835498214,1.0,4.0,16595,526.9520355022959,24861,0,11988,31500,126000,47952,2769.2885011786184,31575606.759588555,14881184.424829556,400,14.5,20,10.368237912813044,80,0.0005442408302081749,0.006110672387876548,1.3561221509741247e-05,-0.7,10.368237912813044,0.192374329013236,20.0,4.0,-12.5,20,20400,20,3.0636535641150307e-05,0.0001124137117594407,5.811072859466981e-05,1600,1600,400,400,-0.7,-0.7,7.65197054789929e-05,1.727391770858966e-05,2.7186846404742996e-05,9.813633939403692e-06,1.2836618434959881e-05,1.6110055913532285e-05,4.265117172991738e-06,4.109037406974139e-06,1.1798501188444224e-05,1.880248200665816e-05,2.21269798210176e-05,0.009959840182412765,0.0008662124565222767,0.04354555020147946,0.10509352351248846,0.0036333207847974265,0.014173006307155941,7.533806240698324e-05,0.20370895,143856,-0.00044258360867388546,21.0,24.0,0.6902276277542114,4.211579289403744e-05,0.2634100019931793,40.55880355834961,-0.0016796588897705078,35964,1.0,999.0,71928,756000,189000,287712,49706.69036042716,999.0,0.0,35964,143856,21.0,24.0,1.4529027949578618e-05,6.601903720003367e-06,1.0165106009299964e-05,1.1841950702606536e-05,7.924100739080783e-06,3.542765258005908e-05,1.2443040326688292e-05,2.7816635399045e-06,6.708997554078905e-06,1.1891364895376517e-05,2.714036647081237e-06
1,-1842500.0,False,5,ba9d3_00000,2025-08-11_18-27-06,1754929626,12.820784091949463,57.98871445655823,11057,Mac,127.0.0.1,57.98871445655823,5,11.115957263095398,2.914718924123328e-05,11.11571005646762,1.6831869239002735,9.21341157587756,0.0014980781927511385,4.0,10.36823839457432,250.0,10.36823839457432,-92125.0,6.07434777155705e-05,0.006369109287858014,-9.5,20,1.7711744309364753e-05,5000.0,-1842500.0,10.5,20,0.008262212352038908,20.0,0.03805576329182755,3.8050302634045255e-05,-2.2199999999999998,2928.1058621626125,5000.0,5250.0,"[array([[0.33459285, 0.3304638 , 0.3349434 ],
       [0.32856768, 0.34414563, 0.32728672],
       [0.3350931 , 0.32932255, 0.33558434]], dtype=float32), array([[0.34701952, 0.33127865, 0.32170177],
       [0.34102684, 0.33221263, 0.3267605 ],
       [0.33726102, 0.3327723 , 0.3299666 ]], dtype=float32), array([[0.34706035, 0.3223451 , 0.33059448],
       [0.33422026, 0.33261588, 0.3331638 ],
       [0.3385894 , 0.32909697, 0.33231357]], dtype=float32), array([[0.34372082, 0.33497193, 0.32130727],
       [0.3330584 , 0.33328643, 0.33365518],
       [0.31598467, 0.33001328, 0.354002  ]], dtype=float32), array([[0.34153327, 0.3289733 , 0.32949343],
       [0.32872227, 0.33578935, 0.33548832],
       [0.32925752, 0.3355041 , 0.33523834]], dtype=float32), array([[0.31591192, 0.37426153, 0.3098266 ],
       [0.10757659, 0.80705804, 0.08536538],
       [0.3374467 , 0.3234638 , 0.33908954]], dtype=float32)]",1,0,0,0,0,0,52.26666666666667,81.68333333333334,0.00014395407910453888,5000.0,7.315136879261741e-05,-1842500.0,-1842500.0,-2.2199999999999998,-2.2199999999999998,5000.0,0.17747901781310702,0.0,999.0,0.0,29970,1.0,5.0,8266,0.0002715581955,0.0015431216992,5994,528.8123436944178,0.6910266280174255,3.2415049645351246e-05,36.10761260986328,0.0015431216992,0.0007222294807434082,5994,0.0050494978204369545,0.263436496257782,0.0,999.0,0.20355047285556793,29970,-0.0006139727192930877,1.0,5.0,16595,528.8071387839892,24861,0,11988,31500,157500,59940,2779.036813751509,30642594.772393472,14729014.944543034,400,14.5,20,10.368238387501162,100,0.0005420330018324498,0.005920664167497307,1.3502514123193878e-05,-0.35,10.368238387501162,0.1915799619734228,20.0,5.0,-12.5,20,25400,20,3.0974853525242134e-05,0.00011185394484153113,5.780050538977779e-05,2000,2000,400,400,-0.35,-0.35,5.2320441176202796e-05,1.3493644067440935e-05,1.80337950766783e-05,9.721991978152546e-06,9.225179847348015e-06,1.1823875963258121e-05,6.434860795997213e-06,3.118251134516989e-06,8.12937784118761e-06,1.4176129644286107e-05,1.4874523947354155e-05,0.009950090951351683,0.0008658386721344408,0.043532139279801325,0.10507636910711173,0.003634650907971938,0.014164797915025645,7.542134123858532e-05,0.20355718,179820,-0.0005865287384949625,26.0,30.0,0.6910037398338318,2.9634094971697778e-05,0.26340407133102417,36.18130874633789,-0.0017881393432617188,35964,1.0,999.0,71928,945000,189000,359640,48929.072221268456,999.0,0.0,35964,179820,26.0,30.0,1.4382705843595297e-05,6.544389170753516e-06,1.0138318434217278e-05,1.191779819174412e-05,7.858335107743207e-06,3.5201934527881015e-05,1.2322205624446801e-05,2.8051018218280795e-06,6.613653343550895e-06,1.1680493569323597e-05,2.7011436114684556e-06
1,-2460000.0,False,6,ba9d3_00000,2025-08-11_18-27-18,1754929638,11.6714928150177,69.66020727157593,11057,Mac,127.0.0.1,69.66020727157593,6,11.120251625044297,2.8917387201405546e-05,11.120004671322711,1.6916277513314155,9.208622188458014,0.0014985220009157796,5.0,10.36823839457432,250.0,10.36823839457432,-123000.0,6.51469968133768e-05,0.008764163645915687,-9.5,20,2.474260509808448e-05,5000.0,-2460000.0,10.5,20,0.008377906669025536,20.0,0.04409583787854298,5.637136773805999e-05,-0.22,2515.184525201698,5000.0,5250.0,"[array([[0.3345936 , 0.33476883, 0.33063757],
       [0.3348442 , 0.33505455, 0.3301012 ],
       [0.32883444, 0.3282271 , 0.34293845]], dtype=float32), array([[0.3338599 , 0.33560592, 0.33053416],
       [0.33578417, 0.34443998, 0.31977582],
       [0.32964203, 0.3187434 , 0.35161453]], dtype=float32), array([[0.333113  , 0.33301592, 0.33387107],
       [0.33319196, 0.3331296 , 0.3336784 ],
       [0.3324962 , 0.33212876, 0.335375  ]], dtype=float32), array([[0.33647773, 0.329829  , 0.33369324],
       [0.30957025, 0.3605664 , 0.3298633 ],
       [0.32519954, 0.3425044 , 0.332296  ]], dtype=float32), array([[0.33919212, 0.33056936, 0.33023852],
       [0.3235941 , 0.33791813, 0.33848777],
       [0.32299513, 0.3381997 , 0.3388052 ]], dtype=float32), array([[0.37937734, 0.25490376, 0.3657189 ],
       [0.07156192, 0.83864474, 0.08979324],
       [0.349372  , 0.30554736, 0.3450807 ]], dtype=float32)]",1,0,0,0,0,0,44.175,82.36250000000001,0.00019265048387063,5000.0,9.397565098524144e-05,-2460000.0,-2460000.0,-0.22,-0.22,5000.0,0.17792804180438657,0.0,999.0,0.0,35964,1.0,6.0,8266,0.0002715581955,0.0015431216992,5994,531.3086267847094,0.6908493041992188,1.439986903051249e-07,40.26971435546875,0.0015431216992,0.00026112794876098633,5994,0.0025247489102184772,0.2632581293582916,0.0,999.0,0.2039819210767746,35964,-4.355162673164159e-05,1.0,6.0,16595,531.3036961391175,24861,0,11988,31500,189000,71928,2792.1560538868353,29729712.999118198,14601810.578764308,400,14.5,20,10.368238394470474,120,0.0005399568416319902,0.005190338337561115,1.3716850202577886e-05,0.45,10.368238394470474,0.19080425027346398,20.0,6.0,-12.5,20,30400,20,3.072276339202311e-05,0.00011204680285424503,5.842478719820565e-05,2400,2400,400,400,0.45,0.45,7.339860412786386e-05,1.7773066539739722e-05,2.5168683488219594e-05,9.394273784166621e-06,1.2734983508177338e-05,1.6335309056808467e-05,7.389366547448432e-06,3.7764653277082414e-06,1.0782698641461167e-05,1.8239081464765092e-05,2.3150555571205547e-05,0.009984377952292142,0.0008667419554258685,0.04367463454751928,0.10532322375534449,0.003643866068286593,0.014179628275215926,7.557879716618412e-05,0.20402579,215784,-4.175559297436848e-05,31.0,36.0,0.6908460259437561,1.466637087332856e-07,0.2633121609687805,40.280399322509766,-0.001501321792602539,35964,1.0,999.0,71928,1134000,189000,431568,48091.58693036418,999.0,0.0,35964,215784,31.0,36.0,1.4448839049496397e-05,6.542680474696078e-06,1.0215540355485437e-05,1.1804804046526337e-05,7.82038145170994e-06,3.526440203366478e-05,1.2534963384519033e-05,2.7833435267731414e-06,6.6860600217782055e-06,1.1841735750313472e-05,2.7315958875649187e-06
1,-3077500.0,False,7,ba9d3_00000,2025-08-11_18-27-29,1754929649,11.379503965377808,81.03971123695374,11057,Mac,127.0.0.1,81.03971123695374,7,11.121565926704218,2.8814462710322747e-05,11.121318370448726,1.6952034108980338,9.20609857865275,0.0015021888705452574,6.0,10.36823839457432,250.0,10.36823839457432,-153875.0,6.150610262830988e-05,0.006502582990564405,-9.5,20,1.9181842238169173e-05,5000.0,-3077500.0,10.5,20,0.00777456924995907,20.0,0.03834815853970222,4.031310814662709e-05,-1.0199999999999996,2753.4801911266673,5000.0,5250.0,"[array([[0.3290921 , 0.33579907, 0.33510885],
       [0.32699156, 0.3370227 , 0.33598575],
       [0.32720545, 0.336898  , 0.3358965 ]], dtype=float32), array([[0.3338599 , 0.33560592, 0.33053416],
       [0.33578414, 0.34443995, 0.31977582],
       [0.32964203, 0.31874344, 0.35161453]], dtype=float32), array([[0.33901894, 0.33804643, 0.32293463],
       [0.33881345, 0.33787683, 0.32330966],
       [0.33552995, 0.33515915, 0.32931086]], dtype=float32), array([[0.33647773, 0.329829  , 0.33369324],
       [0.30957025, 0.3605664 , 0.3298633 ],
       [0.32519954, 0.3425044 , 0.332296  ]], dtype=float32), array([[0.33366716, 0.33333322, 0.33299962],
       [0.33363235, 0.33333325, 0.33303443],
       [0.3335975 , 0.33333325, 0.3330692 ]], dtype=float32), array([[0.36549473, 0.26060572, 0.3738996 ],
       [0.13275886, 0.7490584 , 0.11818268],
       [0.37692198, 0.23386796, 0.3892101 ]], dtype=float32)]",1,0,0,0,0,0,42.92941176470589,81.88823529411765,0.00014806167594882608,5000.0,7.29398324085174e-05,-3077500.0,-3077500.0,-1.0199999999999996,-1.0199999999999996,5000.0,0.17800333554629458,0.0,999.0,0.0,41958,1.0,7.0,8266,0.0002715581955,0.0015431216992,5994,534.1112900893177,0.691331148147583,1.742482345434837e-05,37.579673767089844,0.0015431216992,5.316734313964844e-05,5994,0.0012623744551092386,0.2632830739021301,0.0,999.0,0.20390444993972778,41958,-0.00013974588364362717,1.0,7.0,16595,534.1066358925232,24861,0,11988,31500,220500,83916,2806.8853735763496,28842867.33867223,14476934.722049488,400,14.5,20,10.368238394572801,140,0.0005382806030801127,0.005198397502535954,1.3680855314742364e-05,0.85,10.368238394572801,0.1900530290204807,20.0,7.0,-12.5,20,35400,20,3.0612658488131594e-05,0.00011255532418849482,5.856325673709371e-05,2800,2800,400,400,0.85,0.85,5.307430699105539e-05,1.4953132475313636e-05,1.898028582881476e-05,7.727614556654719e-06,9.55687048640131e-06,1.259797387067136e-05,4.264779947587638e-06,3.2427325684233474e-06,8.549904905119118e-06,1.4799276921246752e-05,1.651923485458341e-05,0.009983287512613046,0.0008675332865908143,0.04364990986205721,0.10539997693805721,0.003656294077716784,0.01419042865265496,7.572592992307165e-05,0.20393863,251748,-0.00013685777958016843,36.0,42.0,0.6913264393806458,1.695661194389686e-05,0.26331979036331177,37.64631652832031,-0.0015251636505126953,35964,1.0,999.0,71928,1323000,189000,503496,47228.70051945563,999.0,0.0,35964,251748,36.0,42.0,1.4710754461256366e-05,6.6153057391598425e-06,1.0249874208986102e-05,1.1858614285002621e-05,7.844828414452421e-06,3.525322215472411e-05,1.24457011786372e-05,2.8162012169984583e-06,6.8099547844802545e-06,1.1880569401692542e-05,2.7318908527251253e-06
1,-3695000.0,False,8,ba9d3_00000,2025-08-11_18-27-42,1754929662,12.464550018310547,93.50426125526428,11057,Mac,127.0.0.1,93.50426125526428,8,11.133613689937052,2.8640909176953426e-05,11.133365856744694,1.702263136789193,9.211019182866435,0.0015066099017143687,7.0,10.36823839457432,250.0,10.36823839457432,-184750.0,6.225095412460767e-05,0.008441292000468822,-9.5,20,1.9777428837965275e-05,5000.0,-3695000.0,10.5,20,0.008023056414940622,20.0,0.03812239745063525,0.00011173666896221437,-0.54,2652.855285083,5000.0,5250.0,"[array([[0.33466443, 0.32455254, 0.34078306],
       [0.33366898, 0.33118856, 0.33514246],
       [0.33521727, 0.32066163, 0.3441211 ]], dtype=float32), array([[0.35635996, 0.31327918, 0.33036077],
       [0.3285753 , 0.3375829 , 0.33384183],
       [0.33992037, 0.32751113, 0.33256847]], dtype=float32), array([[0.3316642 , 0.3319419 , 0.33639392],
       [0.33145556, 0.33176768, 0.33677682],
       [0.32812178, 0.32897726, 0.3429009 ]], dtype=float32), array([[0.3351278 , 0.33251777, 0.3323545 ],
       [0.32907277, 0.33526716, 0.3356601 ],
       [0.32869425, 0.33543873, 0.33586696]], dtype=float32), array([[0.3397639 , 0.31862682, 0.34160924],
       [0.33389124, 0.3320628 , 0.3340459 ],
       [0.34025106, 0.317507  , 0.34224197]], dtype=float32), array([[0.31591195, 0.37426147, 0.30982658],
       [0.10757783, 0.8070558 , 0.08536638],
       [0.33744666, 0.32346386, 0.3390895 ]], dtype=float32)]",1,0,0,0,0,0,52.27058823529413,82.3,0.0001603949090600571,5000.0,7.750968693176449e-05,-3695000.0,-3695000.0,-0.54,-0.54,5000.0,0.17795973302045534,0.0,999.0,0.0,47952,1.0,8.0,8266,0.0002715581955,0.0015431216992,5994,536.6971865340487,0.6918110847473145,4.465660822461359e-05,39.05954360961914,0.0015431216992,0.0001398324966430664,5994,0.0006311872275546193,0.26326116919517517,0.0,999.0,0.20335952937602997,47952,-0.0006668399437330663,1.0,8.0,16595,536.6928134354852,24861,0,11988,31500,252000,95904,2820.475580067382,27993087.993359767,14353242.772476349,400,14.5,20,10.3682383945743,160,0.0005378815474541016,0.005306652945000679,1.6044952628047617e-05,1.45,10.3682383945743,0.1894114441406486,20.0,8.0,-12.5,20,40400,20,3.5664012526914066e-05,0.0001285868791206372,6.576413263477915e-05,3200,3200,400,400,1.45,1.45,6.025796169299996e-05,1.4407601227870848e-05,2.0380033872868003e-05,8.109307044456412e-06,1.0135413455972488e-05,1.377474441758866e-05,3.6193604615644234e-06,3.388976127478615e-06,9.437249905703613e-06,1.5993227312080618e-05,1.7918530296264363e-05,0.009976156717051248,0.0008688346140920077,0.04362973992307083,0.10537204341931009,0.003658305717042775,0.014198815616448562,7.603574976185167e-05,0.20341498,287712,-0.0006433571106754243,41.0,48.0,0.6917940378189087,4.1573559428798035e-05,0.263293594121933,39.09020233154297,-0.0013481378555297852,35964,1.0,999.0,71928,1512000,189000,575424,46352.425083633505,999.0,0.0,35964,287712,41.0,48.0,1.687743679961511e-05,7.627376910975795e-06,1.1504704582036197e-05,1.2938376146322782e-05,9.02330321426448e-06,4.183237960642954e-05,1.4326491468551802e-05,3.032696351584674e-06,7.609338442956036e-06,1.370819343017461e-05,2.9513134282135874e-06
1,-4312500.0,False,9,ba9d3_00000,2025-08-11_18-27-54,1754929674,11.764439105987549,105.26870036125183,11057,Mac,127.0.0.1,105.26870036125183,9,11.138611845948441,2.844991990371934e-05,11.138364056097405,1.7007963679204692,9.216324628538587,0.0015080529726427183,8.0,10.36823839457432,250.0,10.36823839457432,-215625.0,5.202121318450215e-05,0.005329625627957284,-9.5,20,1.4121327860730236e-05,5000.0,-4312500.0,10.5,20,0.00707224139424789,20.0,0.04066530036317512,3.200945016986202e-05,-0.06,3191.12078315281,5000.0,5250.0,"[array([[0.34041664, 0.33013096, 0.3294524 ],
       [0.33504924, 0.33255857, 0.3323922 ],
       [0.33469078, 0.33272046, 0.33258873]], dtype=float32), array([[0.3470195 , 0.33127874, 0.32170177],
       [0.34102684, 0.33221266, 0.3267605 ],
       [0.33726102, 0.33277234, 0.32996663]], dtype=float32), array([[0.34669274, 0.3456982 , 0.3076091 ],
       [0.34621614, 0.34525904, 0.30852485],
       [0.32628196, 0.32676372, 0.34695432]], dtype=float32), array([[0.3364777 , 0.329829  , 0.33369324],
       [0.30957028, 0.3605664 , 0.3298633 ],
       [0.32519957, 0.3425044 , 0.332296  ]], dtype=float32), array([[0.34153327, 0.32897332, 0.32949343],
       [0.32872227, 0.33578935, 0.33548832],
       [0.3292575 , 0.3355041 , 0.33523834]], dtype=float32), array([[0.31591195, 0.3742615 , 0.30982658],
       [0.10757768, 0.807056  , 0.08536629],
       [0.33744666, 0.32346386, 0.3390895 ]], dtype=float32)]",1,0,0,0,0,0,55.129411764705885,80.92941176470589,0.00011975224746626901,5000.0,6.0100709327316424e-05,-4312500.0,-4312500.0,-0.06,-0.06,5000.0,0.17904406610980386,0.0,999.0,0.0,53946,1.0,9.0,8266,0.0002715581955,0.0015431216992,5994,539.0645145815654,0.6921126246452332,1.6179690646822564e-05,37.861572265625,0.0015431216992,0.00031256675720214844,5994,0.00031559361377730966,0.2632836103439331,0.0,999.0,0.2038351148366928,53946,-0.00020822591613978148,1.0,9.0,16595,539.0604204812129,24861,0,11988,31500,283500,107892,2832.917136385883,27191248.626746114,14248019.936484199,400,14.5,20,10.368238394574323,180,0.0005358573209687291,0.005350139186484739,1.4797598034465317e-05,0.85,10.368238394574323,0.1887042305389173,20.0,9.0,-12.5,20,45400,20,3.381510620796718e-05,0.00012120984103480592,6.05226007343269e-05,3600,3600,400,400,0.85,0.85,4.010208715277516e-05,1.2088194461511523e-05,1.544825939319109e-05,6.6369363903532526e-06,8.210218276919413e-06,1.0608421570996605e-05,2.8248753926734746e-06,2.784412739617867e-06,6.978240675741081e-06,1.2495820086984678e-05,1.2878497153406441e-05,0.009971323480389729,0.0008700608579968974,0.0436161825239074,0.10533830590421392,0.0036596593201006443,0.015333452050675371,7.596456165622287e-05,0.2038346,323676,-0.00020177180704195052,46.0,54.0,0.6921051144599915,1.5243170309986454e-05,0.2632714807987213,37.91233444213867,-0.0013083219528198242,35964,1.0,999.0,71928,1701000,189000,647352,45477.33765911999,999.0,0.0,35964,323676,46.0,54.0,1.5486564333602778e-05,6.898299503873071e-06,1.0758539001695577e-05,1.2216509122997409e-05,8.550077735789186e-06,4.045620150603284e-05,1.2899911675819445e-05,2.9488190074586777e-06,7.02194779698417e-06,1.2769759554518635e-05,2.779827355863099e-06
1,-4930000.0,False,10,ba9d3_00000,2025-08-11_18-28-04,1754929684,10.618138790130615,115.88683915138245,11057,Mac,127.0.0.1,115.88683915138245,10,11.132031035819061,2.829459048916844e-05,11.13178302886697,1.6991939959116882,9.211317906413147,0.0015126832728634349,9.0,10.36823839457432,250.0,10.36823839457432,-246500.0,4.013878225481614e-05,0.005292925826739522,-9.5,20,1.398157024910029e-05,5000.0,-4930000.0,10.5,20,0.005777470922071529,20.0,0.04136821979485072,3.203179874153434e-05,-0.38000000000000006,3234.5325109179216,5000.0,5250.0,"[array([[0.3345936 , 0.33476883, 0.33063757],
       [0.33484423, 0.33505458, 0.33010116],
       [0.32883444, 0.3282271 , 0.34293842]], dtype=float32), array([[0.3328362 , 0.33457687, 0.33258685],
       [0.3308927 , 0.3394224 , 0.3296849 ],
       [0.3331135 , 0.3338835 , 0.333003  ]], dtype=float32), array([[0.3323127 , 0.3346184 , 0.3330689 ],
       [0.32365867, 0.34562114, 0.33072013],
       [0.3294644 , 0.33821866, 0.33231696]], dtype=float32), array([[0.3378379 , 0.33116233, 0.33099973],
       [0.29995415, 0.34936622, 0.3506797 ],
       [0.29905283, 0.3497977 , 0.35114947]], dtype=float32), array([[0.34153327, 0.3289733 , 0.32949343],
       [0.32872227, 0.33578935, 0.33548832],
       [0.32925752, 0.3355041 , 0.33523834]], dtype=float32), array([[0.31591195, 0.37426153, 0.30982658],
       [0.10757732, 0.8070566 , 0.08536598],
       [0.33744666, 0.32346383, 0.33908948]], dtype=float32)]",1,0,0,0,0,0,45.626666666666665,81.98666666666666,0.00011866271780118153,5000.0,5.989184835424858e-05,-4930000.0,-4930000.0,-0.38000000000000006,-0.38000000000000006,5000.0,0.17899797002892587,0.0,999.0,0.0,59940,1.0,10.0,8266,0.0002715581955,0.0015431216992,5994,542.0811197116316,0.6923423409461975,1.5593393982271664e-05,38.161293029785156,0.0015431216992,0.00019055604934692383,5994,0.00015779680688865483,0.2632644474506378,0.0,999.0,0.20377673208713531,59940,-0.0002513147483114153,1.0,10.0,16595,542.0772864492053,24861,0,11988,31500,315000,119880,2848.770729544165,26419506.67471147,14147705.732255377,400,14.5,20,10.368238394574323,200,0.0005356220882837749,0.005441844160668552,1.5003545115122676e-05,0.45,10.368238394574323,0.18805302198363452,20.0,10.0,-12.5,20,50400,20,3.403143210465855e-05,0.00012027055758055922,6.17052251450331e-05,4000,4000,400,400,0.45,0.45,3.944530938289619e-05,1.210195246701469e-05,1.5295379824596225e-05,6.641280900581391e-06,8.091361586102908e-06,1.0626342636276266e-05,2.816361769882083e-06,2.781283553871306e-06,7.02683197159471e-06,1.2670393583868232e-05,1.2582249631121249e-05,0.00995884857574703,0.0008700552492682148,0.04358714069854085,0.10535710243529083,0.003661468136913731,0.015308747110308732,7.60774162804634e-05,0.20378733,359640,-0.00024215706798713654,51.0,60.0,0.6923344135284424,1.4494738024950493e-05,0.2632632851600647,38.203250885009766,-0.0012146234512329102,35964,1.0,999.0,71928,1890000,189000,719280,44616.80943881789,999.0,0.0,35964,359640,51.0,60.0,1.5437746705449146e-05,6.920939062636844e-06,1.06096571840728e-05,1.2274094069724154e-05,8.262581184967053e-06,4.00694181983282e-05,1.3215898614068549e-05,2.9237938844936945e-06,7.008691632438572e-06,1.3405528715356838e-05,2.7862644289581463e-06
1,-5547500.0,False,11,ba9d3_00000,2025-08-11_18-28-16,1754929696,11.48184871673584,127.36868786811829,11057,Mac,127.0.0.1,127.36868786811829,11,11.134181167130796,2.8144973888211927e-05,11.13393281648749,1.6987909484527204,9.213735009849215,0.0015182093599096756,10.0,10.36823839457432,250.0,10.36823839457432,-277375.0,4.4799979721630486e-05,0.005667172987014053,-9.5,20,1.5245956013889752e-05,5000.0,-5547500.0,10.5,20,0.005875537274037948,20.0,0.03727706969036059,3.449187830565763e-05,-0.4600000000000001,3080.6292557783813,5000.0,5250.0,"[array([[0.33604005, 0.3318931 , 0.33206692],
       [0.32333377, 0.33866352, 0.3380027 ],
       [0.3238645 , 0.33838028, 0.3377553 ]], dtype=float32), array([[0.3322366 , 0.32876924, 0.33899426],
       [0.33430687, 0.33758017, 0.32811302],
       [0.32774302, 0.31196833, 0.3602886 ]], dtype=float32), array([[0.34706032, 0.3223451 , 0.3305945 ],
       [0.33422026, 0.33261588, 0.33316383],
       [0.3385894 , 0.32909694, 0.3323136 ]], dtype=float32), array([[0.3437281 , 0.3218349 , 0.33443695],
       [0.31666306, 0.35229707, 0.3310399 ],
       [0.33239084, 0.33438814, 0.33322102]], dtype=float32), array([[0.33640558, 0.3360689 , 0.32752553],
       [0.3360862 , 0.33578494, 0.3281288 ],
       [0.32778946, 0.32837632, 0.34383422]], dtype=float32), array([[0.36549473, 0.26060566, 0.3738996 ],
       [0.1327589 , 0.74905837, 0.1181827 ],
       [0.37692198, 0.2338679 , 0.3892101 ]], dtype=float32)]",1,0,0,0,0,0,44.01764705882353,81.60000000000001,0.00012729828609603662,5000.0,6.324659803118414e-05,-5547500.0,-5547500.0,-0.4600000000000001,-0.4600000000000001,5000.0,0.1790382244976653,0.0,999.0,0.0,65934,1.0,11.0,8266,0.0002715581955,0.0015431216992,5994,544.6276650226526,0.6925504803657532,1.2884269381174818e-05,36.988121032714844,0.0015431216992,2.1457672119140625e-05,5994,7.889840344432741e-05,0.26325979828834534,0.0,999.0,0.2038600891828537,65934,-0.00016401693574152887,1.0,11.0,16595,544.6240758434999,24861,0,11988,31500,346500,131868,2862.1535894218923,25668827.08024607,14044023.132527873,400,14.5,20,10.368238394574323,220,0.0005337933669034619,0.005484154977602884,1.4404255192304859e-05,-0.15,10.368238394574323,0.1873622121837322,20.0,11.0,-12.5,20,55400,20,3.2291393801536736e-05,0.00011759185206859196,6.0192385768308976e-05,4400,4400,400,400,-0.15,-0.15,4.407173622761078e-05,1.266958891673621e-05,1.619355357977176e-05,6.8966977825861995e-06,8.536955749124627e-06,1.1084097906041385e-05,3.0761851068584843e-06,2.8766677201974105e-06,7.379351248986216e-06,1.3118559498185904e-05,1.3729339844050696e-05,0.009949745510067599,0.0008698071965265342,0.04359844012142152,0.10540715932084412,0.0036695184557132003,0.015289451299397136,7.60608119284456e-05,0.2038776,395604,-0.00015946818166412413,56.0,66.0,0.6925455927848816,1.2170585250714794e-05,0.2632738947868347,37.04375457763672,-0.0011744499206542969,35964,1.0,999.0,71928,2079000,189000,791208,43776.925291584914,999.0,0.0,35964,395604,56.0,66.0,1.54956363786178e-05,6.794549475219743e-06,1.0571310382514096e-05,1.222706258710972e-05,8.237256459691768e-06,3.747118676887843e-05,1.2840284026182365e-05,2.9923406762053927e-06,6.9830382769517375e-06,1.239610850611741e-05,2.759139364071492e-06
1,-6165000.0,False,12,ba9d3_00000,2025-08-11_18-28-28,1754929708,11.61396312713623,138.98265099525452,11057,Mac,127.0.0.1,138.98265099525452,12,11.137711542958911,2.7972694945679452e-05,11.137463461652676,1.6999434639680673,9.215926390170234,0.0015156793463510037,11.0,10.36823839457432,250.0,10.36823839457432,-308250.0,5.037103799732498e-05,0.006218827802222224,-9.5,20,1.6224620758682947e-05,5000.0,-6165000.0,10.5,20,0.006444621639986476,20.0,0.03972655545063156,3.7717046909841956e-05,-0.7800000000000001,2946.960365498653,5000.0,5250.0,"[array([[0.3290921 , 0.33579907, 0.33510885],
       [0.32699156, 0.3370227 , 0.33598575],
       [0.32720548, 0.336898  , 0.33589652]], dtype=float32), array([[0.33223656, 0.3287692 , 0.33899423],
       [0.33430684, 0.33758017, 0.328113  ],
       [0.32774305, 0.31196833, 0.3602886 ]], dtype=float32), array([[0.34669274, 0.3456982 , 0.30760908],
       [0.34621614, 0.34525904, 0.3085248 ],
       [0.32628196, 0.32676372, 0.34695435]], dtype=float32), array([[0.3437281 , 0.3218349 , 0.33443695],
       [0.31666306, 0.35229704, 0.3310399 ],
       [0.33239087, 0.33438814, 0.33322102]], dtype=float32), array([[0.33366716, 0.33333322, 0.33299962],
       [0.33363235, 0.33333325, 0.33303443],
       [0.3335975 , 0.33333325, 0.3330692 ]], dtype=float32), array([[0.37937734, 0.2549038 , 0.36571887],
       [0.07156214, 0.83864444, 0.08979349],
       [0.34937197, 0.3055474 , 0.34508067]], dtype=float32)]",1,0,0,0,0,0,43.4875,82.6875,0.00013699545482544927,5000.0,6.965553333670417e-05,-6165000.0,-6165000.0,-0.7800000000000001,-0.7800000000000001,5000.0,0.1791487285021843,0.0,999.0,0.0,71928,1.0,12.0,8266,0.0002715581955,0.0015431216992,5994,546.9040598765313,0.6927164196968079,1.4121811545919627e-05,36.99174118041992,0.0015431216992,-1.0251998901367188e-05,5994,3.944920172216371e-05,0.26325470209121704,0.0,999.0,0.20391523838043213,71928,-0.00010467151878401637,1.0,12.0,16595,546.9007174570397,24861,0,11988,31500,378000,143856,2874.1169630712634,24970699.763248883,13964088.994686775,400,14.5,20,10.368238394574323,240,0.0005315054331755676,0.005480693313293159,1.4316760915693887e-05,0.25,10.368238394574323,0.18663506006169808,20.0,12.0,-12.5,20,60400,20,3.2523101077620707e-05,0.0001178992772665581,6.058489017920561e-05,4800,4800,400,400,0.25,0.25,4.7763765527951444e-05,1.374809680757995e-05,1.744599479528587e-05,7.2946100584017675e-06,9.252950860234414e-06,1.191902515002215e-05,3.414297477774038e-06,3.0762756070079365e-06,8.109950348492052e-06,1.5000685031165858e-05,1.5181260493684983e-05,0.00994649139432482,0.0008724237147899903,0.04357953655029147,0.10548524147756727,0.0036918520209759135,0.015319253865547583,7.616020453685935e-05,0.20392069,431568,-0.00010280930291628465,61.0,72.0,0.692714512348175,1.3767586096946616e-05,0.2632564604282379,37.04214859008789,-0.0011082887649536133,35964,1.0,999.0,71928,2268000,189000,863136,42954.187159374604,999.0,0.0,35964,431568,61.0,72.0,1.4896408133870622e-05,6.740862820525934e-06,1.1689843230212712e-05,1.2031649311909076e-05,8.634928377086484e-06,3.721405573832609e-05,1.356009776826735e-05,2.877319269027895e-06,6.96144681039485e-06,1.2329099184894954e-05,2.722130270466699e-06
1,-6782500.0,False,13,ba9d3_00000,2025-08-11_18-28-39,1754929719,11.363952875137329,150.34660387039185,11057,Mac,127.0.0.1,150.34660387039185,13,11.138651105448911,2.7764639089105408e-05,11.138402872036972,1.6990821543275112,9.217705487098602,0.0015161054736380966,12.0,10.36823839457432,250.0,10.36823839457432,-339125.0,5.048652975068119e-05,0.005519367838744072,-9.5,20,1.4818336103607405e-05,5000.0,-6782500.0,10.5,20,0.0061910297890234315,20.0,0.0398355201277357,3.3328518790328564e-05,0.4200000000000001,3086.7542379873757,5000.0,5250.0,"[array([[0.34041667, 0.33013096, 0.3294524 ],
       [0.33504924, 0.33255854, 0.33239216],
       [0.3346908 , 0.3327205 , 0.33258876]], dtype=float32), array([[0.3338599 , 0.33560592, 0.33053416],
       [0.33578414, 0.34443995, 0.31977582],
       [0.32964203, 0.31874344, 0.3516145 ]], dtype=float32), array([[0.3464904 , 0.3312913 , 0.3222182 ],
       [0.3263204 , 0.334316  , 0.3393636 ],
       [0.31409368, 0.335846  , 0.35006034]], dtype=float32), array([[0.3313815 , 0.34259313, 0.32602537],
       [0.32973614, 0.3500351 , 0.3202288 ],
       [0.33215737, 0.3389729 , 0.32886976]], dtype=float32), array([[0.33294177, 0.3340318 , 0.3330264 ],
       [0.3246064 , 0.34895602, 0.32643756],
       [0.33229777, 0.33518118, 0.3325211 ]], dtype=float32), array([[0.36438343, 0.28714252, 0.34847406],
       [0.03540313, 0.8996824 , 0.06491445],
       [0.27845275, 0.42070574, 0.30084157]], dtype=float32)]",1,0,0,0,0,0,48.775,81.925,0.00012480409553886616,5000.0,6.245584918728646e-05,-6782500.0,-6782500.0,0.4200000000000001,0.4200000000000001,5000.0,0.17908278621651605,0.0,999.0,0.0,77922,1.0,13.0,8266,0.0002715581955,0.0015431216992,5994,549.1652071034163,0.6928722262382507,2.2225736756809056e-05,38.76328659057617,0.0015431216992,1.3113021850585938e-06,5994,1.9724600861081854e-05,0.2632615268230438,0.0,999.0,0.2037123739719391,77922,-0.0003126186493318528,1.0,13.0,16595,549.1621768590969,24861,0,11988,31500,409500,155844,2886.0007546929396,24279481.741194256,13857172.060167389,400,14.5,20,10.368238394574323,260,0.0005293449581610091,0.005428078318946063,1.5147943281172184e-05,-0.75,10.368238394574323,0.18596518071123144,20.0,13.0,-12.5,20,65400,20,3.3738232411095924e-05,0.00012142644279979154,6.259795969159938e-05,5200,5200,400,400,-0.75,-0.75,4.2647820489688324e-05,1.239526036499544e-05,1.5982759294204046e-05,6.872336844750437e-06,8.355040657092395e-06,1.1112223724330763e-05,2.8796398388393743e-06,2.8321966115979157e-06,7.230571414068793e-06,1.3210685442878784e-05,1.3617911932235274e-05,0.009936419390394547,0.0008726003172446651,0.04356521160475796,0.10546678406261979,0.0036949580907461753,0.015293113827503278,7.61711031349974e-05,0.20371868,467532,-0.00030162782059051096,66.0,78.0,0.6928672194480896,2.0789979316759855e-05,0.2632512152194977,38.781742095947266,-0.0009845495223999023,35964,1.0,999.0,71928,2457000,189000,935064,42152.0252329255,999.0,0.0,35964,467532,66.0,78.0,1.5767689153982165e-05,6.857969135738517e-06,1.0808825016839871e-05,1.2480845528366182e-05,8.291655559729328e-06,3.973572033248614e-05,1.3283653045207576e-05,3.2090007576386923e-06,7.268930907839837e-06,1.293858232466344e-05,2.852409570129365e-06
1,-7400000.0,False,14,ba9d3_00000,2025-08-11_18-28-50,1754929730,11.285454034805298,161.63205790519714,11057,Mac,127.0.0.1,161.63205790519714,14,11.138737413554393,2.7662822907842102e-05,11.138488454976015,1.6990350944533354,9.217849811387891,0.0015203098387682329,13.0,10.36823839457432,250.0,10.36823839457432,-370000.0,4.610610592180907e-05,0.005888027672190218,-9.5,20,1.407827801509571e-05,5000.0,-7400000.0,10.5,20,0.006244489087607992,20.0,0.03962087367640235,6.388993221609502e-05,1.4600000000000006,3202.6770892149625,5000.0,5250.0,"[array([[0.34041667, 0.33013096, 0.3294524 ],
       [0.33504924, 0.33255854, 0.33239216],
       [0.3346908 , 0.3327205 , 0.33258876]], dtype=float32), array([[0.34652424, 0.3046325 , 0.34884316],
       [0.3304676 , 0.33952707, 0.3300053 ],
       [0.34732404, 0.3028816 , 0.3497944 ]], dtype=float32), array([[0.33166423, 0.3319419 , 0.33639392],
       [0.33145553, 0.33176768, 0.3367768 ],
       [0.32812178, 0.32897726, 0.3429009 ]], dtype=float32), array([[0.3437208 , 0.3349719 , 0.32130727],
       [0.33305842, 0.33328646, 0.33365515],
       [0.31598473, 0.33001325, 0.35400197]], dtype=float32), array([[0.34153324, 0.3289733 , 0.32949343],
       [0.32872224, 0.33578935, 0.33548832],
       [0.3292575 , 0.3355041 , 0.33523834]], dtype=float32), array([[0.31591198, 0.37426144, 0.30982664],
       [0.10757722, 0.80705696, 0.0853659 ],
       [0.33744672, 0.32346377, 0.33908957]], dtype=float32)]",1,0,0,0,0,0,47.818749999999994,81.53125,0.00011928436823878074,5000.0,5.986351998736698e-05,-7400000.0,-7400000.0,1.4600000000000006,1.4600000000000006,5000.0,0.1790057629336908,0.0,999.0,0.0,83916,1.0,14.0,8266,0.0002715581955,0.0015431216992,5994,551.5344677150732,0.6929647922515869,1.2930759112350643e-05,40.55534362792969,0.0015431216992,-5.137920379638672e-05,5994,9.862300430540927e-06,0.26326367259025574,0.0,999.0,0.20409531891345978,83916,6.882099114591256e-05,1.0,14.0,16595,551.5317109472325,24861,0,11988,31500,441000,167832,2898.452557819669,23624317.51519777,13752203.42134676,400,14.5,20,10.368238394574323,280,0.0005271035981755663,0.005481686199782416,1.4992582341626458e-05,-0.35,10.368238394574323,0.1853534039042365,20.0,14.0,-12.5,20,70400,20,3.328244161036897e-05,0.00012160434773149461,6.239521264084473e-05,5600,5600,400,400,-0.35,-0.35,3.9897222115699274e-05,1.204592384404561e-05,1.5393511308643794e-05,6.622004646284102e-06,8.101408261413521e-06,1.0701857683428815e-05,2.822661025786848e-06,2.7608439861044608e-06,6.953971291226076e-06,1.2485088360693997e-05,1.2751573121677531e-05,0.009924046026513443,0.000872269734226775,0.04353993073918334,0.10545075914231444,0.0036959089299773255,0.015269703099201584,7.617106146561129e-05,0.20410013,503496,7.42421907489188e-05,71.0,84.0,0.6929669976234436,1.3539729479816742e-05,0.2632600963115692,40.537200927734375,-0.0008705854415893555,35964,1.0,999.0,71928,2646000,189000,1006992,41382.107267147876,999.0,0.0,35964,503496,71.0,84.0,1.5854264892117123e-05,6.972915203286394e-06,1.0789812290280553e-05,1.2379457528392444e-05,8.320614703932012e-06,4.020565959675926e-05,1.3324498789163933e-05,3.191631546335781e-06,7.200038741932317e-06,1.3108773499442933e-05,2.8432435258587372e-06
1,-8017500.0,False,15,ba9d3_00000,2025-08-11_18-29-02,1754929742,11.740147352218628,173.37220525741577,11057,Mac,127.0.0.1,173.37220525741577,15,11.143473003168653,2.7535774397472674e-05,11.143223967086662,1.6998029422594731,9.219839517853048,0.0015216117403292159,14.0,10.36823839457432,250.0,10.36823839457432,-400875.0,4.603916529875782e-05,0.00616371784545481,-9.5,20,1.4619597608002768e-05,5000.0,-8017500.0,10.5,20,0.006116078429060699,20.0,0.03901997686303107,6.348424000013869e-05,2.0200000000000005,3137.1350161650657,5000.0,5250.0,"[array([[0.33465278, 0.3414731 , 0.32387415],
       [0.33525226, 0.3455368 , 0.31921092],
       [0.33359915, 0.33489692, 0.33150393]], dtype=float32), array([[0.3343283 , 0.3308391 , 0.3348326 ],
       [0.33240345, 0.33565816, 0.33193842],
       [0.33460286, 0.33014953, 0.3352476 ]], dtype=float32), array([[0.3367939 , 0.33620694, 0.3269992 ],
       [0.33658743, 0.3360359 , 0.3273767 ],
       [0.3332882 , 0.33329576, 0.33341604]], dtype=float32), array([[0.34829882, 0.32611445, 0.3255867 ],
       [0.30979103, 0.3446517 , 0.3455573 ],
       [0.3088732 , 0.34509194, 0.34603485]], dtype=float32), array([[0.3325933 , 0.33368215, 0.33372456],
       [0.31715286, 0.3409434 , 0.34190372],
       [0.31656024, 0.34122145, 0.34221828]], dtype=float32), array([[0.31591195, 0.37426138, 0.3098266 ],
       [0.10757668, 0.8070578 , 0.08536545],
       [0.33744672, 0.32346368, 0.3390896 ]], dtype=float32)]",1,0,0,0,0,0,51.50588235294118,81.93529411764706,0.00012378388578861659,5000.0,6.138155423134178e-05,-8017500.0,-8017500.0,2.0200000000000005,2.0200000000000005,5000.0,0.1802021486334907,0.0,999.0,0.0,89910,1.0,15.0,8266,0.0002715581955,0.0015431216992,5994,553.7155621948011,0.6930713057518005,2.467075319145806e-05,39.664039611816406,0.0015431216992,-9.012222290039062e-05,5994,4.931150215270463e-06,0.2632603347301483,0.0,999.0,0.20377424359321594,89910,-0.00024948760983534157,1.0,15.0,16595,553.7130476569278,24861,0,11988,31500,472500,179820,2909.915391091522,23009522.43014654,13666043.998352233,400,14.5,20,10.368238394574323,300,0.0005250429824484285,0.005410679540364072,1.4493483981364547e-05,-0.15,10.368238394574323,0.18465527320542946,20.0,15.0,-12.5,20,75400,20,3.2495648802372165e-05,0.00011606134263294923,6.071990535209086e-05,6000,6000,400,400,-0.15,-0.15,4.222229175865219e-05,1.236324081525389e-05,1.59813016316163e-05,6.7339614920710854e-06,8.366674208466866e-06,1.0907158892425532e-05,2.8648586783636547e-06,2.838353658928529e-06,7.152837861736826e-06,1.28541445604454e-05,1.3224040306671865e-05,0.009959614316838618,0.0008779370370266644,0.04414268934259856,0.10585592239072253,0.003718963170753442,0.015389202727562197,7.939269084423833e-05,0.20378403,539460,-0.00024307162675540894,76.0,90.0,0.6930693984031677,2.3463688194169663e-05,0.26325979828834534,39.657196044921875,-0.0008244514465332031,35964,1.0,999.0,71928,2835000,189000,1078920,40649.036660017875,999.0,0.0,35964,539460,76.0,90.0,1.5003352533261553e-05,6.786865154297721e-06,1.0346053647074495e-05,1.2026527520432262e-05,8.063542250363003e-06,3.777619439809843e-05,1.2867793534737888e-05,2.8616260973709284e-06,6.858521111089048e-06,1.2575243631046427e-05,3.0729474774829464e-06
1,-8635000.0,False,16,ba9d3_00000,2025-08-11_18-29-13,1754929753,10.934276103973389,184.30648136138916,11057,Mac,127.0.0.1,184.30648136138916,16,11.1400328589763,2.740000677344097e-05,11.139783803665589,1.6980020144971841,9.218168744754927,0.0015213589522299334,15.0,10.36823839457432,250.0,10.36823839457432,-431750.0,4.402016769976049e-05,0.005220010336488484,-9.5,20,1.3786797042008392e-05,5000.0,-8635000.0,10.5,20,0.006152748152060339,20.0,0.04032678247270435,3.144012812271449e-05,-0.4600000000000001,3255.0815689954893,5000.0,5250.0,"[array([[0.3345936 , 0.33476883, 0.3306376 ],
       [0.3348442 , 0.33505455, 0.33010122],
       [0.32883444, 0.32822707, 0.34293848]], dtype=float32), array([[0.3328362 , 0.3345769 , 0.33258685],
       [0.3308927 , 0.33942246, 0.3296849 ],
       [0.3331135 , 0.3338835 , 0.33300298]], dtype=float32), array([[0.34164068, 0.32665426, 0.331705  ],
       [0.3288872 , 0.33694562, 0.3341672 ],
       [0.33322594, 0.33342025, 0.33335376]], dtype=float32), array([[0.337838  , 0.3311623 , 0.33099967],
       [0.29995415, 0.34936622, 0.3506797 ],
       [0.29905283, 0.34979773, 0.3511495 ]], dtype=float32), array([[0.3364056 , 0.33606893, 0.32752553],
       [0.33608624, 0.33578497, 0.3281288 ],
       [0.3277895 , 0.32837632, 0.34383422]], dtype=float32), array([[0.35693917, 0.2905053 , 0.35255554],
       [0.07653403, 0.83513135, 0.08833466],
       [0.33920816, 0.32260373, 0.33818817]], dtype=float32)]",1,0,0,0,0,0,40.95625,82.0875,0.00011735566219996913,5000.0,5.916360028288962e-05,-8635000.0,-8635000.0,-0.4600000000000001,-0.4600000000000001,5000.0,0.18018332505698223,0.0,999.0,0.0,95904,1.0,16.0,8266,0.0002715581955,0.0015431216992,5994,555.9361338083263,0.6931179761886597,1.4401641237782314e-05,38.46764373779297,0.0015431216992,-5.7697296142578125e-05,5994,2.4655751076352317e-06,0.2632617950439453,0.0,999.0,0.203752338886261,95904,-0.0002724450023379177,1.0,16.0,16595,555.9338418619333,24861,0,11988,31500,504000,191808,2921.585605283255,22407816.36478022,13563617.176741531,400,14.5,20,10.368238394574323,320,0.0005227088030018376,0.00543589248904027,1.5818163908981487e-05,-0.55,10.368238394574323,0.1840179250533115,20.0,16.0,-12.5,20,80400,20,3.7533347254151894e-05,0.00013015828563122604,7.210118372732714e-05,6400,6400,400,400,-0.55,-0.55,3.900509684339393e-05,1.192451758303458e-05,1.5136580690828808e-05,6.5397873537850825e-06,8.002794965028077e-06,1.0421909530714337e-05,2.7812543214223803e-06,2.727094515665291e-06,6.833199900894159e-06,1.2393086514680077e-05,1.2554542049406615e-05,0.009945977763011888,0.0008780551674675424,0.04411751494931734,0.10588550816720974,0.0037246285394021196,0.015374364030344808,7.941917297669404e-05,0.20376472,575424,-0.0002606298658065498,81.0,96.0,0.6931167244911194,1.3171974387660157e-05,0.26325976848602295,38.4831428527832,-0.0008072853088378906,35964,1.0,999.0,71928,3024000,189000,1150848,39956.857174980505,999.0,0.0,35964,575424,81.0,96.0,1.6511495754896226e-05,7.228627815562088e-06,1.136558845796958e-05,1.4015391600810193e-05,8.809868387671174e-06,4.346664159311069e-05,1.5916573814771565e-05,3.474910046762009e-06,8.267491845749534e-06,1.624337030958257e-05,3.2276836979054122e-06
1,-9252500.0,False,17,ba9d3_00000,2025-08-11_18-29-24,1754929764,11.293248891830444,195.5997302532196,11057,Mac,127.0.0.1,195.5997302532196,17,11.140298812056868,2.727725698428377e-05,11.14004980103966,1.6983400418526606,9.218105623557806,0.0015194361926641655,16.0,10.36823839457432,250.0,10.36823839457432,-462625.0,5.172174470703537e-05,0.005943346665240826,-9.5,20,1.5759342265169537e-05,5000.0,-9252500.0,10.5,20,0.006235609590871337,20.0,0.03853640011125863,3.573326535578865e-05,0.9000000000000005,2997.138533394204,5000.0,5250.0,"[array([[0.33465275, 0.3414731 , 0.32387412],
       [0.33525229, 0.34553683, 0.3192109 ],
       [0.33359915, 0.33489695, 0.33150393]], dtype=float32), array([[0.3322366 , 0.32876924, 0.3389942 ],
       [0.33430687, 0.33758023, 0.32811296],
       [0.32774308, 0.31196833, 0.3602886 ]], dtype=float32), array([[0.33231267, 0.33461842, 0.3330689 ],
       [0.32365867, 0.3456212 , 0.3307201 ],
       [0.32946438, 0.33821866, 0.33231694]], dtype=float32), array([[0.34829885, 0.32611442, 0.3255867 ],
       [0.30979106, 0.3446517 , 0.3455573 ],
       [0.3088732 , 0.34509194, 0.34603482]], dtype=float32), array([[0.3474489 , 0.3258337 , 0.32671735],
       [0.3345289 , 0.33269703, 0.33277407],
       [0.33506885, 0.33240974, 0.3325214 ]], dtype=float32), array([[0.3091419 , 0.3779652 , 0.3128929 ],
       [0.05383638, 0.88249034, 0.06367324],
       [0.28982782, 0.41407338, 0.29609883]], dtype=float32)]",1,0,0,0,0,0,43.96875,82.13125,0.00013323993468164507,5000.0,6.558009641734043e-05,-9252500.0,-9252500.0,0.9000000000000005,0.9000000000000005,5000.0,0.1801229705568946,0.0,999.0,0.0,101898,1.0,17.0,8266,0.0002715581955,0.0015431216992,5994,558.5219302034734,0.6931325793266296,2.0020559531985782e-05,37.8685188293457,0.0015431216992,2.3066997528076172e-05,5994,1.2327875538176158e-06,0.26326248049736023,0.0,999.0,0.2038196474313736,101898,-0.0002056406665360555,1.0,17.0,16595,558.5198253753778,24861,0,11988,31500,535500,203796,2935.1750227586563,21822466.57523684,13465924.83641758,400,14.5,20,10.368238394574323,340,0.0005213483846937207,0.005427032090956345,1.3743420190239996e-05,-0.35,10.368238394574323,0.18332046538287178,20.0,17.0,-12.5,20,85400,20,3.1208949527632414e-05,0.00011241636718530288,5.841878647271854e-05,6800,6800,400,400,-0.35,-0.35,4.70739172405191e-05,1.2837844252453267e-05,1.73875338307493e-05,7.090596693598505e-06,8.7849325015814e-06,1.1478418279680887e-05,3.060605591042595e-06,2.9728968560748336e-06,7.834258661235598e-06,1.3575358608781003e-05,1.4067587011073916e-05,0.009934342145382078,0.0008778029461562002,0.044100366879540484,0.10587074266549239,0.0037273697540665856,0.01535524038948547,7.961748123731585e-05,0.20382543,611388,-0.00020035082707181573,86.0,102.0,0.6931326985359192,1.902400799735915e-05,0.2632591426372528,37.894065856933594,-0.0007671117782592773,35964,1.0,999.0,71928,3213000,189000,1222776,39301.24878432068,999.0,0.0,35964,611388,86.0,102.0,1.4654036215331676e-05,6.521260311694921e-06,1.0162067335397671e-05,1.1812508564112035e-05,7.862539776682626e-06,3.561943558046072e-05,1.2511920576222153e-05,2.8051583945289656e-06,6.654714161747746e-06,1.1994694941871383e-05,2.7271630816197364e-06
1,-9870000.0,False,18,ba9d3_00000,2025-08-11_18-29-36,1754929776,11.27536416053772,206.87509441375732,11057,Mac,127.0.0.1,206.87509441375732,18,11.14038146601696,2.706115422895307e-05,11.140132598869707,1.698061838103925,9.218427526912865,0.0015203276610218064,17.0,10.36823839457432,250.0,10.36823839457432,-493500.0,4.8835594264627e-05,0.005716606543865056,-9.5,20,1.5334173446765355e-05,5000.0,-9870000.0,10.5,20,0.006034906852002449,20.0,0.03882092293182687,3.464250555744723e-05,0.9800000000000004,3036.8563224785084,5000.0,5250.0,"[array([[0.33466443, 0.3245525 , 0.3407831 ],
       [0.33366898, 0.3311885 , 0.33514246],
       [0.33521727, 0.32066157, 0.34412113]], dtype=float32), array([[0.33386603, 0.332518  , 0.3336159 ],
       [0.33226267, 0.33497402, 0.33276328],
       [0.33356917, 0.33297235, 0.3334585 ]], dtype=float32), array([[0.33901897, 0.33804646, 0.3229346 ],
       [0.33881348, 0.33787686, 0.32330963],
       [0.33552998, 0.33515918, 0.32931083]], dtype=float32), array([[0.32983375, 0.334922  , 0.3352442 ],
       [0.32382765, 0.33764258, 0.33852977],
       [0.3234523 , 0.33781236, 0.33873537]], dtype=float32), array([[0.33640835, 0.3278563 , 0.33573532],
       [0.3281228 , 0.34264725, 0.32922995],
       [0.3357684 , 0.32899496, 0.33523667]], dtype=float32), array([[0.3793772 , 0.25490397, 0.36571878],
       [0.07156157, 0.8386457 , 0.0897928 ],
       [0.34937185, 0.30554762, 0.34508058]], dtype=float32)]",1,0,0,0,0,0,38.9875,81.00625000000001,0.00012824072512690143,5000.0,6.401404613118427e-05,-9870000.0,-9870000.0,0.9800000000000004,0.9800000000000004,5000.0,0.18007913835049394,0.0,999.0,0.0,107892,1.0,18.0,8266,0.0002715581955,0.0015431216992,5994,560.89469224356,0.6931250095367432,4.1296416384284385e-06,39.386871337890625,0.0015431216992,-0.00017464160919189453,5994,6.163937769088079e-07,0.26326072216033936,0.0,999.0,0.20398561656475067,107892,-3.833750815829262e-05,1.0,18.0,16595,560.8928273996822,24861,0,11988,31500,567000,215784,2947.6452889524303,21269082.5122615,13364919.466220792,400,14.5,20,10.368238394574323,360,0.0005195503203340662,0.005373142062453553,1.3622909033051198e-05,-0.75,10.368238394574323,0.18262668030845586,20.0,18.0,-12.5,20,90400,20,3.076257960520364e-05,0.00011223687275217313,5.8954122816695384e-05,7200,7200,400,400,-0.75,-0.75,4.4028438704367565e-05,1.2766062208093839e-05,1.647590999864625e-05,7.077285130941954e-06,8.56494710034848e-06,1.1176928498033168e-05,3.0013566536292747e-06,2.974092887128423e-06,7.519122365401219e-06,1.3403568229443413e-05,1.3882308318178609e-05,0.00993155122396387,0.0008776574166520954,0.044090610290722844,0.10586294314894044,0.003728500216239456,0.01533139590572282,7.948380623085505e-05,0.20398521,647352,-3.69857152691111e-05,91.0,108.0,0.6931251287460327,4.059821094415383e-06,0.26325762271881104,39.38157272338867,-0.0006810426712036133,35964,1.0,999.0,71928,3402000,189000,1294704,38680.73417920102,999.0,0.0,35964,647352,91.0,108.0,1.4493776055079416e-05,6.606051705529446e-06,1.0218409788490887e-05,1.1788505917638803e-05,7.84231373275862e-06,3.5389378863863285e-05,1.264885775000462e-05,2.803090601924905e-06,6.725843175672176e-06,1.1937801150083558e-05,2.799275083293087e-06
1,-10487500.0,False,19,ba9d3_00000,2025-08-11_18-29-46,1754929786,10.459423065185547,217.33451747894287,11057,Mac,127.0.0.1,217.33451747894287,19,11.13235769677728,2.686096347898987e-05,11.132109127880865,1.6975691447219774,9.210951932473236,0.0015178027242561578,18.0,10.36823839457432,250.0,10.36823839457432,-524375.0,4.211895285973504e-05,0.005734597667120395,-9.5,20,1.3835075024949646e-05,5000.0,-10487500.0,10.5,20,0.006252315037454092,20.0,0.03898773556936624,5.9670527240861304e-05,0.17999999999999997,3250.3586090904473,5000.0,5250.0,"[array([[0.33603996, 0.33189312, 0.3320669 ],
       [0.3233337 , 0.33866355, 0.3380027 ],
       [0.32386443, 0.3383803 , 0.33775532]], dtype=float32), array([[0.33283624, 0.33457693, 0.33258685],
       [0.33089268, 0.33942246, 0.32968488],
       [0.33311346, 0.3338835 , 0.33300298]], dtype=float32), array([[0.33396408, 0.33424369, 0.3317922 ],
       [0.33404264, 0.33435723, 0.33160016],
       [0.33335045, 0.333358  , 0.33329156]], dtype=float32), array([[0.34372085, 0.3349719 , 0.32130718],
       [0.33305845, 0.33328646, 0.33365512],
       [0.31598476, 0.33001328, 0.3540019 ]], dtype=float32), array([[0.33919215, 0.33056933, 0.3302385 ],
       [0.32359412, 0.3379181 , 0.33848774],
       [0.32299516, 0.33819968, 0.33880517]], dtype=float32), array([[0.36438367, 0.2871422 , 0.34847417],
       [0.03540293, 0.8996829 , 0.06491413],
       [0.2784529 , 0.42070553, 0.30084166]], dtype=float32)]",1,0,0,0,0,0,39.86000000000001,76.97333333333334,0.00011739543047226418,5000.0,5.9055731344480564e-05,-10487500.0,-10487500.0,0.17999999999999997,0.17999999999999997,5000.0,0.1799896298868485,0.0,999.0,0.0,113886,1.0,19.0,8266,0.0002715581955,0.0015431216992,5994,563.6869456168822,0.6930926442146301,1.340084691037191e-05,39.071922302246094,0.0015431216992,-0.00028717517852783203,5994,3.0819688845440396e-07,0.2632611393928528,0.0,999.0,0.20399177074432373,113886,-3.2589388865744695e-05,1.0,19.0,16595,563.6852942069148,24861,0,11988,31500,598500,227772,2962.3199316952905,20785603.111710384,13302430.46187402,400,14.5,20,10.368238394574323,380,0.0005155152369096238,0.00526247667032294,1.3518509841201162e-05,-0.75,10.368238394574323,0.1819153960058108,20.0,19.0,-12.5,20,95400,20,3.061436270008703e-05,0.00011160522663941017,5.7969251793838614e-05,7600,7600,400,400,-0.75,-0.75,3.880055426105683e-05,1.1939581461127167e-05,1.5162415249728772e-05,6.556536573101063e-06,8.012821023232858e-06,1.0549629119854626e-05,2.7854803378366373e-06,2.7785280715687195e-06,6.9213445861773855e-06,1.2352357931689751e-05,1.234218137653368e-05,0.009918942371946494,0.0008770716731893993,0.04406613001756889,0.10583253246759446,0.003728506045173532,0.015311050275791608,7.92302190884697e-05,0.20399153,683316,-3.200575156370178e-05,96.0,114.0,0.6930927634239197,1.3315334399521817e-05,0.26325738430023193,39.06857681274414,-0.0006697177886962891,35964,1.0,999.0,71928,3591000,189000,1366632,38107.30287006603,999.0,0.0,35964,683316,96.0,114.0,1.4555585401953945e-05,6.578122070239192e-06,1.0122748469687318e-05,1.170959954547019e-05,7.778208969773262e-06,3.506844020028669e-05,1.2362909014176898e-05,2.7869230052844877e-06,6.673793276678818e-06,1.1719833899503036e-05,2.6699437907929887e-06
1,-11105000.0,True,20,ba9d3_00000,2025-08-11_18-29-56,1754929796,10.108111143112183,227.44262862205505,11057,Mac,127.0.0.1,227.44262862205505,20,11.120908701059403,2.6704014764283492e-05,11.120660448681768,1.6964994682748307,9.200613749398743,0.0015102338678751384,19.0,10.36823839457432,250.0,10.36823839457432,-555250.0,3.8497330858559145e-05,0.005161434300709516,-9.5,20,1.3575462896958257e-05,5000.0,-11105000.0,10.5,20,0.0056189131196846,20.0,0.036298351330388216,3.0624570564986815e-05,1.3799999999999994,3304.656758611678,5000.0,5250.0,"[array([[0.33315882, 0.33333328, 0.33350787],
       [0.33312404, 0.3333333 , 0.3335427 ],
       [0.3330892 , 0.33333325, 0.33357748]], dtype=float32), array([[0.33386603, 0.33251798, 0.3336159 ],
       [0.33226267, 0.33497402, 0.33276328],
       [0.33356917, 0.33297232, 0.3334585 ]], dtype=float32), array([[0.33396408, 0.33424369, 0.3317922 ],
       [0.33404264, 0.33435723, 0.33160016],
       [0.33335045, 0.333358  , 0.33329156]], dtype=float32), array([[0.3313815 , 0.34259307, 0.3260254 ],
       [0.32973614, 0.35003504, 0.32022882],
       [0.3321574 , 0.33897287, 0.3288698 ]], dtype=float32), array([[0.33919218, 0.33056933, 0.3302385 ],
       [0.32359415, 0.3379181 , 0.33848774],
       [0.32299516, 0.33819965, 0.33880514]], dtype=float32), array([[0.3307245 , 0.3391069 , 0.33016858],
       [0.10017607, 0.8127978 , 0.08702616],
       [0.34483436, 0.30767858, 0.34748706]], dtype=float32)]",1,0,0,0,0,0,33.47857142857143,77.54285714285716,0.0001159482835080464,5000.0,5.841443318013356e-05,-11105000.0,-11105000.0,1.3799999999999994,1.3799999999999994,5000.0,0.1799093265082517,0.0,999.0,0.0,119880,1.0,20.0,8266,0.0002715581955,0.0015431216992,5994,567.0794356955146,0.6930570006370544,5.6368107834714465e-06,39.08991241455078,0.0015431216992,-0.0002390146255493164,5994,1.5409844422720198e-07,0.2632559835910797,0.0,999.0,0.2039242833852768,119880,-9.605335799278691e-05,1.0,20.0,16595,567.0779699758801,24861,0,11988,31500,630000,239760,2980.1488361398,20354349.501572352,13263438.47203984,400,14.5,20,10.368238394574323,400,0.0005112038348534519,0.005240881647914648,1.368875204985206e-05,-0.35,10.368238394574323,0.18121850746660678,20.0,20.0,-12.5,20,100400,20,3.1016627648948917e-05,0.00011230438743855051,5.791723097823057e-05,8000,8000,400,400,-0.35,-0.35,3.807471774943585e-05,1.1901144974294886e-05,1.49198591383783e-05,6.500191442936369e-06,7.942739230955526e-06,1.0386519854880955e-05,2.7579030054705604e-06,2.72501133097935e-06,6.780656740959776e-06,1.2143377662774733e-05,1.223126649182947e-05,0.009907540858824428,0.0008765242868267245,0.0440433387176308,0.10580387422190154,0.0037292597342024167,0.015294271853034704,7.903375729021926e-05,0.20392098,719280,-9.305193816544488e-05,101.0,120.0,0.6930582523345947,5.288351530907676e-06,0.2632467448711395,39.08701705932617,-0.000626683235168457,35964,1.0,999.0,71928,3780000,189000,1438560,37582.6919599229,999.0,0.0,35964,719280,101.0,120.0,1.4583252210297356e-05,6.5624094367298925e-06,1.021682732071633e-05,1.1764435559237362e-05,7.829881893327073e-06,3.545635001447195e-05,1.2516041255100351e-05,2.7672845262237625e-06,6.635011310752318e-06,1.1739299176715163e-05,2.6993733240147415e-06
