num_training_step_calls_per_iteration,num_env_steps_sampled_lifetime,done,training_iteration,trial_id,date,timestamp,time_this_iter_s,time_total_s,pid,hostname,node_ip,time_since_restore,iterations_since_restore,timers/training_iteration,timers/restore_env_runners,timers/training_step,timers/env_runner_sampling_timer,timers/learner_update_timer,timers/synch_weights,env_runners/episode_duration_sec_mean,env_runners/time_between_sampling,env_runners/env_step_timer,env_runners/env_reset_timer,env_runners/num_env_steps_sampled,env_runners/env_to_module_sum_episodes_length_out,env_runners/rlmodule_inference_timer,env_runners/num_episodes_lifetime,env_runners/episode_len_mean,env_runners/env_to_module_sum_episodes_length_in,env_runners/weights_seq_no,env_runners/episode_return_mean,env_runners/episode_len_max,env_runners/num_env_steps_sampled_lifetime,env_runners/episode_return_max,env_runners/num_episodes,env_runners/episode_return_min,env_runners/episode_len_min,env_runners/sample,env_runners/num_env_steps_sampled_lifetime_throughput,evaluation/num_healthy_workers,evaluation/actor_manager_num_outstanding_async_reqs,evaluation/num_remote_worker_restarts,fault_tolerance/num_healthy_workers,fault_tolerance/num_remote_worker_restarts,env_runner_group/actor_manager_num_outstanding_async_reqs,perf/cpu_util_percent,perf/ram_util_percent,env_runners/module_to_env_connector/connector_pipeline_timer,env_runners/env_to_module_connector/connector_pipeline_timer,env_runners/num_module_steps_sampled/default_policy,env_runners/agent_episode_returns_mean/default_agent,env_runners/num_module_steps_sampled_lifetime/default_policy,env_runners/module_episode_returns_mean/default_policy,env_runners/num_agent_steps_sampled_lifetime/default_agent,env_runners/num_agent_steps_sampled/default_agent,learners/default_policy/vf_explained_var,learners/default_policy/module_train_batch_size_mean,learners/default_policy/curr_entropy_coeff,learners/default_policy/vf_loss,learners/default_policy/weights_seq_no,learners/default_policy/entropy,learners/default_policy/diff_num_grad_updates_vs_sampler_policy,learners/default_policy/vf_loss_unclipped,learners/default_policy/default_optimizer_learning_rate,learners/default_policy/total_loss,learners/default_policy/mean_kl_loss,learners/default_policy/num_module_steps_trained,learners/default_policy/num_trainable_parameters,learners/default_policy/policy_loss,learners/default_policy/num_module_steps_trained_lifetime,learners/default_policy/curr_kl_coeff,learners/default_policy/gradients_default_optimizer_global_norm,learners/default_policy/num_module_steps_trained_lifetime_throughput,learners/__all_modules__/num_non_trainable_parameters,learners/__all_modules__/num_env_steps_trained_lifetime,learners/__all_modules__/num_trainable_parameters,learners/__all_modules__/num_module_steps_trained_lifetime,learners/__all_modules__/num_module_steps_trained,learners/__all_modules__/num_env_steps_trained,learners/__all_modules__/learner_connector_sum_episodes_length_out,learners/__all_modules__/learner_connector_sum_episodes_length_in,learners/__all_modules__/num_env_steps_trained_lifetime_throughput,learners/__all_modules__/num_module_steps_trained_throughput,learners/__all_modules__/num_module_steps_trained_lifetime_throughput,evaluation/env_runners/env_reset_timer,evaluation/env_runners/rlmodule_inference_timer,evaluation/env_runners/episode_len_mean,evaluation/env_runners/episode_len_min,evaluation/env_runners/episode_duration_sec_mean,evaluation/env_runners/num_episodes_lifetime,evaluation/env_runners/episode_len_max,evaluation/env_runners/episode_return_max,evaluation/env_runners/num_episodes,evaluation/env_runners/weights_seq_no,evaluation/env_runners/env_to_module_sum_episodes_length_in,evaluation/env_runners/episode_return_mean,evaluation/env_runners/num_env_steps_sampled_lifetime,evaluation/env_runners/episode_return_min,evaluation/env_runners/env_step_timer,evaluation/env_runners/env_to_module_sum_episodes_length_out,evaluation/env_runners/sample,evaluation/env_runners/num_env_steps_sampled,learners/__all_modules__/learner_connector/connector_pipeline_timer,evaluation/env_runners/env_to_module_connector/connector_pipeline_timer,evaluation/env_runners/agent_episode_returns_mean/default_agent,evaluation/env_runners/module_episode_returns_mean/default_policy,evaluation/env_runners/module_to_env_connector/connector_pipeline_timer,evaluation/env_runners/num_module_steps_sampled_lifetime/default_policy,evaluation/env_runners/num_module_steps_sampled/default_policy,evaluation/env_runners/num_agent_steps_sampled/default_agent,evaluation/env_runners/num_agent_steps_sampled_lifetime/default_agent,env_runners/module_to_env_connector/timers/connectors/listify_data_for_vector_env,env_runners/module_to_env_connector/timers/connectors/tensor_to_numpy,env_runners/module_to_env_connector/timers/connectors/get_actions,env_runners/module_to_env_connector/timers/connectors/normalize_and_clip_actions,env_runners/module_to_env_connector/timers/connectors/remove_single_ts_time_rank_from_batch,env_runners/module_to_env_connector/timers/connectors/un_batch_to_individual_items,env_runners/env_to_module_connector/timers/connectors/add_states_from_episodes_to_batch,env_runners/env_to_module_connector/timers/connectors/batch_individual_items,env_runners/env_to_module_connector/timers/connectors/numpy_to_tensor,env_runners/env_to_module_connector/timers/connectors/add_observations_from_episodes_to_batch,env_runners/env_to_module_connector/timers/connectors/add_time_dim_to_batch_and_zero_pad,learners/__all_modules__/learner_connector/timers/connectors/general_advantage_estimation,learners/__all_modules__/learner_connector/timers/connectors/add_states_from_episodes_to_batch,learners/__all_modules__/learner_connector/timers/connectors/numpy_to_tensor,learners/__all_modules__/learner_connector/timers/connectors/add_observations_from_episodes_to_batch,learners/__all_modules__/learner_connector/timers/connectors/add_time_dim_to_batch_and_zero_pad,learners/__all_modules__/learner_connector/timers/connectors/batch_individual_items,learners/__all_modules__/learner_connector/timers/connectors/add_columns_from_episodes_to_train_batch,learners/__all_modules__/learner_connector/timers/connectors/add_one_ts_to_episodes_and_truncate,evaluation/env_runners/env_to_module_connector/timers/connectors/batch_individual_items,evaluation/env_runners/env_to_module_connector/timers/connectors/numpy_to_tensor,evaluation/env_runners/env_to_module_connector/timers/connectors/add_states_from_episodes_to_batch,evaluation/env_runners/env_to_module_connector/timers/connectors/add_observations_from_episodes_to_batch,evaluation/env_runners/env_to_module_connector/timers/connectors/add_time_dim_to_batch_and_zero_pad,evaluation/env_runners/module_to_env_connector/timers/connectors/un_batch_to_individual_items,evaluation/env_runners/module_to_env_connector/timers/connectors/normalize_and_clip_actions,evaluation/env_runners/module_to_env_connector/timers/connectors/get_actions,evaluation/env_runners/module_to_env_connector/timers/connectors/remove_single_ts_time_rank_from_batch,evaluation/env_runners/module_to_env_connector/timers/connectors/listify_data_for_vector_env,evaluation/env_runners/module_to_env_connector/timers/connectors/tensor_to_numpy
1,252500.0,False,1,b285e_00000,2025-08-11_17-08-46,1754924926,5.033138751983643,5.033138751983643,62052,DESKTOP-3SK5A41,192.168.40.242,5.033138751983643,1,4.287918888999684,1.4200000350683695e-05,4.28764868899998,3.8228564900000492,0.46127859900025214,0.0016067000001385168,0.03571833592000075,0.0012554599128281813,4.466905072987296e-05,0.00019710423990160631,5000.0,26.762340024562445,0.00010221292613754987,5050.0,50.0,26.762340024562445,0.0,4.7,50,252500.0,14.5,100.0,-5.5,50,0.039903139433670416,1262.7752631582655,1,0,0,0,0,0,11.837499999999999,87.525,0.000365323195586859,0.0001216855692701976,5000.0,4.7,252500.0,4.7,252500.0,5000.0,0.0010942221,1000.0,0.0059642761686,0.10112495,1.0,0.6912762,1.0,19.437868,0.0002779744607,0.08503109,8.949094e-05,16000,7562,0.010527505,16000,0.2891652584075928,0.038855415,208320.0046771589,0,81600,7562,16000,16000,81600,5100,5000,1057587.0343345688,207968.23106614684,207821.96444306342,0.0002293000002282497,9.315850852229455e-05,50.0,50,0.03502231490001577,20,50,17.5,20,1.0,27.167134025045954,3.1,6000,-11.5,4.0753636676617454e-05,27.167134025045954,0.7292134979998082,1000,0.2979566989997693,0.00011474283926332097,3.1,3.1,0.0003400260103665962,1000,1000,1000,1000,3.128282489956328e-05,4.6876646667913435e-05,0.00016481477972517602,2.8339169266020817e-05,1.5180587635306214e-06,1.5191282746456891e-05,3.531421723252022e-06,1.8995365522678196e-05,3.122215042586406e-05,6.493660072166714e-06,6.346549224330123e-06,0.014879999999720894,6.199999916134402e-06,0.00019489999976940453,0.000803399999767862,2.3800000235496555e-05,0.20387169900004665,0.06925779999983206,0.008557699999983015,1.737947358221236e-05,2.8431971676763725e-05,3.8954218011928175e-06,6.069590652789072e-06,5.3721868726487085e-06,1.4380065635942885e-05,2.1102438319883484e-05,0.00015210596020454154,1.3515237725862295e-06,2.9475324158886923e-05,4.439521140379792e-05
1,10000.0,False,2,b285e_00000,2025-08-11_17-08-51,1754924931,4.966907262802124,10.000046014785767,62052,DESKTOP-3SK5A41,192.168.40.242,10.000046014785767,2,4.287177274019687,1.4191000345817884e-05,4.286905786019979,3.824129052010048,0.45925101401024676,0.001610815000135517,0.03687152591001906,0.009293921499197864,4.4397928639096103e-05,0.00013267298930232774,5000.0,27.16809333212661,0.00010131418382713862,200.0,50.0,27.16809333212661,1.0,5.100000000000001,50,10000.0,14.5,100.0,-5.5,50,0.0383068667513057,1275.4731916906303,1,0,0,0,0,0,13.757142857142856,87.6857142857143,0.00036261466987995525,0.00012033534582683839,5000.0,5.100000000000001,10000.0,5.100000000000001,10000.0,5000.0,-0.0046527386,1000.0,0.0059642761686,0.100649156,2.0,0.689262,1.0,20.20045,0.0002779744607,0.062482346,0.0005352404,16000,7562,-0.011766596,32000,0.1445826292037964,0.07576557,207081.8348847591,0,163200,7562,32000,16000,81600,5100.0,5000.0,1051386.2109914662,206741.3763885096,206598.1813857885,0.00022854600022583329,9.402978730602966e-05,50.0,50,0.035250819949988,40,50,17.5,20,2.0,27.168093298253442,1.1,11000,-16.5,4.193421129725135e-05,27.168093298253442,0.7293090680198111,1000,0.29658633700977133,0.00011519663765363488,1.1,1.1,0.0003489069785667095,2000,1000,1000,2000,3.1495563181856763e-05,4.925082797347718e-05,0.00016522678812882518,2.2558941939306264e-05,1.5187301814558116e-06,1.5108863212928029e-05,3.6276504949945994e-06,1.9014804097333797e-05,3.180251098412428e-05,6.384298298963927e-06,6.349062448900464e-06,0.014847334999722078,6.287999917731213e-06,0.00019474599977002072,0.0008027419997688412,2.5456000230406062e-05,0.20247235701004684,0.06931731099983608,0.008558044999981576,1.758375614904626e-05,2.890800856664159e-05,3.371626774746411e-06,6.171785233292555e-06,5.512788439837481e-06,1.4653635485912563e-05,2.1403449918802953e-05,0.00015677350638361744,1.3976399346385919e-06,2.9542971357481808e-05,4.634081022430598e-05
1,-232500.0,False,3,b285e_00000,2025-08-11_17-08-56,1754924936,5.160337686538696,15.160383701324463,62052,DESKTOP-3SK5A41,192.168.40.242,15.160383701324463,3,4.288401100239487,1.421509034216797e-05,4.288126663119781,3.8274518384499503,0.45714217487014425,0.001610398850131378,0.038890891960036256,0.011057954595776631,4.502479788369971e-05,0.00011379785055623035,5000.0,27.16809333212661,0.0001381212811144985,-4650.0,50.0,27.16809333212661,2.0,4.100000000000001,50,-232500.0,14.5,100.0,-5.5,50,0.03876670129340359,1241.4138800549995,1,0,0,0,0,0,13.442857142857141,87.6857142857143,0.0003684045267352578,0.00012221850867391454,5000.0,4.100000000000001,-232500.0,4.100000000000001,-232500.0,5000.0,-0.006708503,1000.0,0.0059642761686,0.100026235,3.0,0.6784032,1.0,19.356327,0.0002779744607,0.0190763,0.0035042218,16000,7562,-0.055105273,48000,0.0722913146018982,0.106165834,205366.95226158638,0,244800,7562,48000,16000,81600,5100.0,5000.0,1042837.9041536327,205042.97424944263,204904.90310181642,0.00022754754022362252,9.390596738198087e-05,50.0,50,0.0352967833000245,60,50,17.5,20,3.0,27.168093332125434,0.7666666666666667,16000,-16.5,4.1950867841415237e-05,27.168093332125434,0.7293780583396141,1000,0.2951353516396717,0.00011527076879260296,0.7666666666666667,0.7666666666666667,0.0003465644866186373,3000,1000,1000,3000,3.210911162352206e-05,4.979975181303059e-05,0.00016839190680144374,2.290959693260087e-05,1.525813535537581e-06,1.519573067200628e-05,3.6493236419876193e-06,1.930305920551003e-05,3.2266206253966935e-05,6.550736369792011e-06,6.462275530142188e-06,0.014814121649722619,6.289119919301812e-06,0.00019445753977188361,0.0008018305797727408,2.5438440227389945e-05,0.2010482754399458,0.06932312388983987,0.008560190549983327,1.7475987492440952e-05,2.947512867626347e-05,3.4338019375736634e-06,6.000243985576547e-06,5.8809967163892875e-06,1.523719178793998e-05,2.1633214502519724e-05,0.00015518795204791827,1.4506010694218788e-06,2.957511041729831e-05,4.568430471455891e-05
1,-475000.0,False,4,b285e_00000,2025-08-11_17-09-01,1754924941,5.126520395278931,20.286904096603394,62052,DESKTOP-3SK5A41,192.168.40.242,20.286904096603394,4,4.289369623217091,1.4203939440348222e-05,4.289094373468582,3.8291175760454506,0.4564430791214434,0.0016082838616291925,0.03732460697999157,0.011620368705967842,4.483856799512449e-05,0.0001044680322027251,5000.0,27.16809333212661,0.00010252471281558978,-9500.0,50.0,27.16809333212661,3.0,7.299999999999996,50,-475000.0,14.5,100.0,-5.5,50,0.03929512205922981,1252.5524885390141,1,0,0,0,0,0,13.3875,87.7,0.0003692385500839242,0.00012175453202001196,5000.0,7.299999999999996,-475000.0,7.299999999999996,-475000.0,5000.0,-0.013978839,1000.0,0.0059642761686,0.10089431,4.0,0.6896225,1.0,20.90009,0.0002779744607,0.062044404,0.0029484592,16000,7562,-0.012451264,64000,0.0361456573009491,0.046336673,203943.76908862437,0,326400,7562,64000,16000,81600,5100.0,5000.0,1035809.5598266989,203638.49790205213,203506.25469139562,0.00022653306481899838,9.52354128246112e-05,50.0,50,0.035200118725020955,80,50,17.5,20,4.0,27.168093332126602,1.1,21000,-16.5,4.1802993775989326e-05,27.168093332126602,0.7293511887562195,1000,0.29514238312327673,0.00011652781311237476,1.1,1.1,0.00034759156793530996,4000,1000,1000,4000,3.216622521121303e-05,5.0244938287706675e-05,0.0001685615631585459,2.2809158314963913e-05,1.5245604757606816e-06,1.5225824347230841e-05,3.586019559828987e-06,1.9410470468631354e-05,3.215073750815982e-05,6.419241984165435e-06,6.301928119976787e-06,0.01478812243322556,6.29122871937625e-06,0.00019439396437703272,0.0008009922739728017,2.5401055826728222e-05,0.20108522968554288,0.06932311665094293,0.008557971644479996,1.762508023413271e-05,2.8857862586783697e-05,3.398306769877333e-06,6.066969405656369e-06,5.626284680738934e-06,1.5117418584094265e-05,2.1239347489450454e-05,0.00015746368657105334,1.5589397399870198e-06,2.890032270547394e-05,4.5972157542683177e-05
1,-717500.0,False,5,b285e_00000,2025-08-11_17-09-06,1754924946,4.871309041976929,25.158213138580322,62052,DESKTOP-3SK5A41,192.168.40.242,25.158213138580322,5,4.287798386954917,1.4182900044161316e-05,4.287522435703895,3.829794425265,0.45419440332023325,0.0016059850230153885,0.03638789397999062,0.012633423318320704,4.389213878224417e-05,9.862510673603494e-05,5000.0,27.16809333212661,9.914974119681324e-05,-14350.0,50.0,27.16809333212661,4.0,4.7,50,-717500.0,14.5,100.0,-5.5,50,0.038225831417022585,1282.2132389244593,1,0,0,0,0,0,13.042857142857143,87.70000000000002,0.00035915927537235324,0.00011888286446673553,5000.0,4.7,-717500.0,4.7,-717500.0,5000.0,-0.010710478,1000.0,0.0059642761686,0.099792376,5.0,0.67692363,1.0,18.888685,0.0002779744607,0.1046315,0.0045454735,16000,7562,0.030965157,80000,0.01807282865047455,0.09040807,202887.72579128182,0,408000,7562,80000,16000,81600,5100.0,5000.0,1030641.9967420954,202601.2901823136,202474.23814825105,0.00022555673416789506,9.256191401886301e-05,50.0,50,0.035125268960009635,100,50,17.5,20,5.0,27.168093332126602,0.7,26000,-16.5,4.089696122785254e-05,27.168093332126602,0.7293024728486575,1000,0.2936641092820412,0.00011382459736195862,0.7,0.7,0.0003396464976474478,5000,1000,1000,5000,3.119427157446022e-05,4.893510478225299e-05,0.0001636990459494388,2.2229088661324813e-05,1.4927072329145947e-06,1.4943016753613397e-05,3.529758819005867e-06,1.9028104974475857e-05,3.150918717977818e-05,6.329380742262564e-06,6.169423232344493e-06,0.014739862208897241,6.280316432505948e-06,0.00019405702473250202,0.0008002293512362636,2.534704526795599e-05,0.1996609283786888,0.06931983148443119,0.008557384928031044,1.7777695571978917e-05,2.846733662707382e-05,3.337955297923358e-06,5.8329233717860515e-06,5.4276907143738716e-06,1.4649632963068542e-05,2.1000747721344692e-05,0.00015220486333134944,1.3798874381860867e-06,2.9430688536175975e-05,4.4342246036293874e-05
1,-960000.0,False,6,b285e_00000,2025-08-11_17-09-11,1754924951,5.02436900138855,30.182582139968872,62052,DESKTOP-3SK5A41,192.168.40.242,30.182582139968872,6,4.287772572985371,1.4155071043204506e-05,4.287494871246855,3.8304015349223524,0.4535535552770306,0.001606281172786231,0.03634571792000317,0.01199620924620695,4.370887568959905e-05,9.446491668051988e-05,5000.0,27.16809333212661,9.957658369230099e-05,-19200.0,50.0,27.16809333212661,5.0,7.700000000000004,50,-960000.0,14.5,100.0,-5.5,50,0.03770546254302581,1285.8299985605229,1,0,0,0,0,0,13.342857142857143,87.71428571428571,0.0003589169062023603,0.00011839434133718851,5000.0,7.700000000000004,-960000.0,7.700000000000004,-960000.0,5000.0,-0.017527461,1000.0,0.0059642761686,0.100933574,6.0,0.67747355,1.0,19.39785,0.0002779744607,0.023729684,0.00020209914,16000,7562,-0.050659448,96000,0.009036414325237274,0.05883379,201419.52784773742,0,489600,7562,96000,16000,81600,5100.0,5000.0,1023353.5151410603,201151.52199959345,201027.5328543259,0.0002246071668254199,9.276323327490138e-05,50.0,50,0.03508112096999412,120,50,17.5,20,6.0,27.168093332126602,-0.1,31000,-16.5,4.106604661825086e-05,27.168093332126602,0.7292548701101719,1000,0.2936485931892233,0.00011474485475578607,-0.1,-0.1,0.0003425554938647085,6000,1000,1000,6000,3.153053308368096e-05,4.878823055416071e-05,0.0001636113199715391,2.2156459172707607e-05,1.4843546957766005e-06,1.4947602312782951e-05,3.5281905875483448e-06,1.8757854404034627e-05,3.133992033011687e-05,6.29535713854132e-06,6.206578045295897e-06,0.014687118586806325,6.270513267023895e-06,0.00019373245448473496,0.0007998570577239638,2.530457481667638e-05,0.1996873980949024,0.06933109716958726,0.008558237078753307,1.722095305044616e-05,2.867715420072803e-05,3.273842697463737e-06,5.897080388873715e-06,5.506715690988955e-06,1.448171253539505e-05,2.1136294077813796e-05,0.0001535075008216173,1.4035347694481664e-06,2.9207378225652868e-05,4.4960592575581916e-05
1,-1202500.0,False,7,b285e_00000,2025-08-11_17-09-16,1754924956,4.904532432556152,35.087114572525024,62052,DESKTOP-3SK5A41,192.168.40.242,35.087114572525024,7,4.2866021491955175,1.421252032920049e-05,4.286322747474384,3.8312801995131287,0.45149935572426103,0.0016060003610587682,0.03657731094000155,0.012778321753728722,4.438459605185566e-05,9.336042638262815e-05,5000.0,27.16809333212661,9.980429622185776e-05,-24050.0,50.0,27.16809333212661,6.0,8.1,50,-1202500.0,14.5,100.0,-5.5,50,0.03757781747733977,1278.9982366814058,1,0,0,0,0,0,13.428571428571429,87.71428571428571,0.0003609463737197631,0.00011932345719509355,5000.0,8.1,-1202500.0,8.1,-1202500.0,5000.0,-0.016572118,1000.0,0.0059642761686,0.100664906,7.0,0.6858096,1.0,19.243277,0.0002779744607,0.044388838,0.0019229319,16000,7562,-0.02975554,112000,0.004518207162618637,0.043984793,199763.39996412944,0,571200,7562,112000,16000,81600,5100.0,5000.0,1015106.4088300007,199512.61486531876,199393.2048534064,0.00022356109515868347,9.153891409021032e-05,50.0,50,0.03491380695998941,140,50,17.5,20,7.0,27.168093332126602,0.7,36000,-16.5,4.047165978789727e-05,27.168093332126602,0.7291666933990667,1000,0.2922285612573289,0.0001152332706941735,0.7,0.7,0.00034057854041593066,7000,1000,1000,7000,3.156538231613512e-05,4.894917621955157e-05,0.00016435197852305447,2.250193095746887e-05,1.5271892448518408e-06,1.4982008318212882e-05,3.5212826871240828e-06,1.9058134621121138e-05,3.160036785526986e-05,6.381267150469304e-06,6.2501248748992905e-06,0.014641946400939906,6.258808136157569e-06,0.00019403612993729917,0.0007988554871471346,2.5253529069591235e-05,0.19829174211395498,0.06935342819789149,0.00855808670796199,1.7264026670652655e-05,2.9065969568042955e-05,3.5599522502021707e-06,6.075312571637028e-06,5.626961917911634e-06,1.4502669791169879e-05,2.110519812372931e-05,0.000153560519496849,1.361947559358701e-06,2.8747528600642154e-05,4.4615511440724426e-05
1,-1445000.0,False,8,b285e_00000,2025-08-11_17-09-21,1754924961,5.03973388671875,40.126848459243774,62052,DESKTOP-3SK5A41,192.168.40.242,40.126848459243774,8,4.286739933663564,1.417939512370061e-05,4.286459882959638,3.8321082674779987,0.4508075131670153,0.0016038263574497287,0.03657799196000269,0.012123388069048311,4.4039044688241466e-05,9.489090237067615e-05,5000.0,27.16809333212661,0.00010077857688552686,-28900.0,50.0,27.16809333212661,7.0,6.9,50,-1445000.0,14.5,100.0,-5.5,50,0.03766017029709934,1276.5978112583375,1,0,0,0,0,0,12.957142857142857,87.71428571428571,0.00036027265569318174,0.00011918404559130265,5000.0,6.9,-1445000.0,6.9,-1445000.0,5000.0,-0.015180826,1000.0,0.0059642761686,0.09991857,8.0,0.6866185,1.0,20.114082,0.0002779744607,0.03892195,0.00022591656,16000,7562,-0.034621336,128000,0.0022591035813093185,0.123974174,198281.97093775027,0,652800,7562,128000,16000,81600,5100.0,5000.0,1007741.4301583244,198047.8128470138,197932.74923019507,0.00022280648420642702,9.397914848177888e-05,50.0,50,0.03480189194996455,160,50,17.5,20,8.0,27.168093332126602,0.5,41000,-16.5,4.235280962586022e-05,27.168093332126602,0.7291193734550769,1000,0.29221202164475685,0.00011442818461146043,0.5,0.5,0.00034505582122819524,8000,1000,1000,8000,3.150948240773308e-05,4.930570080983751e-05,0.00016354246690449006,2.239779168469447e-05,1.4894582891286917e-06,1.4986502056558923e-05,3.545060034891794e-06,1.8971647528076997e-05,3.138633236247851e-05,6.338494954691854e-06,6.251322397184281e-06,0.014588288936929818,6.252220053745113e-06,0.00019381976863675672,0.0007977349322760584,2.5309993776182494e-05,0.19832594569281894,0.069359559915913,0.008556776840882997,1.7257111481299494e-05,2.861772803319859e-05,3.370936450815744e-06,6.105939176609302e-06,5.483510946174366e-06,1.4612401308346617e-05,2.123182212279471e-05,0.00015425329806576687,1.500345571856107e-06,2.9863993290861392e-05,4.5556696591153536e-05
1,-1687500.0,False,9,b285e_00000,2025-08-11_17-09-26,1754924966,4.921907186508179,45.04875564575195,62052,DESKTOP-3SK5A41,192.168.40.242,45.04875564575195,9,4.285656526306929,1.41596011737472e-05,4.285375774110043,3.8330639877832167,0.4487671290353422,0.0016010230938764908,0.03669103298002483,0.012771026319722507,4.413889388108836e-05,9.427261417478149e-05,5000.0,27.16809333212661,0.00010072097844512509,-33750.0,50.0,27.16809333212661,8.0,4.7,50,-1687500.0,14.5,100.0,-5.5,50,0.03769236565258427,1273.9623969825052,1,0,0,0,0,0,13.0,87.67142857142858,0.0003614478430696739,0.00012006144122158934,5000.0,4.7,-1687500.0,4.7,-1687500.0,5000.0,-0.007826328,1000.0,0.0059642761686,0.100381106,9.0,0.66732824,1.0,20.36769,0.0002779744607,0.056534857,0.005974427,16000,7562,-0.017495366,144000,0.0011295517906546593,0.121620804,196694.3892510532,0,734400,7562,144000,16000,81600,5100.0,5000.0,999819.5485472184,196475.92861016674,196365.80908427524,0.0002219974193645318,9.259263309923307e-05,50.0,50,0.034822025939952254,180,50,17.5,20,9.0,27.168093332126602,-0.1,46000,-16.5,4.0857301246773036e-05,27.168093332126602,0.7291165207105248,1000,0.29078402542831006,0.0001153532898154007,-0.1,-0.1,0.00034277164998890934,9000,1000,1000,9000,3.165255516930021e-05,4.933363462215913e-05,0.00016402415786953336,2.2372533817295375e-05,1.493116363731288e-06,1.5125026556238489e-05,3.5957681319845564e-06,1.9125531899861277e-05,3.1496211447986715e-05,6.408196586960169e-06,6.247612662526236e-06,0.0145443660475623,6.242697856598142e-06,0.00019353757094984613,0.000797525582949147,2.5265893838234056e-05,0.19694083723588998,0.06936196631675355,0.008556640072471866,1.74950105436809e-05,2.9530556772920578e-05,3.448093542126837e-06,5.860339915985713e-06,5.5088693444067635e-06,1.4633461333714752e-05,2.089013997436245e-05,0.00015377787612900874,1.409475997355211e-06,2.8720081842201276e-05,4.5464173724019e-05
1,-1930000.0,False,10,b285e_00000,2025-08-11_17-09-31,1754924971,5.035799264907837,50.08455491065979,62052,DESKTOP-3SK5A41,192.168.40.242,50.08455491065979,10,4.285752435923858,1.4129005161388418e-05,4.285470059248945,3.8337415398053865,0.4481827247249896,0.0015998658629355822,0.03644160090998867,0.01217471961783457,4.421576089614729e-05,9.39839334132152e-05,5000.0,27.16809333212661,0.00010002961485906003,-38600.0,50.0,27.16809333212661,9.0,6.100000000000001,50,-1930000.0,14.5,100.0,-5.5,50,0.03762585084646293,1281.2362063678108,1,0,0,0,0,0,13.299999999999999,87.70000000000002,0.0003590808963315362,0.00011871514656614884,5000.0,6.100000000000001,-1930000.0,6.100000000000001,-1930000.0,5000.0,-0.008375883,1000.0,0.0059642761686,0.10048842,10.0,0.68874997,1.0,19.179607,0.0002779744607,0.081041165,0.0064299814,16000,7562,0.0070615723,160000,0.0005647758953273296,0.03033029,195183.39891825712,0,816000,7562,160000,16000,81600,5100.0,5000.0,992281.8525001204,194980.13612179196,194874.757438847,0.00022097144516764454,9.457293874111977e-05,50.0,50,0.03483457791996898,200,50,17.5,20,10.0,27.168093332126602,0.9,51000,-16.5,4.185798841908572e-05,27.168093332126602,0.7290844634634138,1000,0.29082017615402456,0.00011428567974043185,0.9,0.9,0.00034292034178411515,10000,1000,1000,10000,3.1442504621537544e-05,4.91296512732764e-05,0.0001633386725940229,2.2273662311973814e-05,1.495740193100647e-06,1.4919425866063531e-05,3.5481459248723653e-06,1.904534752743618e-05,3.131068580698385e-05,6.3781479394798386e-06,6.226895648097843e-06,0.014509460387085674,6.237270880048299e-06,0.00019343119523834468,0.0007965623271205965,2.521523490093333e-05,0.19700143384353272,0.06937487265358959,0.00855581567175079,1.7651993914308408e-05,2.8486158602910168e-05,3.404682765899464e-06,6.037865103069665e-06,5.706741312198625e-06,1.5049479672051576e-05,2.15293302816805e-05,0.00015373149111254112,1.413151391030891e-06,2.9103914226251505e-05,4.492404111957894e-05
1,-2172500.0,False,11,b285e_00000,2025-08-11_17-09-36,1754924976,4.888168096542358,54.97272300720215,62052,DESKTOP-3SK5A41,192.168.40.242,54.97272300720215,11,4.284429648344615,1.4105715107884996e-05,4.284146486436455,3.8344491981973263,0.44614848646773836,0.0016000462043009621,0.036470370789975275,0.01284171062892012,4.395504496321513e-05,9.380190081471588e-05,5000.0,27.16809333212661,9.960471139938904e-05,-43450.0,50.0,27.16809333212661,10.0,6.100000000000001,50,-2172500.0,14.5,100.0,-5.5,50,0.03756509228134473,1281.164638412351,1,0,0,0,0,0,13.028571428571427,87.70000000000002,0.00035996684817401315,0.0001189820109203278,5000.0,6.100000000000001,-2172500.0,6.100000000000001,-2172500.0,5000.0,-0.006559372,1000.0,0.0059642761686,0.1005681,11.0,0.6910969,1.0,19.189222,0.0002779744607,0.026485931,0.00048634075,16000,7562,-0.04753459,176000,0.0002823879476636648,0.06976857,193743.7733570304,0,897600,7562,176000,16000,81600,5100.0,5000.0,985096.0952645929,193554.18455036133,193452.25565418837,0.00021994773071547482,9.166381551036552e-05,50.0,50,0.034802239899963755,220,50,17.5,20,11.0,27.168093332126602,0.7,56000,-16.5,4.1081094591163876e-05,27.168093332126602,0.729003628788779,1000,0.28940389138248285,0.00011481832985969861,0.7,0.7,0.0003384292385772606,11000,1000,1000,11000,3.1291777408885776e-05,4.904686929358252e-05,0.00016380191055519175,2.2505248758500712e-05,1.5287734466494023e-06,1.5039259664838256e-05,3.528974499469931e-06,1.89899751172153e-05,3.151273849780567e-05,6.337907524573688e-06,6.1539189430789454e-06,0.01447017578321029,6.230898170196936e-06,0.00019325788328913214,0.0007959767038466739,2.5172082551737384e-05,0.19562697649509897,0.06937587892704868,0.008553724515037303,1.7246437554905557e-05,2.9195912308716288e-05,3.2848587394162257e-06,5.9375470642831216e-06,5.741656528536827e-06,1.4658194885622615e-05,2.1185446447583974e-05,0.0001516259720365401,1.5035990030050328e-06,2.8533015013446845e-05,4.446270648434482e-05
1,-2415000.0,False,12,b285e_00000,2025-08-11_17-09-41,1754924981,5.0151612758636475,59.987884283065796,62052,DESKTOP-3SK5A41,192.168.40.242,59.987884283065796,12,4.284330063831168,1.4070657963587106e-05,4.284045625542096,3.8349845481853544,0.44551224260306505,0.0015975527422612535,0.03633073697001238,0.012130081627330749,4.3626610097386496e-05,9.449291117332245e-05,5000.0,27.16809333212661,9.949973367880849e-05,-48300.0,50.0,27.16809333212661,11.0,6.5,50,-2415000.0,14.5,100.0,-5.5,50,0.03753011994747864,1283.703584528868,1,0,0,0,0,0,12.912500000000001,87.7625,0.00035813199175560866,0.00011877326025157216,5000.0,6.5,-2415000.0,6.5,-2415000.0,5000.0,-0.0008214712,1000.0,0.0059642761686,0.10055984,12.0,0.68115646,1.0,19.869741,0.0002779744607,0.06250377,0.0041963253,16000,7562,-0.0115705235,192000,0.0001411939738318324,0.073663354,192430.03944578272,0,979200,7562,192000,16000,81600,5100.0,5000.0,978545.5045701088,192252.42428037114,192153.6109724587,0.00021894625340825128,9.378536541648739e-05,50.0,50,0.03484024190996024,240,50,17.5,20,12.0,27.168093332126602,0.1,61000,-16.5,4.0464706477121545e-05,27.168093332126602,0.728958899500885,1000,0.289402021468655,0.00011447439381144027,0.1,0.1,0.0003412385582540512,12000,1000,1000,12000,3.1076105134848776e-05,4.868829509864572e-05,0.00016291457302552827,2.227761239981127e-05,1.5178583408544023e-06,1.4971501434221666e-05,3.5588724463919494e-06,1.890377703017627e-05,3.13215499181413e-05,6.309711430536628e-06,6.15447844706934e-06,0.014412738025381603,6.224589187444085e-06,0.00019299330445157476,0.0007948179368077482,2.512336172582117e-05,0.1956820587301475,0.06938071613778019,0.008551561269883115,1.7704338733277967e-05,2.8424492098703215e-05,3.3228091055163518e-06,6.186435152785597e-06,5.433661993591213e-06,1.46957546650641e-05,2.085505554505129e-05,0.00015344847987198228,1.3870646714330635e-06,2.895748405133803e-05,4.454274054727629e-05
1,-2657500.0,False,13,b285e_00000,2025-08-11_17-09-46,1754924986,4.874067783355713,64.86195206642151,62052,DESKTOP-3SK5A41,192.168.40.242,64.86195206642151,13,4.282842590172853,1.4061951388620188e-05,4.282556917266682,3.8355940586834967,0.44341233517703216,0.0015963382148408223,0.03637954997995621,0.012785516226775444,4.3722406191980414e-05,9.338853547733002e-05,5000.0,27.16809333212661,9.975430152651161e-05,-53150.0,50.0,27.16809333212661,12.0,7.1,50,-2657500.0,14.5,100.0,-5.5,50,0.037450975629654645,1285.3583622378103,1,0,0,0,0,0,13.285714285714283,87.70000000000002,0.00035852067139633,0.00011829734133419437,5000.0,7.1,-2657500.0,7.1,-2657500.0,5000.0,-0.00028252602,1000.0,0.0059642761686,0.10026554,13.0,0.6828942,1.0,19.530775,0.0002779744607,0.07170747,7.611496e-05,16000,7562,-0.0021266148,208000,7.05969869159162e-05,0.052952323,191741.7543187116,0,1060800,7562,208000,16000,81600,5100.0,5000.0,975155.8438083251,191574.47331163837,191476.93056267573,0.0002179607908743122,9.232260850089476e-05,50.0,50,0.03483701191997625,260,50,17.5,20,13.0,27.168093332126602,0.3,66000,-16.5,4.1441306347156097e-05,27.168093332126602,0.7289165075058731,1000,0.28802482625396725,0.00011287655122393887,0.3,0.3,0.0003415034363987632,13000,1000,1000,13000,3.1082886487268966e-05,4.8894714022563714e-05,0.0001631670096032405,2.224969467245786e-05,1.5042309010694587e-06,1.4976941589924346e-05,3.5094249695623825e-06,1.895686924321568e-05,3.12652382569687e-05,6.356913122458594e-06,6.112370655152442e-06,0.014368846645126191,6.2153432898651775e-06,0.0001927363714131806,0.0007945697574361462,2.5083128105415436e-05,0.19433060014284262,0.06939345097640046,0.008557936657186136,1.685460219470318e-05,2.902778506784006e-05,3.3802321000318872e-06,6.112292331552106e-06,5.517637145248394e-06,1.4907835895427918e-05,2.1313801009668812e-05,0.00015368507977205762,1.414255540651914e-06,2.8875530632099855e-05,4.409698455434518e-05
1,-2900000.0,False,14,b285e_00000,2025-08-11_17-09-51,1754924991,5.020301342010498,69.882253408432,62052,DESKTOP-3SK5A41,192.168.40.242,69.882253408432,14,4.282864937271126,1.4030331877073584e-05,4.282578034094017,3.8375315850966634,0.4414911268252684,0.0015956788326910644,0.03771783299996968,0.01208049377482112,4.3800745916461655e-05,9.333876266333451e-05,5000.0,27.16809333212661,0.00010809144041155754,-58000.0,50.0,27.16809333212661,13.0,6.5,50,-2900000.0,14.5,100.0,-5.5,50,0.03745151343085922,1284.9668875872883,1,0,0,0,0,0,13.37142857142857,87.70000000000002,0.0003582550131849576,0.00011833335053048954,5000.0,6.5,-2900000.0,6.5,-2900000.0,5000.0,0.0052667856,1000.0,0.0059642761686,0.100462526,14.0,0.67386985,1.0,22.089235,0.0002779744607,0.08451198,0.0012391149,16000,7562,0.010470931,224000,3.52984934579581e-05,0.08025474,190554.8540026906,0,1142400,7562,224000,16000,81600,5100.0,5000.0,969239.3515266019,190400.27406862343,190304.91393851498,0.00021697018296063447,9.134337455046373e-05,50.0,50,0.03476352992999182,280,50,17.5,20,14.0,27.168093332126602,0.1,71000,-14.5,4.087947739812863e-05,27.168093332126602,0.7288348804308168,1000,0.28665205699142926,0.0001145802071308617,0.1,0.1,0.00033715963151675053,14000,1000,1000,14000,3.115072557246179e-05,4.8916183251989426e-05,0.0001630498314926823,2.21524010541095e-05,1.4956083592602376e-06,1.4900070478375089e-05,3.481478301217967e-06,1.8852344487338515e-05,3.1171612264289944e-05,6.269637136492821e-06,6.146771121877569e-06,0.0143213761786737,6.208189857396098e-06,0.00019258100769502966,0.0007946650598627426,2.5059296824811344e-05,0.1930064131414169,0.0693912624666387,0.008558680290619269,1.7020422834700365e-05,2.8774840414422847e-05,3.486146922789439e-06,6.1294762175947145e-06,5.633012781909301e-06,1.4486602576567922e-05,2.0828441594309616e-05,0.00015105507893972627,1.3670975096263605e-06,2.865489910143797e-05,4.453841821987449e-05
1,-3142500.0,False,15,b285e_00000,2025-08-11_17-09-56,1754924996,4.8944947719573975,74.7767481803894,62052,DESKTOP-3SK5A41,192.168.40.242,74.7767481803894,15,4.281570640868416,1.4010028553452405e-05,4.281283079723081,3.8381906952157,0.4395371075570149,0.0015929430443634022,0.03646436496990645,0.01189847435030045,4.4023166630812937e-05,9.34505753714471e-05,5000.0,27.16809333212661,0.00011287861369862635,-62850.0,50.0,27.16809333212661,14.0,8.1,50,-3142500.0,14.5,100.0,-5.5,50,0.03832376708336314,1273.346416822493,1,0,0,0,0,0,13.085714285714287,87.70000000000002,0.0003593990382029077,0.00011894254055472929,5000.0,8.1,-3142500.0,8.1,-3142500.0,5000.0,-0.00011968613,1000.0,0.0059642761686,0.1008451,15.0,0.67877656,1.0,20.397264,0.0002779744607,0.04804459,0.00034821502,16000,7562,-0.026264373,240000,1.764924672897905e-05,0.1300934,189449.05276148597,0,1224000,7562,240000,16000,81600,5100.0,5000.0,963716.0205337107,189305.13469408336,189212.00435509163,0.00021607848113075736,9.308388611408035e-05,50.0,50,0.03476793395996538,300,50,17.5,20,15.0,27.168093332126602,-0.9,76000,-14.5,4.079734269191617e-05,27.168093332126602,0.7288086626165109,1000,0.2852991014215106,0.00011356936721862313,-0.9,-0.9,0.00034020409024468416,15000,1000,1000,15000,3.1163546003051534e-05,4.8821070606572156e-05,0.00016380098207774657,2.230044125570222e-05,1.49336705011907e-06,1.4989268920296216e-05,3.4790987350754584e-06,1.8985751646577403e-05,3.1395353501180375e-05,6.381044186779701e-06,6.139207273100529e-06,0.014295555416878315,6.1961079575590305e-06,0.00019263519762444903,0.0007937614092691843,2.5018703854896164e-05,0.19167908001000178,0.06939466584196843,0.00855700648771165,1.7228244048350273e-05,2.8618987763651274e-05,3.444659828646037e-06,5.986778478493544e-06,5.4280752745845955e-06,1.4340884020458886e-05,2.154645761899797e-05,0.00015258471360140362,1.3939788214474486e-06,2.909890452957044e-05,4.4119882975679385e-05
1,-3385000.0,False,16,b285e_00000,2025-08-11_17-10-01,1754925001,5.025576114654541,79.80232429504395,62052,DESKTOP-3SK5A41,192.168.40.242,79.80232429504395,16,4.281604000429726,1.3976928273218387e-05,4.281315839895851,3.840168389233539,0.4375886274814444,0.0015930336139134275,0.03777433096995993,0.011812173744202232,4.39578500748376e-05,9.465186714320392e-05,5000.0,27.16809333212661,0.00013283589170285447,-67700.0,50.0,27.16809333212661,15.0,8.9,50,-3385000.0,14.5,100.0,-5.5,50,0.03862257690588773,1271.0375366353057,1,0,0,0,0,0,12.928571428571429,87.74285714285715,0.00035943040390636364,0.00011850583242792766,5000.0,8.9,-3385000.0,8.9,-3385000.0,5000.0,0.00042289495,1000.0,0.0059642761686,0.10104061,16.0,0.6886913,1.0,20.851114,0.0002779744607,0.045568984,0.002302518,16000,7562,-0.028832788,256000,8.824623364489526e-06,0.07670689,188399.83199278748,0,1305600,7562,256000,16000,81600,5100.0,5000.0,958485.7637148253,188265.9197509449,188175.32352849471,0.000215128696318325,9.272670334403367e-05,50.0,50,0.03482677790997513,320,50,17.5,20,16.0,27.168093332126602,-0.3,81000,-14.5,4.1029055088139104e-05,27.168093332126602,0.7287902479103489,1000,0.28394556940729243,0.00011432750255134336,-0.3,-0.3,0.0003434679781120042,16000,1000,1000,16000,3.151184979812215e-05,4.9108436928724075e-05,0.00016359035275213054,2.220164764786068e-05,1.4973519809572113e-06,1.492601046561907e-05,3.4806034879034706e-06,1.8849328944560943e-05,3.132880840310316e-05,6.31299115675149e-06,6.154585303328401e-06,0.014255488862709309,6.18514687523988e-06,0.00019235684565495765,0.0007931147951782071,2.4966516814255685e-05,0.19035890820989987,0.06940239018354583,0.008557606422829569,1.696975915948238e-05,2.884080185632264e-05,3.415969192366219e-06,5.878811645466963e-06,5.5425632313483374e-06,1.527193334552167e-05,2.1326724393212206e-05,0.00015460736553336724,1.4701896613890035e-06,2.912010421088412e-05,4.441404547884366e-05
1,-3627500.0,False,17,b285e_00000,2025-08-11_17-10-06,1754925006,5.035192489624023,84.83751678466797,62052,DESKTOP-3SK5A41,192.168.40.242,84.83751678466797,17,4.28172912294543,1.3941158991133123e-05,4.281440370016888,3.8408026219012,0.4370790191666262,0.0015898292777696754,0.036462564599978584,0.011804337817863143,4.3924891470639646e-05,9.535740557034757e-05,5000.0,27.16809333212661,0.00010008537734735768,-72550.0,50.0,27.16809333212661,16.0,4.7,50,-3627500.0,14.5,100.0,-5.5,50,0.0380061594183795,1280.0671840006692,1,0,0,0,0,0,12.857142857142858,87.79999999999998,0.00035940710057452365,0.00011916291746298531,5000.0,4.7,-3627500.0,4.7,-3627500.0,5000.0,0.021505713,1000.0,0.0059642761686,0.099888705,17.0,0.6920858,1.0,18.324162,0.0002779744607,0.060845852,0.0039018798,16000,7562,-0.01264064,272000,4.412311682244763e-06,0.020514438,187424.22822821533,0,1387200,7562,272000,16000,81600,5100.0,5000.0,953635.518624699,187300.10013108954,187212.78996337726,0.00021416940935486072,9.090276202248123e-05,50.0,50,0.03484212383002159,340,50,17.5,20,17.0,27.168093332126602,-0.9,86000,-14.5,4.0518450715689875e-05,27.168093332126602,0.7287671393512486,1000,0.28403424868321725,0.00011458016417343628,-0.9,-0.9,0.0003397194358075077,17000,1000,1000,17000,3.134290605253746e-05,4.890437528375878e-05,0.00016353182488716274,2.2348091440494923e-05,1.512232505771559e-06,1.4997313542185771e-05,3.506753550777743e-06,1.9036638972205285e-05,3.1418047858863367e-05,6.355230401740901e-06,6.209056240509489e-06,0.014215358974086802,6.181295411570639e-06,0.00019215327719861297,0.0007930956472273675,2.4937851646350964e-05,0.19047113710780092,0.06942186327171203,0.008555234358594475,1.7221479390230346e-05,2.8979549550796876e-05,3.2708933051185347e-06,5.815869870022296e-06,5.515507646234136e-06,1.482091217116007e-05,2.072573008955856e-05,0.00015275660165119502,1.4883278585308858e-06,2.8842333402149424e-05,4.458551880015672e-05
1,-3870000.0,False,18,b285e_00000,2025-08-11_17-10-11,1754925011,4.862444162368774,89.69996094703674,62052,DESKTOP-3SK5A41,192.168.40.242,89.69996094703674,18,4.280160873425974,1.3920747406946748e-05,4.27987123402672,3.841254397402188,0.435059063964953,0.0015871369849952438,0.03629456075002052,0.012683927948661293,4.3732004352643016e-05,9.555497465149219e-05,5000.0,27.16809333212661,9.898533930322935e-05,-77400.0,50.0,27.16809333212661,17.0,5.299999999999998,50,-3870000.0,14.5,100.0,-5.5,50,0.037631407804536755,1286.645861479058,1,0,0,0,0,0,13.1,87.79999999999998,0.00035800703227463314,0.00011839502272317982,5000.0,5.299999999999998,-3870000.0,5.299999999999998,-3870000.0,5000.0,0.025441527,1000.0,0.0059642761686,0.10034785,18.0,0.69221616,1.0,19.131893,0.0002779744607,0.06678315,0.0003232933,16000,7562,-0.007059284,288000,2.2061558411223814e-06,0.063970275,186947.82499071135,0,1468800,7562,288000,16000,81600,5100.0,5000.0,951313.5395951883,186833.58346654096,186748.1640646646,0.00021320871526822114,9.313130756252939e-05,50.0,50,0.03482964382001228,360,50,17.5,20,18.0,27.168093332126602,-0.9,91000,-14.5,4.1320022809226124e-05,27.168093332126602,0.7287085789477377,1000,0.2826902221863831,0.00011571535194147965,-0.9,-0.9,0.00034406181977457185,18000,1000,1000,18000,3.117612383627683e-05,4.878765634879198e-05,0.0001628942114487255,2.2314796703625395e-05,1.4850927034209448e-06,1.4847538120046343e-05,3.5234254425822324e-06,1.8853655652914953e-05,3.128554932727648e-05,6.367132557084645e-06,6.114997435499805e-06,0.014163335374349268,6.173482459364959e-06,0.00019192274442429014,0.0007923386907481225,2.490947313012529e-05,0.18917208273672845,0.06943140263899455,0.008554304015003381,1.751556390830259e-05,2.9838197383321836e-05,3.3800345729494188e-06,5.9295421625711585e-06,5.5359626922317505e-06,1.4732872441340713e-05,2.192294542929096e-05,0.0001533875821289507,1.4840906254322522e-06,2.962843360348311e-05,4.550116132654218e-05
1,-4112500.0,False,19,b285e_00000,2025-08-11_17-10-16,1754925016,5.043403625488281,94.74336457252502,62052,DESKTOP-3SK5A41,192.168.40.242,94.74336457252502,19,4.280414125601711,1.389253993225597e-05,4.2801237865964525,3.842100677348166,0.4344668163153076,0.0015846146151460355,0.03670435392001309,0.012021640629585315,4.4154505335778584e-05,9.408351683638197e-05,5000.0,27.16809333212661,0.00010070938766828822,-82250.0,50.0,27.16809333212661,18.0,7.299999999999996,50,-4112500.0,14.5,100.0,-5.5,50,0.037631767242904665,1277.373431317555,1,0,0,0,0,0,13.5125,87.775,0.0003619700968724435,0.00011957511758753006,5000.0,7.299999999999996,-4112500.0,7.299999999999996,-4112500.0,5000.0,0.020630777,1000.0,0.0059642761686,0.10064217,19.0,0.6904432,1.0,19.372337,0.0002779744607,0.043377325,0.0019483549,16000,7562,-0.03070438,304000,1.1030779205611907e-06,0.06298165,186974.87879286887,0,1550400,7562,304000,16000,81600,5100.0,5000.0,951568.3878523572,186870.48198519932,186787.72899013324,0.00021225462811779434,9.406549668331691e-05,50.0,50,0.034861277810032336,380,50,17.5,20,19.0,27.168093332126602,-0.9,96000,-16.5,4.1652570423424926e-05,27.168093332126602,0.7286612151482598,1000,0.28279867395451597,0.00011563006859515555,-0.9,-0.9,0.00034504969598107187,19000,1000,1000,19000,3.161928069179464e-05,4.9323737625622734e-05,0.00016437596913343886,2.2448628888029925e-05,1.5343795575352678e-06,1.5047084781875112e-05,3.5925886057911527e-06,1.90014133795461e-05,3.158944801565506e-05,6.356261182699432e-06,6.210418884446919e-06,0.014115208020608665,6.163747630547295e-06,0.00019172451697877166,0.0007915293038406427,2.4897378402659456e-05,0.18931498889935944,0.06944755361260654,0.008553385974852853,1.761724682010571e-05,2.9169761110879892e-05,3.344078491942704e-06,6.002205201303078e-06,5.554354907279893e-06,1.489894876974665e-05,2.106215329467847e-05,0.00015569099319651206,1.4537730003119638e-06,2.9332882425679764e-05,4.55096513292961e-05
1,-4355000.0,True,20,b285e_00000,2025-08-11_17-10-21,1754925021,4.875264406204224,99.61862897872925,62052,DESKTOP-3SK5A41,192.168.40.242,99.61862897872925,20,4.279001532315691,1.3882614532948778e-05,4.278710464700487,3.842571513544681,0.43258253415214787,0.0015821774689974415,0.036306952969980544,0.012676995908513204,4.380457454380595e-05,9.457396486238769e-05,5000.0,27.16809333212661,9.931561701155866e-05,-87100.0,50.0,27.16809333212661,19.0,5.299999999999998,50,-4355000.0,14.5,100.0,-5.5,50,0.03757013647305749,1284.710702666344,1,0,0,0,0,0,12.7,87.75714285714285,0.00035861663304168556,0.00011823959536008074,5000.0,5.299999999999998,-4355000.0,5.299999999999998,-4355000.0,5000.0,0.040319383,1000.0,0.0059642761686,0.10023092,20.0,0.6802312,1.0,18.793537,0.0002779744607,0.12234286,0.0053682467,16000,7562,0.04851979,320000,5.515389602805953e-07,0.050567824,186341.7334422806,0,1632000,7562,320000,16000,81600,5100.0,5000.0,948452.3725336301,186245.99243229628,186166.19826854212,0.00021133608183675982,9.214848430553362e-05,50.0,50,0.03481618782003352,400,50,17.5,20,20.0,27.168093332126602,-1.3,101000,-16.5,4.046647956739072e-05,27.168093332126602,0.7285891319967798,1000,0.28146479921496204,0.00011292359211198496,-1.3,-1.3,0.00033686509357597287,20000,1000,1000,20000,3.118705255007263e-05,4.90785350120397e-05,0.0001631592875419258,2.2283260457840286e-05,1.4982570959601237e-06,1.4933686086289727e-05,3.5092520566664965e-06,1.886913431565465e-05,3.1309575409571554e-05,6.349993714130134e-06,6.110689791708545e-06,0.014086058940397307,6.1551101576323025e-06,0.00019144827180791037,0.0007907070108060423,2.484740461506089e-05,0.1880120460103615,0.06944572007647501,0.008555261115111353,1.748376972019801e-05,2.8370970949852723e-05,3.4253340477089263e-06,5.755226985284422e-06,5.289224358657686e-06,1.461772941757752e-05,2.0906808022016714e-05,0.0001516005413771101,1.3767713898856007e-06,2.8519135068808564e-05,4.43916545649295e-05
