num_training_step_calls_per_iteration,num_env_steps_sampled_lifetime,done,training_iteration,trial_id,date,timestamp,time_this_iter_s,time_total_s,pid,hostname,node_ip,time_since_restore,iterations_since_restore,timers/training_iteration,timers/restore_env_runners,timers/training_step,timers/env_runner_sampling_timer,timers/learner_update_timer,timers/synch_weights,env_runners/num_env_steps_sampled,env_runners/episode_len_mean,env_runners/episode_return_min,env_runners/num_episodes_lifetime,env_runners/episode_return_mean,env_runners/rlmodule_inference_timer,env_runners/episode_len_max,env_runners/num_env_steps_sampled_lifetime,env_runners/episode_duration_sec_mean,env_runners/sample,env_runners/env_to_module_sum_episodes_length_in,env_runners/env_step_timer,env_runners/episode_len_min,env_runners/env_to_module_sum_episodes_length_out,env_runners/time_between_sampling,env_runners/episode_return_max,env_runners/weights_seq_no,env_runners/env_reset_timer,env_runners/num_episodes,env_runners/num_env_steps_sampled_lifetime_throughput,evaluation/num_healthy_workers,evaluation/actor_manager_num_outstanding_async_reqs,evaluation/num_remote_worker_restarts,fault_tolerance/num_healthy_workers,fault_tolerance/num_remote_worker_restarts,env_runner_group/actor_manager_num_outstanding_async_reqs,perf/cpu_util_percent,perf/ram_util_percent,env_runners/module_to_env_connector/connector_pipeline_timer,env_runners/env_to_module_connector/connector_pipeline_timer,env_runners/num_module_steps_sampled/default_policy,env_runners/num_module_steps_sampled_lifetime/default_policy,env_runners/num_agent_steps_sampled_lifetime/default_agent,env_runners/module_episode_returns_mean/default_policy,env_runners/agent_episode_returns_mean/default_agent,env_runners/num_agent_steps_sampled/default_agent,learners/__all_modules__/num_env_steps_trained_lifetime,learners/__all_modules__/num_env_steps_trained,learners/__all_modules__/num_non_trainable_parameters,learners/__all_modules__/num_module_steps_trained,learners/__all_modules__/learner_connector_sum_episodes_length_out,learners/__all_modules__/learner_connector_sum_episodes_length_in,learners/__all_modules__/num_module_steps_trained_lifetime,learners/__all_modules__/num_trainable_parameters,learners/__all_modules__/num_env_steps_trained_lifetime_throughput,learners/__all_modules__/num_module_steps_trained_throughput,learners/__all_modules__/num_module_steps_trained_lifetime_throughput,learners/default_policy/num_module_steps_trained,learners/default_policy/default_optimizer_learning_rate,learners/default_policy/vf_loss,learners/default_policy/gradients_default_optimizer_global_norm,learners/default_policy/curr_entropy_coeff,learners/default_policy/policy_loss,learners/default_policy/mean_kl_loss,learners/default_policy/vf_loss_unclipped,learners/default_policy/curr_kl_coeff,learners/default_policy/total_loss,learners/default_policy/module_train_batch_size_mean,learners/default_policy/num_module_steps_trained_lifetime,learners/default_policy/num_trainable_parameters,learners/default_policy/entropy,learners/default_policy/weights_seq_no,learners/default_policy/diff_num_grad_updates_vs_sampler_policy,learners/default_policy/vf_explained_var,learners/default_policy/num_module_steps_trained_lifetime_throughput,evaluation/env_runners/episode_len_min,evaluation/env_runners/env_to_module_sum_episodes_length_in,evaluation/env_runners/weights_seq_no,evaluation/env_runners/episode_return_mean,evaluation/env_runners/num_env_steps_sampled_lifetime,evaluation/env_runners/sample,evaluation/env_runners/env_to_module_sum_episodes_length_out,evaluation/env_runners/num_episodes,evaluation/env_runners/episode_len_mean,evaluation/env_runners/episode_return_max,evaluation/env_runners/num_env_steps_sampled,evaluation/env_runners/rlmodule_inference_timer,evaluation/env_runners/env_step_timer,evaluation/env_runners/env_reset_timer,evaluation/env_runners/num_episodes_lifetime,evaluation/env_runners/episode_return_min,evaluation/env_runners/episode_len_max,evaluation/env_runners/episode_duration_sec_mean,learners/__all_modules__/learner_connector/connector_pipeline_timer,evaluation/env_runners/env_to_module_connector/connector_pipeline_timer,evaluation/env_runners/module_to_env_connector/connector_pipeline_timer,evaluation/env_runners/num_agent_steps_sampled/default_agent,evaluation/env_runners/num_agent_steps_sampled_lifetime/default_agent,evaluation/env_runners/module_episode_returns_mean/default_policy,evaluation/env_runners/num_module_steps_sampled_lifetime/default_policy,evaluation/env_runners/num_module_steps_sampled/default_policy,evaluation/env_runners/agent_episode_returns_mean/default_agent,env_runners/module_to_env_connector/timers/connectors/remove_single_ts_time_rank_from_batch,env_runners/module_to_env_connector/timers/connectors/normalize_and_clip_actions,env_runners/module_to_env_connector/timers/connectors/tensor_to_numpy,env_runners/module_to_env_connector/timers/connectors/get_actions,env_runners/module_to_env_connector/timers/connectors/listify_data_for_vector_env,env_runners/module_to_env_connector/timers/connectors/un_batch_to_individual_items,env_runners/env_to_module_connector/timers/connectors/add_states_from_episodes_to_batch,env_runners/env_to_module_connector/timers/connectors/add_observations_from_episodes_to_batch,env_runners/env_to_module_connector/timers/connectors/add_time_dim_to_batch_and_zero_pad,env_runners/env_to_module_connector/timers/connectors/numpy_to_tensor,env_runners/env_to_module_connector/timers/connectors/batch_individual_items,learners/__all_modules__/learner_connector/timers/connectors/add_one_ts_to_episodes_and_truncate,learners/__all_modules__/learner_connector/timers/connectors/add_columns_from_episodes_to_train_batch,learners/__all_modules__/learner_connector/timers/connectors/add_states_from_episodes_to_batch,learners/__all_modules__/learner_connector/timers/connectors/add_observations_from_episodes_to_batch,learners/__all_modules__/learner_connector/timers/connectors/add_time_dim_to_batch_and_zero_pad,learners/__all_modules__/learner_connector/timers/connectors/general_advantage_estimation,learners/__all_modules__/learner_connector/timers/connectors/batch_individual_items,learners/__all_modules__/learner_connector/timers/connectors/numpy_to_tensor,evaluation/env_runners/env_to_module_connector/timers/connectors/batch_individual_items,evaluation/env_runners/env_to_module_connector/timers/connectors/numpy_to_tensor,evaluation/env_runners/env_to_module_connector/timers/connectors/add_states_from_episodes_to_batch,evaluation/env_runners/env_to_module_connector/timers/connectors/add_observations_from_episodes_to_batch,evaluation/env_runners/env_to_module_connector/timers/connectors/add_time_dim_to_batch_and_zero_pad,evaluation/env_runners/module_to_env_connector/timers/connectors/un_batch_to_individual_items,evaluation/env_runners/module_to_env_connector/timers/connectors/listify_data_for_vector_env,evaluation/env_runners/module_to_env_connector/timers/connectors/normalize_and_clip_actions,evaluation/env_runners/module_to_env_connector/timers/connectors/tensor_to_numpy,evaluation/env_runners/module_to_env_connector/timers/connectors/get_actions,evaluation/env_runners/module_to_env_connector/timers/connectors/remove_single_ts_time_rank_from_batch
1,627500.0,False,1,4d67b_00000,2025-08-11_19-20-54,1754932854,2.3754661083221436,2.3754661083221436,14262,Mac,127.0.0.1,2.3754661083221436,1,2.251514583011158,2.6708003133535385e-05,2.251219041994773,2.1357849579071626,0.11129887506831437,0.0009490000084042549,5000.0,20.0,-13.5,31375.0,-3.7400000000000015,9.11293125240091e-05,20,627500.0,0.0071913865134120005,0.01635209359540306,10.191744832559449,3.077680448763618e-05,20,10.191744832559449,0.0007571737379360359,6.5,0.0,0.0002537090695753099,250.0,2866.9595894535555,1,0,0,0,0,0,49.150000000000006,84.05,0.00022451718070497958,6.752184008227935e-05,5000.0,627500.0,627500.0,-3.7400000000000015,-3.7400000000000015,5000.0,31500,31500,0,6000,5250,5000,6000,6003,2006704.2991492022,387228.7753627592,384309.2094340914,6000,0.0002847858517,0.102780834,0.11001161,0.0090570820258,0.061082546,0.0017906971,31.674437,0.3732481598854065,0.12488928,1000.0,6000,6003,0.6923457,1.0,1.0,-0.009245157,388245.22617372626,20,10.216013141322508,1.0,-2.3,5400,0.10922908294014633,10.216013141322508,20,20.0,13.5,400,3.450686096144164e-05,1.5919597448804077e-05,0.0005355830071493983,20,-15.5,20,0.004928708344232291,0.0815931250108406,4.9391094912591555e-05,0.00012059131925515999,400,400,-2.3,400,400,-2.3,8.511250675630279e-07,5.171206636127557e-05,2.1901070202133527e-05,8.670909592556388e-05,1.7260761504196632e-05,7.517535186895829e-06,2.185229650286754e-06,4.092798403560916e-06,3.3445921284077345e-06,1.4669872658992363e-05,9.602516754993014e-06,0.007613042020238936,0.034113834029994905,3.958004526793957e-06,0.0008295830339193344,1.3999990187585354e-05,0.007193665951490402,0.03158104210160673,8.141703438013792e-05,6.751468325674229e-06,9.158231470515318e-06,1.7612076223140289e-06,3.5912746889262745e-06,2.8697262297106496e-06,5.78308890637768e-06,1.137226842226649e-05,1.1788786971356428e-05,1.689050366820194e-05,4.732163344672069e-05,7.082563820494253e-07
1,10000.0,False,2,4d67b_00000,2025-08-11_19-20-55,1754932855,1.8379762172698975,4.213442325592041,14262,Mac,127.0.0.1,4.213442325592041,2,2.2463343792618256,2.653551404364407e-05,2.246039611984743,2.1297233166580556,0.11218918964848854,0.0009475600079167633,5000.0,20.0,-13.5,500.0,-3.8199999999999994,3.1804475455029686e-05,20,10000.0,0.005000762511976064,0.006784018540002065,10.36823839457432,1.5317211628356836e-05,20,10.36823839457432,0.001708551548079753,6.5,1.0,6.345264450223698e-05,250.0,3423.1183424149513,1,0,0,0,0,0,50.79999999999999,81.8,0.00011430243479314756,4.730075073416684e-05,5000.0,10000.0,10000.0,-3.8199999999999994,-3.8199999999999994,5000.0,63000,31500,0,6000,5250.0,5000.0,12000,6003,2007852.4710664214,387382.69653398485,384500.30806622497,6000,0.0002847858517,0.102780834,0.14527708,0.0090570820258,-0.13185342,7.931759e-05,29.594585,0.18662407994270325,-0.06935102,1000.0,12000,6003,0.692033,2.0,1.0,-0.011589646,388376.90346769325,20,10.366003441359926,2.0,1.2,10400,0.10910578461014667,10.366003441359926,20,20.0,13.5,400,2.6867209867623133e-05,1.375787749918677e-05,0.0005310846772044897,40,-15.5,20,0.004688017774606123,0.0826222429308109,4.2355532429655686e-05,9.932121896824423e-05,400,800,1.2,800,400,1.2,6.347691804298302e-07,1.0364933093074242e-05,1.4495567739779898e-05,4.30711217548716e-05,1.2291648201568055e-05,5.727695304799777e-06,1.899559518960212e-06,3.1852992059081055e-06,2.5234756473733924e-06,9.675407861070877e-06,6.899564507763382e-06,0.007621986180311069,0.03412878360948525,3.957174485549331e-06,0.0008297959540504963,1.4053321210667491e-05,0.007183372621657327,0.03259678876027465,8.13161942642182e-05,6.020245839269616e-06,8.336174465497665e-06,1.6057666503906356e-06,2.7988043929940144e-06,2.223531977056592e-06,5.316620601303614e-06,1.0786262113454669e-05,9.343452661795224e-06,1.2779802161457471e-05,3.5085794388615056e-05,5.737463811762843e-07
1,-607500.0,False,3,4d67b_00000,2025-08-11_19-20-57,1754932857,1.7291491031646729,5.942591428756714,14262,Mac,127.0.0.1,5.942591428756714,3,2.2401250892195153,2.634932830696925e-05,2.2398312417056996,2.1235889030711843,0.11211101650142809,0.0009497006569406948,5000.0,20.0,-13.5,-30375.0,-2.0599999999999996,3.081886800425944e-05,20,-607500.0,0.004971910486463456,0.005513908445504938,10.36823839457432,1.524711885856678e-05,20,10.36823839457432,0.001981760738163723,6.5,2.0,4.7741425679226733e-05,250.0,3410.1375024544145,1,0,0,0,0,0,47.9,81.85,0.00011387797308516443,4.694682627196447e-05,5000.0,-607500.0,-607500.0,-2.0599999999999996,-2.0599999999999996,5000.0,94500,31500,0,6000,5250.0,5000.0,18000,6003,2006406.6682902963,386998.1993767042,384178.62024127366,6000,0.0002847858517,0.102780834,0.11601884,0.0090570820258,0.21789037,0.0014248319,31.712276,0.09331203997135162,0.28065008,1000.0,18000,6003,0.68971676,3.0,1.0,-0.00977695,387955.99770991347,20,10.368205581254823,3.0,1.7,15400,0.10897653009345523,10.368205581254823,20,20.0,13.5,400,2.6441967828444147e-05,1.3673584582651569e-05,0.0005265371610410511,60,-15.5,20,0.004595688185266529,0.08266251758134459,4.2121942057198836e-05,9.849966928633159e-05,400,1200,1.7,1200,400,1.7,6.369887672094121e-07,1.0404700935885657e-05,1.447764971009453e-05,4.257883169854622e-05,1.2326175840148286e-05,5.845241910279943e-06,1.8264547017568838e-06,3.187081665786584e-06,2.473174505877719e-06,9.513810997206108e-06,6.9519939682938804e-06,0.0076261638177675195,0.034160188692726655,3.955932485405356e-06,0.0008301729953731411,1.4119038695935158e-05,0.007175911394914147,0.032609029622562236,8.118012245977297e-05,6.030150337070475e-06,8.122577541397276e-06,1.6408750139321294e-06,2.7742533236242904e-06,2.227387412160907e-06,5.274577184725993e-06,1.0725219337953719e-05,9.276122063779725e-06,1.2750153373051287e-05,3.448337453133542e-05,5.727221323107758e-07
1,-1225000.0,False,4,4d67b_00000,2025-08-11_19-20-59,1754932859,2.16434907913208,8.106940507888794,14262,Mac,127.0.0.1,8.106940507888794,4,2.2380683691672587,2.618375544354785e-05,2.2377742959589697,2.1215968969606,0.11204170175618502,0.0009482519910495029,5000.0,20.0,-13.5,-61250.0,-3.0199999999999996,3.574134284464782e-05,20,-1225000.0,0.005757836811710148,0.00610558142119809,10.36823839457432,1.798668637977692e-05,20,10.36823839457432,0.002289447898223939,6.5,3.0,5.603771344268001e-05,250.0,3065.114368122175,1,0,0,0,0,0,55.633333333333326,82.43333333333334,0.00013294590278490508,5.3246967180669895e-05,5000.0,-1225000.0,-1225000.0,-3.0199999999999996,-3.0199999999999996,5000.0,126000,31500,0,6000,5250.0,5000.0,24000,6003,2000031.6047739794,385645.8453887793,382905.7425470946,6000,0.0002847858517,0.102780834,0.11352477,0.0090570820258,-0.29342687,0.0031632725,27.087856,0.04665601998567581,-0.23051779,1000.0,24000,6003,0.6764529,4.0,1.0,-0.014891148,386556.40358509467,20,10.368237912813044,4.0,0.95,20400,0.109019604792148,10.368237912813044,20,20.0,13.5,400,3.0124140923947894e-05,1.6701592301464675e-05,0.000525030128874816,80,-15.5,20,0.00472586301912088,0.08269047407566826,4.651344829402965e-05,0.00011455390856875932,400,1600,0.95,1600,400,0.95,7.251403593927855e-07,1.1703337429470575e-05,1.6785885314566373e-05,5.1565496406490395e-05,1.418456681211601e-05,6.60881221710337e-06,2.044441457226665e-06,3.7145475058509314e-06,2.854208719951822e-06,1.1122093225727894e-05,7.971670656541856e-06,0.007628182179605938,0.034166303055324934,3.9563734651310366e-06,0.0008304695951516042,1.4110348735819568e-05,0.007176462701183861,0.03262793849696592,8.164874192781281e-05,6.786617897008242e-06,9.033748802111733e-06,1.6896223317572804e-06,2.965472205057326e-06,2.3276565993782806e-06,5.94268281241407e-06,1.3276465834929976e-05,1.0417270246563453e-05,1.5329967381465235e-05,4.043399902294857e-05,6.264156837703519e-07
1,-1842500.0,False,5,4d67b_00000,2025-08-11_19-21-01,1754932861,1.9408597946166992,10.047800302505493,14262,Mac,127.0.0.1,10.047800302505493,5,2.233907350475801,2.5996918460199374e-05,2.2336136288390187,2.1175575734007754,0.11192757223911826,0.0009450548810477495,5000.0,20.0,-13.5,-92125.0,-1.0199999999999996,5.4267588300748835e-05,20,-1842500.0,0.0057035373896360386,0.005637551551016674,10.36823839457432,1.638695650055047e-05,20,10.36823839457432,0.0019502139804712052,6.5,4.0,4.827615415656436e-05,250.0,3270.4100263020573,1,0,0,0,0,0,32.266666666666666,83.16666666666667,0.00012035328600126047,4.936014548636824e-05,5000.0,-1842500.0,-1842500.0,-1.0199999999999996,-1.0199999999999996,5000.0,157500,31500,0,6000,5250.0,5000.0,30000,6003,1993293.9913197677,384204.70339092467,381554.6708012748,6000,0.0002847858517,0.102780834,0.16659164,0.0090570820258,0.11087483,0.0017101932,29.59964,0.023328009992837906,0.17368202,1000.0,30000,6003,0.6639235,5.0,1.0,-0.012921691,385044.74222146353,20,10.368238387501162,5.0,1.5,25400,0.10903516624427152,10.368238387501162,20,20.0,13.5,400,2.9696024951913103e-05,1.5946125828259443e-05,0.0005206410774501693,100,-15.5,20,0.004786450407700613,0.08270511141565481,4.5567753975795805e-05,0.00011456692458248882,400,2000,1.5,2000,400,1.5,6.494340625970597e-07,1.0753598476990806e-05,1.5213860510255093e-05,4.592509186030173e-05,1.2870523408437786e-05,6.028263853135853e-06,1.8734948174676917e-06,3.332636293331596e-06,2.6271472730538206e-06,1.0099795123639396e-05,7.352710979620881e-06,0.007628994518761552,0.03420110086453311,3.948470041403779e-06,0.0008300807301382337,1.4077165744254595e-05,0.007162190153385284,0.032622193691219284,8.163184383327724e-05,6.6652386851973415e-06,9.65519000794927e-06,1.6112481666497138e-06,2.8977804638483924e-06,2.3488583340334954e-06,5.867366255306163e-06,1.2644431597992078e-05,9.936244255225037e-06,1.495219770071152e-05,4.197548874387281e-05,6.011798603412546e-07
1,-2460000.0,False,6,4d67b_00000,2025-08-11_19-21-03,1754932863,1.977768898010254,12.025569200515747,14262,Mac,127.0.0.1,12.025569200515747,6,2.2301288682214686,2.6183199472143698e-05,2.2298341525510965,2.1126630205863424,0.11305213651731925,0.0009419797521445439,5000.0,20.0,-13.5,-123000.0,0.5,3.405706932717853e-05,20,-2460000.0,0.0053368660248816,0.006089018429391594,10.36823839457432,1.6481449202384457e-05,20,10.36823839457432,0.0017574552712367303,6.5,5.0,5.000383790524454e-05,250.0,3255.3881816137778,1,0,0,0,0,0,51.36666666666667,83.46666666666667,0.00012265585461573267,4.9966239877272135e-05,5000.0,-2460000.0,-2460000.0,0.5,0.5,5000.0,189000,31500,0,6000,5250.0,5000.0,36000,6003,1986595.3206953222,382760.1027557091,380206.8769926827,6000,0.0002847858517,0.102780834,0.017227963,0.0090570820258,0.14476658,9.7046825e-05,28.372112,0.011664004996418953,0.20755813,1000.0,36000,6003,0.65709126,6.0,1.0,-0.013740063,383531.281560123,20,10.368238394470474,6.0,2.3,30400,0.10903535917208965,10.368238394470474,20,20.0,13.5,400,2.8588659752424738e-05,1.490382015653992e-05,0.0005188792470369147,120,-15.5,20,0.004789592470042407,0.08392594530127266,4.467210274690887e-05,0.00010785864486336478,400,2400,2.3,2400,400,2.3,6.728929884395643e-07,1.0957514930637569e-05,1.5358344724823334e-05,4.6807857066859846e-05,1.3129016718838503e-05,6.194349376918481e-06,1.8950858648069052e-06,3.2986699311126805e-06,2.7441651328033905e-06,1.0265025413969082e-05,7.323671060767259e-06,0.007635626654338483,0.03422035568588492,3.9414861705373855e-06,0.0008311390837406926,1.4048893197212726e-05,0.007151353671624742,0.03382749008417332,8.148594493520072e-05,6.4434980091864244e-06,8.873553109144966e-06,1.8863507735032073e-06,2.974996372858545e-06,2.3059786505490555e-06,5.548692369071507e-06,1.2130331201101027e-05,1.0412438383650656e-05,1.3898129202845747e-05,3.872486209829856e-05,5.92215398989106e-07
1,-3077500.0,False,7,4d67b_00000,2025-08-11_19-21-05,1754932865,1.734894037246704,13.760463237762451,14262,Mac,127.0.0.1,13.760463237762451,7,2.2240034116182787,2.602427745776405e-05,2.2237094760252454,2.10665277288017,0.1129423689024908,0.0009398366246990515,5000.0,20.0,-13.5,-153875.0,0.58,3.0508093540695568e-05,20,-3077500.0,0.00494411252392456,0.005444592506410877,10.36823839457432,1.5086938366931561e-05,20,10.36823839457432,0.0021790467521827987,6.5,6.0,4.5716683652643334e-05,250.0,3427.6154305931736,1,0,0,0,0,0,50.45,83.9,0.00011273282735315297,4.7018748932054905e-05,5000.0,-3077500.0,-3077500.0,0.58,0.58,5000.0,220500,31500,0,6000,5250.0,5000.0,42000,6003,1981985.4376770775,381709.2382685364,379255.2617831076,6000,0.0002847858517,0.102780834,0.058299657,0.0090570820258,-0.022446409,0.0009009737,26.709236,0.0058320024982094765,0.040499333,1000.0,42000,6003,0.64097583,7.0,1.0,-0.016066909,382413.43364930555,20,10.368238394572801,7.0,2.1,35400,0.10903350183023636,10.368238394572801,20,20.0,13.5,400,3.0351841473530847e-05,1.540029863830934e-05,0.0005145208648477418,140,-15.5,20,0.004891569927567616,0.0839263320985023,4.599167106638711e-05,0.00011099972521633761,400,2800,2.1,2800,400,2.1,6.324338118885588e-07,1.0314262322698352e-05,1.4161819145458e-05,4.207801160873766e-05,1.2252093239261617e-05,5.837756084925469e-06,1.8241295761328262e-06,3.190826127584081e-06,2.485639541596932e-06,9.590540758435185e-06,6.8930991319398335e-06,0.007639947888022565,0.03423110879912966,3.940411530922494e-06,0.0008314685235411728,1.418465433147626e-05,0.007150644714790446,0.0338136239329157,8.134774488735489e-05,6.5724800741617914e-06,9.259998337294488e-06,1.668728119573568e-06,3.1631321726396743e-06,2.657126387208728e-06,5.964810804086429e-06,1.1608245665801874e-05,1.0096728436014326e-05,1.5067078072257392e-05,4.062997490622255e-05,6.132850964354383e-07
1,-3695000.0,False,8,4d67b_00000,2025-08-11_19-21-07,1754932867,1.8719100952148438,15.632373332977295,14262,Mac,127.0.0.1,15.632373332977295,8,2.2193159741715074,2.5829454273287057e-05,2.2190230316844275,2.1020371064014185,0.11287903480377881,0.0009388028390237125,5000.0,20.0,-13.5,-184750.0,0.26,5.6276519537226494e-05,20,-3695000.0,0.005520652175415307,0.005775869812702239,10.36823839457432,1.520752531197809e-05,20,10.36823839457432,0.0017061232096580536,6.5,7.0,4.388851006137501e-05,250.0,3481.284152122583,1,0,0,0,0,0,49.86666666666667,83.60000000000001,0.00011292940178292518,4.729357793351444e-05,5000.0,-3695000.0,-3695000.0,0.26,0.26,5000.0,252000,31500,0,6000,5250.0,5000.0,48000,6003,1978067.1533441327,380786.1202744859,378433.38788867556,6000,0.0002847858517,0.102780834,0.050620668,0.0090570820258,-0.07416669,0.0024044202,26.320616,0.0029160012491047382,-0.010954849,1000.0,48000,6003,0.6119841,8.0,1.0,-0.016090035,381423.72441779805,20,10.3682383945743,8.0,2.7,40400,0.1089394672224133,10.3682383945743,20,20.0,13.5,400,2.7052839008423193e-05,1.3917299423950694e-05,0.0005124719067836134,160,-15.5,20,0.004909457035828382,0.08398701294673126,4.230020355139684e-05,0.0001001696750960395,400,3200,2.7,3200,400,2.7,6.280717614902145e-07,1.0267530220942817e-05,1.4261417134225886e-05,4.227063757473936e-05,1.21343002506112e-05,5.777478614139081e-06,1.8169045776723518e-06,3.2461011047757042e-06,2.4943789285526695e-06,9.517896746339786e-06,7.126311600442225e-06,0.007642170078814768,0.03426673771117323,3.936006517967318e-06,0.0008351592486957358,1.4183227949349146e-05,0.007143214938320873,0.03384071144312729,8.128009733175743e-05,6.106027107028679e-06,8.328281545165039e-06,1.5874461346587283e-06,2.7507549085050653e-06,2.209978349981284e-06,5.263648205096674e-06,1.0873239595283318e-05,9.374822590997563e-06,1.2812981368149998e-05,3.582124859271658e-05,5.824828781529318e-07
1,-4312500.0,False,9,4d67b_00000,2025-08-11_19-21-09,1754932869,1.7486960887908936,17.38106942176819,14262,Mac,127.0.0.1,17.38106942176819,9,2.2135633298501918,2.564782038413044e-05,2.2132713684483507,2.095452892416585,0.11372002404588578,0.0009368310603519923,5000.0,20.0,-13.5,-215625.0,1.8600000000000003,2.9198101251739463e-05,20,-4312500.0,0.004744821367319674,0.0052830031719412985,10.36823839457432,1.458127793232901e-05,20,10.36823839457432,0.0016728822371922594,6.5,8.0,3.893725712055919e-05,250.0,3586.9544943021874,1,0,0,0,0,0,48.3,83.8,0.00010805682145693954,4.506133955018825e-05,5000.0,-4312500.0,-4312500.0,1.8600000000000003,1.8600000000000003,5000.0,283500,31500,0,6000,5250.0,5000.0,54000,6003,1974165.024733165,379867.89968958386,377615.8995804309,6000,0.0002847858517,0.102780834,0.023969911,0.0090570820258,0.07479323,0.0008853764,26.345034,0.0014580006245523691,0.13819031,1000.0,54000,6003,0.5902685,9.0,1.0,-0.016310096,380443.32807467127,20,10.368238394574323,9.0,3.7,45400,0.10881422921998654,10.368238394574323,20,20.0,13.5,400,2.6439741165981902e-05,1.363954596249623e-05,0.0005082901075847532,180,-15.5,20,0.004770407862961293,0.08492582739703124,4.19842080349007e-05,9.91306949664665e-05,400,3600,3.7,3600,400,3.7,6.170349027502471e-07,9.943862777491323e-06,1.3574612523253372e-05,3.9795582000060823e-05,1.1763647516367048e-05,5.567947804317469e-06,1.7845321408367266e-06,3.038484224320621e-06,2.4142840178924943e-06,8.97164314984519e-06,6.486875155620381e-06,0.008618208798204869,0.034259854084113125,3.929976159426697e-06,0.0008348434962097357,1.4144314963423193e-05,0.007136389458995066,0.033818377658582435,8.10435463807171e-05,6.0072212167248465e-06,8.202818957353056e-06,1.5974121967602124e-06,2.740925656298018e-06,2.1734436086559605e-06,5.240053177370972e-06,1.0899980279480108e-05,9.26271462082218e-06,1.2656097733690468e-05,3.490393774010236e-05,5.812896592798337e-07
1,-4930000.0,False,10,4d67b_00000,2025-08-11_19-21-10,1754932870,1.7721009254455566,19.153170347213745,14262,Mac,127.0.0.1,19.153170347213745,10,2.208099193631932,2.5469262447647558e-05,2.207808080594345,2.089177820162256,0.11454029630535258,0.0009355660896813314,5000.0,20.0,-13.5,-246500.0,2.1,2.9633021870319563e-05,20,-4930000.0,0.0048552726400084775,0.005185892724311321,10.36823839457432,1.4564129393812813e-05,20,10.36823839457432,0.001956407790198762,6.5,9.0,3.765311969120515e-05,250.0,3653.8987557339906,1,0,0,0,0,0,30.8,83.39999999999999,0.00011044325319125823,4.701979643465131e-05,5000.0,-4930000.0,-4930000.0,2.1,2.1,5000.0,315000,31500,0,6000,5250.0,5000.0,60000,6003,1972539.4062841844,379386.8543879197,377233.63391531876,6000,0.0002847858517,0.102780834,0.14334609,0.0090570820258,0.07686589,0.0009531741,26.331432,0.0007290003122761846,0.14046529,1000.0,60000,6003,0.56779534,10.0,1.0,-0.016974688,379903.42534457776,20,10.368238394574323,10.0,2.9,50400,0.10869271942784473,10.368238394574323,20,20.0,13.5,400,2.640484901928861e-05,1.3910722946028113e-05,0.0005044530460301945,200,-15.5,20,0.00465044577838853,0.08588397662351609,4.2347942846207954e-05,9.965066390306975e-05,400,4000,2.9,4000,400,2.9,6.342616842466557e-07,1.0496283008603746e-05,1.3642262318321191e-05,4.053267262329925e-05,1.1767409356584726e-05,5.542567656655484e-06,1.7761557232232921e-06,3.057607917504164e-06,2.4412346859294255e-06,9.10220591421254e-06,6.767576906651031e-06,0.008610603790498684,0.03426404263321961,3.9206766262672306e-06,0.0008344579821834627,1.4095792195364783e-05,0.007124665564513745,0.03479287888200831,8.09147715206418e-05,6.088639523086356e-06,8.275909739546048e-06,1.597528539706772e-06,2.7780812837136194e-06,2.184642678042434e-06,5.277308627982644e-06,1.0928651136060281e-05,9.349951274055243e-06,1.2763112545481655e-05,3.507618041095188e-05,5.803051103056058e-07
1,-5547500.0,False,11,4d67b_00000,2025-08-11_19-21-12,1754932872,1.577542781829834,20.73071312904358,14262,Mac,127.0.0.1,20.73071312904358,11,2.20074889502567,2.5277489976312106e-05,2.2004589660377873,2.0820327957100715,0.11434543667211722,0.0009326554289654926,5000.0,20.0,-13.5,-277375.0,2.899999999999998,2.80052968662017e-05,20,-5547500.0,0.00454644981957972,0.004913096866559209,10.36823839457432,1.3807999169598872e-05,20,10.36823839457432,0.0019198052462424276,6.5,10.0,3.3437948196196194e-05,250.0,3743.477864969943,1,0,0,0,0,0,40.25,83.4,0.00010300721401926704,4.374241199975232e-05,5000.0,-5547500.0,-5547500.0,2.899999999999998,2.899999999999998,5000.0,346500,31500,0,6000,5250.0,5000.0,66000,6003,1975784.429253643,379841.063990385,377782.1472454489,6000,0.0002847858517,0.102780834,0.028718073,0.0090570820258,-0.035567094,0.0012954943,24.314098,0.0003645001561380923,0.02838999,1000.0,66000,6003,0.52825826,11.0,1.0,-0.018974185,380296.44517070765,20,10.368238394574323,11.0,3.1,55400,0.1085666468235054,10.368238394574323,20,20.0,13.5,400,2.6932294265298014e-05,1.3933892663833335e-05,0.0005001647657986253,220,-15.5,20,0.004544495355803519,0.08583838435703559,4.2168632391352135e-05,0.00010011157379114612,400,4400,3.1,4400,400,3.1,5.848255392746315e-07,9.506670221271885e-06,1.3013142402137683e-05,3.742431519367505e-05,1.1237552268145917e-05,5.370653923901393e-06,1.7212234644661262e-06,2.9682421300371826e-06,2.3109275536859934e-06,8.518538319395627e-06,6.300416155027249e-06,0.008602211092881725,0.03427203970799308,3.908549228014722e-06,0.0008342625726783839,1.4054413611395459e-05,0.007114850988979142,0.03475874051279286,8.062187337084301e-05,6.051978310950141e-06,8.304836537508537e-06,1.6144106491382965e-06,2.7670398043561214e-06,2.2224133024711954e-06,5.262438316835517e-06,1.0965898081028087e-05,9.386488784584357e-06,1.2805912908743477e-05,3.562546986166253e-05,5.790028694958202e-07
1,-6165000.0,False,12,4d67b_00000,2025-08-11_19-21-14,1754932874,1.6542127132415771,22.384925842285156,14262,Mac,127.0.0.1,22.384925842285156,12,2.1942458473262274,2.5090965872047475e-05,2.193957116787566,2.075761791912714,0.11412438480510533,0.000928971375149024,5000.0,20.0,-13.5,-308250.0,3.38,2.753353517462883e-05,20,-6165000.0,0.004519851661752908,0.004854895978130172,10.36823839457432,1.375413763607517e-05,20,10.36823839457432,0.0018205225016757333,6.5,11.0,3.331339421635908e-05,250.0,3724.7962832947696,1,0,0,0,0,0,40.8,82.45,0.00010263642204570841,4.3745383511329345e-05,5000.0,-6165000.0,-6165000.0,3.38,3.38,5000.0,378000,31500,0,6000,5250.0,5000.0,72000,6003,1982113.9853698194,380888.9799812517,378920.53835167695,6000,0.0002847858517,0.102780834,0.04764096,0.0090570820258,-0.054155137,0.0012555167,23.89408,0.00018225007806904614,0.010113202,1000.0,72000,6003,0.4938369,12.0,1.0,-0.020312667,381286.1442023841,20,10.368238394574323,12.0,2.7,60400,0.10844489577526799,10.368238394574323,20,20.0,13.5,400,2.6052583876400327e-05,1.352742002039042e-05,0.0004958310382439357,240,-15.5,20,0.004439021628350019,0.08576558718327348,4.248652315646929e-05,9.845560363513496e-05,400,4800,2.7,4800,400,2.7,5.863381170853048e-07,9.47439915620655e-06,1.300389729397835e-05,3.724588643331505e-05,1.1152445706355652e-05,5.362639834571374e-06,1.7409607799236122e-06,3.0033623811233446e-06,2.324073345924869e-06,8.528944655802521e-06,6.295527639208668e-06,0.008592213982260616,0.03427124515080667,3.894043666785113e-06,0.0008338495370166323,1.400219960071769e-05,0.007098774570143521,0.03471438060749081,8.029523454031996e-05,6.059441721132826e-06,8.227454011023957e-06,1.606154824144512e-06,2.8413062793334885e-06,2.173576684096954e-06,5.229760632560094e-06,1.0707961427807176e-05,9.276294909151458e-06,1.2661186978612131e-05,3.434831961595733e-05,5.798548578430319e-07
1,-6782500.0,False,13,4d67b_00000,2025-08-11_19-21-15,1754932875,1.690351963043213,24.07527780532837,14262,Mac,127.0.0.1,24.07527780532837,13,2.1881544159325905,2.4892135771699495e-05,2.187866703119305,2.069827023162728,0.11397980887673474,0.0009255937413390152,5000.0,20.0,-13.5,-339125.0,3.7799999999999994,2.7814044979091464e-05,20,-6782500.0,0.004601624977774918,0.004897822724581096,10.36823839457432,1.400286158203392e-05,20,10.36823839457432,0.0016843180178418321,6.5,12.0,3.444061285689736e-05,250.0,3672.2526153609842,1,0,0,0,0,0,43.23333333333333,82.5,0.00010489475314917926,4.4114120361129576e-05,5000.0,-6782500.0,-6782500.0,3.7799999999999994,3.7799999999999994,5000.0,409500,31500,0,6000,5250.0,5000.0,78000,6003,1988904.354700748,382030.2005546881,380149.0974411723,6000,0.0002847858517,0.102780834,0.11829666,0.0090570820258,-0.05756511,0.00026610048,23.49348,9.112503903452307e-05,0.00688126,1000.0,78000,6003,0.47413647,13.0,1.0,-0.021043897,382372.98956765665,20,10.368238394574323,13.0,1.7,65400,0.10833226264691341,10.368238394574323,20,20.0,13.5,400,2.6948759326300418e-05,1.384668744591351e-05,0.000491636897824573,260,-15.5,20,0.004427854119567201,0.08576156048072792,4.211709397494017e-05,9.867964842350336e-05,400,5200,1.7,5200,400,1.7,5.902484569969024e-07,9.598519373523791e-06,1.323018212137779e-05,3.836954421417324e-05,1.1359107438782586e-05,5.418311339906651e-06,1.766798323022505e-06,2.9715577652266457e-06,2.350585684755843e-06,8.675366842112321e-06,6.340551399672159e-06,0.008593560593086955,0.034309968529211844,3.889683237312735e-06,0.0008347635416682962,1.3977588262310082e-05,0.007085487654953835,0.03468329263175115,8.011811117445364e-05,6.069578303976421e-06,8.298164568684413e-06,1.6442641899955634e-06,2.779031318547103e-06,2.2437812549212453e-06,5.275855956880935e-06,1.0761522246120951e-05,9.235350628544168e-06,1.272345085231851e-05,3.4896541298473085e-05,5.8312169339162e-07
1,-7400000.0,False,14,4d67b_00000,2025-08-11_19-21-17,1754932877,1.6841950416564941,25.759472846984863,14262,Mac,127.0.0.1,25.759472846984863,14,2.181991877612465,2.4714044988241662e-05,2.1817051602482582,2.062938102930165,0.11471792162852527,0.0009218153043065732,5000.0,20.0,-13.5,-370000.0,4.18,2.8043844658573996e-05,20,-7400000.0,0.0045600272025913,0.004869947866926534,10.36823839457432,1.3891531638878055e-05,20,10.36823839457432,0.0017120426092596317,6.5,13.0,3.375506643159728e-05,250.0,3724.5206313301032,1,0,0,0,0,0,41.85,82.85,0.00010338755976972094,4.386078230168105e-05,5000.0,-7400000.0,-7400000.0,4.18,4.18,5000.0,441000,31500,0,6000,5250.0,5000.0,84000,6003,1996360.7785743899,383305.27623028075,381507.7030404243,6000,0.0002847858517,0.102780834,0.0358177,0.0090570820258,0.049598932,4.5426415e-05,23.913816,4.5562519517261535e-05,0.114055306,1000.0,84000,6003,0.47302622,14.0,1.0,-0.019382358,383595.1537425019,20,10.368238394574323,14.0,1.5,70400,0.10828572418039518,10.368238394574323,20,20.0,12.5,400,2.872051448250604e-05,1.4937232459664093e-05,0.00048750094806002456,280,-15.5,20,0.0044902616052422675,0.08664120820664473,4.532917895873373e-05,0.00010703607454505628,400,5600,1.5,5600,400,1.5,5.871153457286017e-07,9.502873863792619e-06,1.3085581693327623e-05,3.7716552516313486e-05,1.125752197037329e-05,5.353322331265723e-06,1.724501122951708e-06,2.9417634512471448e-06,2.3208038859951954e-06,8.592517616646548e-06,6.357595126828033e-06,0.008584022067130498,0.03431899134352723,3.889117313804344e-06,0.0008348567353666017,1.3938222923069148e-05,0.007071959027484075,0.03557757595560031,7.996859043800618e-05,6.760598863549901e-06,8.949246037627245e-06,1.6537836581403838e-06,3.0925659652527452e-06,2.379678808658771e-06,5.585863584718284e-06,1.2070940388144624e-05,9.721658485282522e-06,1.3628719286802136e-05,3.840186818628395e-05,6.631086429549165e-07
1,-8017500.0,False,15,4d67b_00000,2025-08-11_19-21-19,1754932879,1.6742620468139648,27.433734893798828,14262,Mac,127.0.0.1,27.433734893798828,15,2.1758612188367032,2.457940481291314e-05,2.1755747857359005,2.0561171481513347,0.11541592074162584,0.0009202617311616265,5000.0,20.0,-13.5,-400875.0,4.019999999999998,2.7503564221230278e-05,20,-8017500.0,0.0045471648355014625,0.00487709625162099,10.36823839457432,1.3883263452028292e-05,20,10.36823839457432,0.0019154864082359696,6.5,14.0,3.438792620661441e-05,250.0,3714.2465727959775,1,0,0,0,0,0,44.199999999999996,83.2,0.00010347616140219579,4.3917328705873006e-05,5000.0,-8017500.0,-8017500.0,4.019999999999998,4.019999999999998,5000.0,472500,31500,0,6000,5250.0,5000.0,90000,6003,2005061.0886337862,384824.1250207741,383106.396026041,6000,0.0002847858517,0.102780834,0.04270096,0.0090570820258,-0.060589075,0.00023884469,23.113863,2.2781259758630767e-05,0.0040488103,1000.0,90000,6003,0.45298648,15.0,1.0,-0.02093041,385067.1605562916,20,10.368238394574323,15.0,1.3,75400,0.10817146901825651,10.368238394574323,20,20.0,12.5,400,2.668788753110286e-05,1.3615781071432539e-05,0.0004838842694647452,300,-15.5,20,0.00449147954932414,0.08748598654547968,4.224038450273369e-05,9.938541100640881e-05,400,6000,1.3,6000,400,1.3,5.895873819868141e-07,9.58258526560425e-06,1.3064717773139037e-05,3.762098957899743e-05,1.1256160214997146e-05,5.4031218829426566e-06,1.743586912175195e-06,3.0377795505730916e-06,2.3394954980865797e-06,8.561971130788974e-06,6.329160998974388e-06,0.008575781847118198,0.03431664267965476,3.876896890896852e-06,0.0008353314971300848,1.387717074312971e-05,0.007059349857568533,0.03644608936581217,7.968973387779442e-05,6.015017526873864e-06,8.233133683470766e-06,1.6126876755805756e-06,2.7642645207822773e-06,2.2130720047847656e-06,5.309315626975435e-06,1.0772929865476426e-05,9.53652233280772e-06,1.2722755676116008e-05,3.494488211852994e-05,5.905139795106887e-07
1,-8635000.0,False,16,4d67b_00000,2025-08-11_19-21-20,1754932880,1.5751628875732422,29.00889778137207,14262,Mac,127.0.0.1,29.00889778137207,16,2.168817151227956,2.439986039612928e-05,2.16853200371855,2.04929080708982,0.11520850986423459,0.0009173582840497919,5000.0,20.0,-13.5,-431750.0,4.66,2.7474445983633387e-05,20,-8635000.0,0.00453438732633367,0.0048328976799848515,10.36823839457432,1.379807065297461e-05,20,10.36823839457432,0.0018678931379251286,6.5,15.0,3.273894629661761e-05,250.0,3744.0941232636856,1,0,0,0,0,0,39.8,83.0,0.00010307935452228321,4.3702249685686903e-05,5000.0,-8635000.0,-8635000.0,4.66,4.66,5000.0,504000,31500,0,6000,5250.0,5000.0,96000,6003,2013449.532845155,386292.2989547782,384649.9187122753,6000,0.0002847858517,0.102780834,0.11287917,0.0090570820258,0.15393741,0.00029145175,24.324419,1.1390629879315384e-05,0.21866542,1000.0,96000,6003,0.44303316,16.0,1.0,-0.018616796,386495.27473401395,20,10.368238394574323,16.0,0.5,80400,0.10805196349875817,10.368238394574323,20,20.0,12.5,400,2.659297914537207e-05,1.3551203224431901e-05,0.000479731676465816,320,-15.5,20,0.004493023328250274,0.08741413625898303,4.200257736185571e-05,9.864412320371162e-05,400,6400,0.5,6400,400,0.5,5.874721764929174e-07,9.52314518690844e-06,1.3040467410839853e-05,3.756413208990079e-05,1.119482145249554e-05,5.33334684055045e-06,1.740186005840192e-06,2.9692068393564457e-06,2.325676937193366e-06,8.523103335852471e-06,6.2737394667600354e-06,0.008567595278213987,0.034313638343582545,3.869377286825887e-06,0.0008349165219994047,1.3835478936723113e-05,0.007044491768252644,0.03640157722153796,7.946949634322654e-05,5.952630081938605e-06,8.238729046918153e-06,1.5695485080740577e-06,2.7559699107805814e-06,2.183420366450309e-06,5.244436004117564e-06,1.078963966586386e-05,9.346067458432529e-06,1.258456574423125e-05,3.454432358628286e-05,5.803731244177311e-07
1,-9252500.0,False,17,4d67b_00000,2025-08-11_19-21-22,1754932882,1.754417896270752,30.763315677642822,14262,Mac,127.0.0.1,30.763315677642822,17,2.163630396795384,2.4212531606680122e-05,2.163346327851181,2.0443126156890714,0.11500746601654756,0.0009172334511348627,5000.0,20.0,-13.5,-462625.0,4.18,4.711407065337171e-05,20,-9252500.0,0.005202627330552787,0.005200317365357758,10.36823839457432,1.4671671396045597e-05,20,10.36823839457432,0.0015403258828630315,6.5,16.0,3.39252178931443e-05,250.0,3644.6805518942783,1,0,0,0,0,0,46.849999999999994,83.25,0.00010963860276154464,4.642098406171946e-05,5000.0,-9252500.0,-9252500.0,4.18,4.18,5000.0,535500,31500,0,6000,5250.0,5000.0,102000,6003,2018153.7987724482,387063.6227056694,385493.4036659675,6000,0.0002847858517,0.102780834,0.03710363,0.0090570820258,0.051628523,0.000717837,23.93156,5.695314939657692e-06,0.11662331,1000.0,102000,6003,0.41358048,17.0,1.0,-0.019191504,387228.45597321977,20,10.368238394574323,17.0,-0.1,85400,0.10793645927351773,10.368238394574323,20,20.0,12.5,400,2.656079110788735e-05,1.3630127854433316e-05,0.00047563518925178175,340,-15.5,20,0.004488825426669792,0.08733893072721914,4.196887012347448e-05,9.827200801208128e-05,400,6800,-0.1,6800,400,-0.1,6.10721429149698e-07,9.845143052711014e-06,1.4183028874606492e-05,3.994084263173965e-05,1.1717332487519231e-05,6.477023875628504e-06,1.7706793901765429e-06,3.4734873260205446e-06,2.398481489100562e-06,9.03870315183632e-06,6.58950873904173e-06,0.008557492245463693,0.034312084880083346,3.8586034005913826e-06,0.000837049856853842,1.3840874950900998e-05,0.007031516850453441,0.03634978394895579,7.923272180964985e-05,5.970549306158213e-06,8.204020914493522e-06,1.6196379183583123e-06,2.75786851947662e-06,2.2222756621291123e-06,5.202069868693574e-06,1.0778343235103413e-05,9.180139743951029e-06,1.2563450820240686e-05,3.4712876042007934e-05,5.746537720696686e-07
1,-9870000.0,False,18,4d67b_00000,2025-08-11_19-21-24,1754932884,1.8613858222961426,32.624701499938965,14262,Mac,127.0.0.1,32.624701499938965,18,2.1594592069971843,2.403582588071397e-05,2.1591761399926828,2.0389685724519495,0.11618785885594182,0.0009151473661575547,5000.0,20.0,-13.5,-493500.0,3.5400000000000005,3.0304666429104704e-05,20,-9870000.0,0.004936662468593568,0.0054620306720502155,10.36823839457432,1.5176268705367447e-05,20,10.36823839457432,0.0015444551722246542,6.5,17.0,3.9993097934824545e-05,250.0,3508.857440515327,1,0,0,0,0,0,50.26666666666667,83.5,0.00011205591062813972,4.70832176572535e-05,5000.0,-9870000.0,-9870000.0,3.5400000000000005,3.5400000000000005,5000.0,567000,31500,0,6000,5250.0,5000.0,108000,6003,2020934.9922502935,387474.72373388323,385973.1635859342,6000,0.0002847858517,0.102780834,0.08192839,0.0090570820258,0.2067664,0.00018766195,25.955708,2.847657469828846e-06,0.27177548,1000.0,108000,6003,0.41199926,18.0,1.0,-0.016646028,387601.3193931414,20,10.368238394574323,18.0,0.1,90400,0.10791956343095206,10.368238394574323,20,20.0,13.5,400,2.7685719394371385e-05,1.4396840949315737e-05,0.00047175466707827094,360,-15.5,20,0.004565946278162301,0.08864147184058221,4.3228603491390155e-05,0.00010312047911627892,400,7200,0.1,7200,400,0.1,6.312864426781797e-07,1.0209877516714425e-05,1.4219659616310696e-05,4.182705606747262e-05,1.2005614467441014e-05,5.710444867775645e-06,1.8126564061942806e-06,3.1707457254118047e-06,2.5075312489610923e-06,9.343178598077972e-06,6.919056574712578e-06,0.008572028573076186,0.03432336153075069,3.851266731423473e-06,0.0008428814384866612,1.3817886172217303e-05,0.007026658352657861,0.03762489860869398,7.907998502628342e-05,6.27127553044956e-06,8.585304226541896e-06,1.628193875946755e-06,2.887433901423929e-06,2.3027616958683924e-06,5.49842388600856e-06,1.1360158837189052e-05,9.633160121261044e-06,1.3279220893145737e-05,3.666708792151887e-05,6.086874316552916e-07
1,-10487500.0,False,19,4d67b_00000,2025-08-11_19-21-26,1754932886,2.1501400470733643,34.77484154701233,14262,Mac,127.0.0.1,34.77484154701233,19,2.158144487007058,2.3857967515736055e-05,2.157862146502912,2.036541327147372,0.11730918151763006,0.0009127338122531218,5000.0,20.0,-13.5,-524375.0,4.259999999999998,3.9245306552157e-05,20,-10487500.0,0.005891083468217403,0.006172978893703488,10.36823839457432,2.1437046609251176e-05,20,10.36823839457432,0.0022898518379090575,6.5,18.0,4.988501914297677e-05,250.0,3251.2069520989166,1,0,0,0,0,0,58.36666666666667,83.76666666666667,0.00013371732571907874,5.336562023124154e-05,5000.0,-10487500.0,-10487500.0,4.259999999999998,4.259999999999998,5000.0,598500,31500,0,6000,5250.0,5000.0,114000,6003,2018115.5481642766,386823.03734611854,385387.94034081814,6000,0.0002847858517,0.102780834,0.08828225,0.0090570820258,0.060769346,0.00026499663,23.938852,1.423828734914423e-06,0.12606895,1000.0,114000,6003,0.3799229,19.0,1.0,-0.019092679,386914.66435814253,20,10.368238394574323,19.0,0.1,95400,0.10793099570651335,10.368238394574323,20,20.0,13.5,400,2.8805170681257718e-05,1.5012121154925852e-05,0.0004814483698383384,380,-15.5,20,0.004572917533805594,0.08985381920201692,4.411252947465887e-05,0.00010666640300433125,400,7600,0.1,7600,400,0.1,6.579856175281458e-07,1.2271628150191165e-05,1.6337821511336496e-05,5.1870639662087644e-05,1.4098892571424777e-05,7.481711591432265e-06,1.9281267812953793e-06,4.18539722179962e-06,2.7360315705045404e-06,1.1160135959857369e-05,7.939393172952142e-06,0.008564827867765532,0.03437397291551464,3.851504068132552e-06,0.000842631793482832,1.3902618204576125e-05,0.007034302179604405,0.03878684920358006,7.904126540792557e-05,6.343189998614259e-06,9.068323806251208e-06,1.627602947858497e-06,2.8923139495572476e-06,2.2991027230133966e-06,5.721842730930162e-06,1.1733331701009051e-05,9.802810249544535e-06,1.3918358631042884e-05,3.833923585981624e-05,6.048804741338508e-07
1,-11105000.0,True,20,4d67b_00000,2025-08-11_19-21-28,1754932888,1.6158678531646729,36.390709400177,14262,Mac,127.0.0.1,36.390709400177,20,2.1516411854770574,2.368272825303151e-05,2.1513596658679437,2.0302863559557345,0.11707160428221366,0.0009092848037473757,5000.0,20.0,-13.5,-555250.0,5.380000000000001,2.8337519350577802e-05,20,-11105000.0,0.004626900513656438,0.005227632368581659,10.36823839457432,1.4107613024643982e-05,20,10.36823839457432,0.002198596147545221,6.5,19.0,4.2721576845047165e-05,250.0,3647.835679012038,1,0,0,0,0,0,41.55,80.75,0.00010530696550372223,4.434741812077221e-05,5000.0,-11105000.0,-11105000.0,5.380000000000001,5.380000000000001,5000.0,630000,31500,0,6000,5250.0,5000.0,120000,6003,2019342.7599060095,386949.6620096079,385576.9494548482,6000,0.0002847858517,0.102780834,0.03705389,0.0090570820258,-0.010907428,1.596551e-05,22.31366,7.119143674572115e-07,0.05449638,1000.0,120000,6003,0.36841875,20.0,1.0,-0.02270639,387007.27537338756,20,10.368238394574323,20.0,0.7,100400,0.10785336157920522,10.368238394574323,20,20.0,13.5,400,2.7503302247523265e-05,1.4246566357056135e-05,0.00047738471607130357,400,-15.5,20,0.004603318319423125,0.08975324350977919,4.270094854135713e-05,0.00010274126546748141,400,8000,0.7,8000,400,0.7,5.935936849927024e-07,9.698379406498073e-06,1.3318808588805264e-05,3.853906400048709e-05,1.1453059108850254e-05,5.475459829199049e-06,1.7465174540096961e-06,3.024301450158749e-06,2.361469709298255e-06,8.754049554419788e-06,6.388310008167698e-06,0.008555465838183451,0.03437001818690167,3.8392395183699815e-06,0.0008424163052399652,1.3840261989332363e-05,0.007020103737820549,0.03871495279153283,7.88491925834402e-05,6.15339945962026e-06,8.531981240722029e-06,1.6189600108991145e-06,2.8070892373496302e-06,2.2160451363705175e-06,5.522197926904883e-06,1.1164355304795808e-05,9.636183146420581e-06,1.340812252736367e-05,3.620772115747928e-05,5.905550719182031e-07
