num_training_step_calls_per_iteration,num_env_steps_sampled_lifetime,done,training_iteration,trial_id,date,timestamp,time_this_iter_s,time_total_s,pid,hostname,node_ip,time_since_restore,iterations_since_restore,timers/training_iteration,timers/restore_env_runners,timers/training_step,timers/env_runner_sampling_timer,timers/learner_update_timer,timers/synch_weights,env_runners/num_env_steps_sampled,env_runners/episode_len_max,env_runners/episode_return_max,env_runners/sample,env_runners/env_step_timer,env_runners/episode_duration_sec_mean,env_runners/env_reset_timer,env_runners/episode_len_mean,env_runners/episode_len_min,env_runners/num_episodes,env_runners/time_between_sampling,env_runners/episode_return_mean,env_runners/num_episodes_lifetime,env_runners/env_to_module_sum_episodes_length_in,env_runners/rlmodule_inference_timer,env_runners/weights_seq_no,env_runners/env_to_module_sum_episodes_length_out,env_runners/num_env_steps_sampled_lifetime,env_runners/episode_return_min,env_runners/num_env_steps_sampled_lifetime_throughput,__all_modules__/learner_connector_sum_episodes_length_in,__all_modules__/learner_connector_sum_episodes_length_out,learners/IntrinsicAttentionMask,evaluation/num_healthy_workers,evaluation/actor_manager_num_outstanding_async_reqs,evaluation/num_remote_worker_restarts,fault_tolerance/num_healthy_workers,fault_tolerance/num_remote_worker_restarts,env_runner_group/actor_manager_num_outstanding_async_reqs,perf/cpu_util_percent,perf/ram_util_percent,env_runners/env_to_module_connector/connector_pipeline_timer,env_runners/num_agent_steps_sampled/default_agent,env_runners/num_agent_steps_sampled_lifetime/default_agent,env_runners/module_to_env_connector/connector_pipeline_timer,env_runners/num_module_steps_sampled/default_policy,env_runners/agent_episode_returns_mean/default_agent,env_runners/module_episode_returns_mean/default_policy,env_runners/num_module_steps_sampled_lifetime/default_policy,__all_modules__/learner_connector/connector_pipeline_timer,learners/default_policy/entropy,learners/default_policy/vf_loss_unclipped,learners/default_policy/curr_kl_coeff,learners/default_policy/curr_entropy_coeff,learners/default_policy/policy_loss,learners/default_policy/diff_num_grad_updates_vs_sampler_policy,learners/default_policy/module_train_batch_size_mean,learners/default_policy/weights_seq_no,learners/default_policy/total_loss,learners/default_policy/num_module_steps_trained_lifetime,learners/default_policy/num_module_steps_trained,learners/default_policy/mean_kl_loss,learners/default_policy/vf_explained_var,learners/default_policy/vf_loss,learners/default_policy/num_trainable_parameters,learners/default_policy/use_intrinsic_rewards,learners/default_policy/num_module_steps_trained_lifetime_throughput,learners/__all_modules__/num_non_trainable_parameters,learners/__all_modules__/num_module_steps_trained,learners/__all_modules__/num_module_steps_trained_lifetime,learners/__all_modules__/num_env_steps_trained_lifetime,learners/__all_modules__/num_trainable_parameters,learners/__all_modules__/num_env_steps_trained,learners/__all_modules__/num_env_steps_trained_lifetime_throughput,learners/__all_modules__/num_module_steps_trained_throughput,learners/__all_modules__/num_module_steps_trained_lifetime_throughput,learners/intrinsic_reward_module/num_module_steps_trained,learners/intrinsic_reward_module/total_loss,learners/intrinsic_reward_module/num_module_steps_trained_lifetime,learners/intrinsic_reward_module/default_optimizer_learning_rate,learners/intrinsic_reward_module/gradients_default_optimizer_global_norm,learners/intrinsic_reward_module/num_trainable_parameters,learners/intrinsic_reward_module/curr_entropy_coeff,learners/intrinsic_reward_module/diff_num_grad_updates_vs_sampler_policy,learners/intrinsic_reward_module/module_train_batch_size_mean,learners/intrinsic_reward_module/weights_seq_no,learners/intrinsic_reward_module/num_module_steps_trained_lifetime_throughput,evaluation/env_runners/env_to_module_sum_episodes_length_in,evaluation/env_runners/episode_return_max,evaluation/env_runners/num_env_steps_sampled_lifetime,evaluation/env_runners/sample,evaluation/env_runners/episode_len_max,evaluation/env_runners/episode_len_min,evaluation/env_runners/episode_return_mean,evaluation/env_runners/rlmodule_inference_timer,evaluation/env_runners/episode_return_min,evaluation/env_runners/env_reset_timer,evaluation/env_runners/episode_len_mean,evaluation/env_runners/num_episodes_lifetime,evaluation/env_runners/env_to_module_sum_episodes_length_out,evaluation/env_runners/weights_seq_no,evaluation/env_runners/num_episodes,evaluation/env_runners/num_env_steps_sampled,evaluation/env_runners/episode_duration_sec_mean,evaluation/env_runners/env_step_timer,evaluation/env_runners/num_agent_steps_sampled/default_agent,evaluation/env_runners/env_to_module_connector/connector_pipeline_timer,evaluation/env_runners/module_to_env_connector/connector_pipeline_timer,evaluation/env_runners/num_module_steps_sampled/default_policy,evaluation/env_runners/agent_episode_returns_mean/default_agent,evaluation/env_runners/num_agent_steps_sampled_lifetime/default_agent,evaluation/env_runners/module_episode_returns_mean/default_policy,evaluation/env_runners/num_module_steps_sampled_lifetime/default_policy,env_runners/env_to_module_connector/timers/connectors/add_time_dim_to_batch_and_zero_pad,env_runners/env_to_module_connector/timers/connectors/add_states_from_episodes_to_batch,env_runners/env_to_module_connector/timers/connectors/batch_individual_items,env_runners/env_to_module_connector/timers/connectors/numpy_to_tensor,env_runners/env_to_module_connector/timers/connectors/add_observations_from_episodes_to_batch,env_runners/module_to_env_connector/timers/connectors/un_batch_to_individual_items,env_runners/module_to_env_connector/timers/connectors/normalize_and_clip_actions,env_runners/module_to_env_connector/timers/connectors/tensor_to_numpy,env_runners/module_to_env_connector/timers/connectors/listify_data_for_vector_env,env_runners/module_to_env_connector/timers/connectors/get_actions,env_runners/module_to_env_connector/timers/connectors/remove_single_ts_time_rank_from_batch,__all_modules__/learner_connector/timers/connectors/add_one_ts_to_episodes_and_truncate,__all_modules__/learner_connector/timers/connectors/add_observations_from_episodes_to_batch,__all_modules__/learner_connector/timers/connectors/add_columns_from_episodes_to_train_batch,__all_modules__/learner_connector/timers/connectors/add_time_dim_to_batch_and_zero_pad,__all_modules__/learner_connector/timers/connectors/add_states_from_episodes_to_batch,__all_modules__/learner_connector/timers/connectors/batch_individual_items,__all_modules__/learner_connector/timers/connectors/numpy_to_tensor,learners/differentiable_learners/intrinsic_attention_ppo_learner/intrinsic_reward_module/diff_num_grad_updates_vs_sampler_policy,learners/differentiable_learners/intrinsic_attention_ppo_learner/intrinsic_reward_module/num_module_steps_trained,learners/differentiable_learners/intrinsic_attention_ppo_learner/intrinsic_reward_module/weights_seq_no,learners/differentiable_learners/intrinsic_attention_ppo_learner/intrinsic_reward_module/total_loss,learners/differentiable_learners/intrinsic_attention_ppo_learner/intrinsic_reward_module/num_module_steps_trained_lifetime,learners/differentiable_learners/intrinsic_attention_ppo_learner/intrinsic_reward_module/module_train_batch_size_mean,learners/differentiable_learners/intrinsic_attention_ppo_learner/default_policy/policy_loss,learners/differentiable_learners/intrinsic_attention_ppo_learner/default_policy/diff_num_grad_updates_vs_sampler_policy,learners/differentiable_learners/intrinsic_attention_ppo_learner/default_policy/num_module_steps_trained,learners/differentiable_learners/intrinsic_attention_ppo_learner/default_policy/mean_kl_loss,learners/differentiable_learners/intrinsic_attention_ppo_learner/default_policy/total_loss,learners/differentiable_learners/intrinsic_attention_ppo_learner/default_policy/num_module_steps_trained_lifetime,learners/differentiable_learners/intrinsic_attention_ppo_learner/default_policy/vf_loss,learners/differentiable_learners/intrinsic_attention_ppo_learner/default_policy/vf_explained_var,learners/differentiable_learners/intrinsic_attention_ppo_learner/default_policy/module_train_batch_size_mean,learners/differentiable_learners/intrinsic_attention_ppo_learner/default_policy/use_intrinsic_rewards,learners/differentiable_learners/intrinsic_attention_ppo_learner/default_policy/weights_seq_no,learners/differentiable_learners/intrinsic_attention_ppo_learner/default_policy/entropy,learners/differentiable_learners/intrinsic_attention_ppo_learner/default_policy/vf_loss_unclipped,learners/differentiable_learners/intrinsic_attention_ppo_learner/__all_modules__/num_module_steps_trained_lifetime,learners/differentiable_learners/intrinsic_attention_ppo_learner/__all_modules__/num_module_steps_trained,learners/differentiable_learners/intrinsic_attention_ppo_learner/__all_modules__/num_env_steps_trained_lifetime,learners/differentiable_learners/intrinsic_attention_ppo_learner/__all_modules__/num_env_steps_trained,learners/differentiable_learners/intrinsic_attention_ppo_learner/__all_modules__/num_env_steps_trained_lifetime_throughput,evaluation/env_runners/env_to_module_connector/timers/connectors/batch_individual_items,evaluation/env_runners/env_to_module_connector/timers/connectors/add_time_dim_to_batch_and_zero_pad,evaluation/env_runners/env_to_module_connector/timers/connectors/numpy_to_tensor,evaluation/env_runners/env_to_module_connector/timers/connectors/add_states_from_episodes_to_batch,evaluation/env_runners/env_to_module_connector/timers/connectors/add_observations_from_episodes_to_batch,evaluation/env_runners/module_to_env_connector/timers/connectors/listify_data_for_vector_env,evaluation/env_runners/module_to_env_connector/timers/connectors/get_actions,evaluation/env_runners/module_to_env_connector/timers/connectors/remove_single_ts_time_rank_from_batch,evaluation/env_runners/module_to_env_connector/timers/connectors/un_batch_to_individual_items,evaluation/env_runners/module_to_env_connector/timers/connectors/normalize_and_clip_actions,evaluation/env_runners/module_to_env_connector/timers/connectors/tensor_to_numpy
1,252500.0,False,1,0461b_00000,2025-08-11_16-09-39,1754921379,13.895042181015015,13.895042181015015,4521,Mac,127.0.0.1,13.895042181015015,1,13.611713291960768,1.0041985660791397e-05,13.611565082916059,1.3894075840944424,12.103281832998618,0.0010184580460190773,5000.0,50,14.5,0.014831039749041503,1.4394466433340465e-05,0.012873414610512552,0.00011907853059477645,50.0,50,100.0,0.0005400944501051603,4.899999999999999,5050.0,26.762340024562445,3.2430219092967584e-05,0.0,26.762340024562445,252500.0,-5.5,3292.3003092005742,5000,5100,"[array([[0.02097862, 0.0195671 , 0.01954529, ..., 0.01940156, 0.02941423,
        0.01893785],
       [0.01971678, 0.01960788, 0.01960614, ..., 0.01959464, 0.02025385,
        0.01955698],
       [0.01969658, 0.01960791, 0.01960649, ..., 0.01959712, 0.02013257,
        0.01956644],
       ...,
       [0.01956299, 0.01960768, 0.0196084 , ..., 0.01961314, 0.01934759,
        0.01962869],
       [0.02540881, 0.017363  , 0.01725747, ..., 0.01657505, 0.16118954,
        0.01452201],
       [0.01912647, 0.01960181, 0.01960952, ..., 0.01966059, 0.01697868,
        0.01982893]], dtype=float32), array([[0.02096144, 0.01917627, 0.01952928, ..., 0.01938567, 0.02939014,
        0.01892234],
       [0.01936928, 0.0196756 , 0.01961243, ..., 0.01963796, 0.01824897,
        0.01972189],
       [0.01969561, 0.01958237, 0.01960553, ..., 0.01959615, 0.02013158,
        0.01956547],
       ...,
       [0.01956348, 0.01962061, 0.01960889, ..., 0.01961363, 0.01934807,
        0.01962917],
       [0.02527779, 0.01553912, 0.01716848, ..., 0.01648958, 0.16035837,
        0.01444713],
       [0.01913144, 0.01974112, 0.01961461, ..., 0.0196657 , 0.01698309,
        0.01983408]], dtype=float32), array([[0.0210554 , 0.01926223, 0.01924076, ..., 0.01909927, 0.02952189,
        0.01900717],
       [0.01935369, 0.01965977, 0.01966363, ..., 0.01968923, 0.01823429,
        0.01970602],
       [0.01933247, 0.019664  , 0.01966818, ..., 0.01969593, 0.0181238 ,
        0.01971413],
       ...,
       [0.01919225, 0.01969159, 0.01969793, ..., 0.01973993, 0.01740889,
        0.01976748],
       [0.02579484, 0.01585697, 0.01576059, ..., 0.01513737, 0.16363846,
        0.01474264],
       [0.01910058, 0.01970928, 0.01971703, ..., 0.01976839, 0.0169557 ,
        0.01980209]], dtype=float32), array([[0.02118016, 0.02001555, 0.01998754, ..., 0.01932756, 0.01108191,
        0.01921059],
       [0.0204355 , 0.01983644, 0.01982183, ..., 0.01947476, 0.01453415,
        0.01941266],
       [0.02041706, 0.0198317 , 0.01981742, ..., 0.0194781 , 0.01463185,
        0.01941738],
       ...,
       [0.01997483, 0.01971336, 0.01970693, ..., 0.01955337, 0.01717676,
        0.01952573],
       [0.01158008, 0.01487541, 0.01496794, ..., 0.01736729, 0.20386976,
        0.01784042],
       [0.01989479, 0.01969093, 0.01968591, ..., 0.0195659 , 0.017681  ,
        0.01954428]], dtype=float32), array([[0.02118626, 0.0195405 , 0.01951315, ..., 0.01933312, 0.01081889,
        0.01875464],
       [0.02011804, 0.01960035, 0.0195915 , ..., 0.01953304, 0.01619903,
        0.01934268],
       [0.02009951, 0.01960088, 0.01959236, ..., 0.01953603, 0.01631226,
        0.01935253],
       ...,
       [0.01997679, 0.01960396, 0.01959756, ..., 0.01955529, 0.01708143,
        0.01941737],
       [0.01083968, 0.01576423, 0.01586682, ..., 0.01656282, 0.24370041,
        0.01906515],
       [0.0195736 , 0.01960778, 0.01960837, ..., 0.01961229, 0.01985949,
        0.01962515]], dtype=float32), array([[0.02100917, 0.01921993, 0.01919851, ..., 0.01942981, 0.02945706,
        0.01896543],
       [0.01936151, 0.01966771, 0.01967157, ..., 0.01963009, 0.01824165,
        0.01971398],
       [0.01934094, 0.0196726 , 0.0196768 , ..., 0.01963183, 0.01813173,
        0.01972276],
       ...,
       [0.01956202, 0.01961914, 0.01961986, ..., 0.01961216, 0.01934662,
        0.01962771],
       [0.02555959, 0.01571235, 0.01561685, ..., 0.01667341, 0.16214606,
        0.01460818],
       [0.01911609, 0.01972529, 0.01973304, ..., 0.01964993, 0.01696947,
        0.01981817]], dtype=float32), array([[0.02118618, 0.02002124, 0.01999322, ..., 0.01933305, 0.01081885,
        0.01875457],
       [0.02043937, 0.0198402 , 0.01982558, ..., 0.01947845, 0.01435219,
        0.01916962],
       [0.02042087, 0.0198354 , 0.01982112, ..., 0.01948174, 0.01445274,
        0.0191797 ],
       ...,
       [0.01997679, 0.01971529, 0.01970886, ..., 0.01955528, 0.01708143,
        0.01941736],
       [0.01083894, 0.01408469, 0.01417635, ..., 0.01656169, 0.24368374,
        0.01906384],
       [0.0195736 , 0.01959749, 0.01959809, ..., 0.01961229, 0.01985949,
        0.01962515]], dtype=float32), array([[0.02117237, 0.01952769, 0.01950036, ..., 0.01932045, 0.01107784,
        0.01920353],
       [0.02011257, 0.01959502, 0.01958617, ..., 0.01952773, 0.01632204,
        0.01948955],
       [0.02009422, 0.01959573, 0.0195872 , ..., 0.01953088, 0.01643158,
        0.01949409],
       ...,
       [0.01997273, 0.01959997, 0.01959357, ..., 0.01955131, 0.01717495,
        0.01952368],
       [0.01162304, 0.01662733, 0.01673077, ..., 0.01743172, 0.20462613,
        0.0179066 ],
       [0.01989314, 0.01960232, 0.01959732, ..., 0.01956427, 0.01767953,
        0.01954265]], dtype=float32), array([[0.02119099, 0.02002578, 0.01951751, ..., 0.01981325, 0.01108758,
        0.01922041],
       [0.02044082, 0.0198416 , 0.01957505, ..., 0.01973054, 0.01453793,
        0.01941772],
       [0.02010003, 0.01974997, 0.01959286, ..., 0.01968461, 0.01643633,
        0.01949972],
       ...,
       [0.0202994 , 0.01980422, 0.01958313, ..., 0.01971216, 0.01529815,
        0.01945239],
       [0.0115653 , 0.01485642, 0.01664765, ..., 0.01557513, 0.20360953,
        0.01781764],
       [0.01989654, 0.01969266, 0.01960068, ..., 0.01965444, 0.01768255,
        0.019546  ]], dtype=float32), array([[0.02117177, 0.02000762, 0.01997962, ..., 0.0193199 , 0.01107752,
        0.01920298],
       [0.02043082, 0.0198319 , 0.01981729, ..., 0.0194703 , 0.01453082,
        0.01940823],
       [0.02041249, 0.01982726, 0.01981298, ..., 0.01947374, 0.01462857,
        0.01941303],
       ...,
       [0.0199727 , 0.01971125, 0.01970482, ..., 0.01955128, 0.01717492,
        0.01952364],
       [0.01161576, 0.01492124, 0.01501406, ..., 0.01742079, 0.20449787,
        0.01789538],
       [0.01989312, 0.01968927, 0.01968425, ..., 0.01956425, 0.01767951,
        0.01954264]], dtype=float32), array([[0.02102057, 0.01923036, 0.01920893, ..., 0.01906767, 0.02890803,
        0.01861195],
       [0.01936029, 0.01966646, 0.01967033, ..., 0.01969594, 0.01830285,
        0.01978011],
       [0.01933962, 0.01967127, 0.01967546, ..., 0.01970322, 0.01819767,
        0.01979448],
       ...,
       [0.01920308, 0.0197027 , 0.01970904, ..., 0.01975106, 0.01751627,
        0.01988941],
       [0.02584277, 0.01625231, 0.01615814, ..., 0.01554852, 0.13593847,
        0.01370718],
       [0.01875786, 0.01980141, 0.01981485, ..., 0.019904  , 0.01545323,
        0.02019902]], dtype=float32)]",1,0,0,0,0,0,29.134999999999998,76.84,6.121901463452503e-05,5000.0,252500.0,0.000122595694029547,5000.0,4.899999999999999,4.899999999999999,252500.0,0.10201487503945827,0.6930291056632996,20.402536392211914,0.09053142368793488,0.0057258849199,2.4092825512411764e-08,1.0,969.0,1.0,0.35340648889541626,10659,10659,-6.590090251279435e-09,2.086162567138672e-06,0.36444658041000366,12584,0.0,895.8375628683566,0,21318,21318,56100,20448,56100,4715.003554464438,23071081.048746932,14261595.742308095,10659,0.0,10659,0.0014190478375,0.0,7864,0.0057258849199,1.0,969.0,1.0,895.8536124510957,27.167134025045954,13.5,6000,0.27505566691979766,50,50,0.1,3.0303805400398952e-05,-14.5,0.00016425002831965685,50.0,20,27.167134025045954,1.0,20,1000,0.01311678541242145,1.370300575313556e-05,1000,5.799084223412752e-05,0.00011341035239643366,1000,0.1,1000,0.1,1000,7.1039828041820045e-06,2.7752572361665574e-06,1.2536307013488591e-05,1.276373824861688e-05,2.8360587808870534e-06,6.5660838377278065e-06,9.776812915920077e-06,1.536375993020293e-05,1.0628991106061994e-05,4.1728014653097696e-05,1.1936808236723368e-05,0.004912874894216657,0.0003334999782964587,0.03789124998729676,0.05576341599225998,0.00180154200643301,0.00108804099727422,7.233303040266037e-05,11.0,63954,11.0,0.0,63954,969.0,-8.1313281441453e-08,11.0,63954,-5.646120015967426e-09,0.3557341,63954,0.3668203353881836,2.4437904357910156e-06,969.0,1.0,11.0,0.693017303943634,21.135974884033203,127908,127908,336600,336600,57912.1882909753,1.2050969976013504e-05,6.837644623607175e-06,1.189678288918315e-05,2.743303356289513e-06,2.813144538618713e-06,1.0183980620692259e-05,3.5608117296486985e-05,1.1836800771201106e-05,6.521323970812217e-06,7.956954462100623e-06,1.5109821034804316e-05
1,10000.0,False,2,0461b_00000,2025-08-11_16-09-53,1754921393,14.34989309310913,28.244935274124146,4521,Mac,127.0.0.1,28.244935274124146,2,13.616334981541149,1.0015736334025859e-05,13.616186083336359,1.3904389978339895,12.106818275918485,0.001016407215502113,5000.0,50,14.5,0.01420917905911406,1.3994355238205116e-05,0.01386859497055412,7.254130096518487e-05,50.0,50,100.0,0.08001846869941939,3.899999999999998,200.0,27.16809333212661,4.51789331580429e-05,1.0,27.16809333212661,10000.0,-5.5,3502.2205788951355,5000.0,5100.0,"[array([[0.0211291 , 0.0199673 , 0.01993936, ..., 0.01928096, 0.0110552 ,
        0.01916428],
       [0.0204097 , 0.0198114 , 0.01979681, ..., 0.01945017, 0.0145158 ,
        0.01938816],
       [0.02039187, 0.01980723, 0.01979297, ..., 0.01945407, 0.01461379,
        0.01939342],
       ...,
       [0.01996371, 0.01970238, 0.01969595, ..., 0.01954247, 0.01716719,
        0.01951485],
       [0.01167728, 0.01500027, 0.01509359, ..., 0.01751307, 0.20558108,
        0.01799017],
       [0.01988614, 0.01968237, 0.01967735, ..., 0.01955739, 0.01767331,
        0.01953578]], dtype=float32), array([[0.02096939, 0.01955849, 0.01953669, ..., 0.01902124, 0.02940129,
        0.01892952],
       [0.01971618, 0.01960728, 0.01960554, ..., 0.0195639 , 0.02025323,
        0.01955638],
       [0.0196961 , 0.01960742, 0.01960601, ..., 0.01957208, 0.02013207,
        0.01956595],
       ...,
       [0.0192155 , 0.01960563, 0.01961194, ..., 0.01976384, 0.01742998,
        0.01979143],
       [0.02532339, 0.01730463, 0.01719945, ..., 0.0148607 , 0.16064765,
        0.01447319],
       [0.01912888, 0.01960428, 0.01961199, ..., 0.01979767, 0.01698082,
        0.01983143]], dtype=float32), array([[0.02107647, 0.0192815 , 0.01963645, ..., 0.01911837, 0.0289849 ,
        0.01866144],
       [0.01935122, 0.01965726, 0.01959415, ..., 0.01968672, 0.01829428,
        0.01977085],
       [0.0197024 , 0.01958912, 0.01961229, ..., 0.01957835, 0.02011328,
        0.01954769],
       ...,
       [0.01918837, 0.01968761, 0.01958425, ..., 0.01973593, 0.01750286,
        0.01987418],
       [0.0261732 , 0.01646011, 0.01810138, ..., 0.01574733, 0.13767658,
        0.01388245],
       [0.01872762, 0.01976948, 0.01955135, ..., 0.01987191, 0.01542831,
        0.02016646]], dtype=float32), array([[0.02100463, 0.01959136, 0.01919436, ..., 0.01942561, 0.02888611,
        0.01859783],
       [0.01971858, 0.01960966, 0.01957777, ..., 0.01959642, 0.02022454,
        0.01952868],
       [0.01934243, 0.01960151, 0.01967831, ..., 0.01963335, 0.0182003 ,
        0.01979735],
       ...,
       [0.01956226, 0.01960695, 0.0196201 , ..., 0.01961241, 0.01935914,
        0.01964041],
       [0.02574883, 0.01791167, 0.0160994 , ..., 0.01713603, 0.13544431,
        0.01365736],
       [0.01876652, 0.01957867, 0.01982398, ..., 0.01968011, 0.01546036,
        0.02020834]], dtype=float32), array([[0.0210101 , 0.01922079, 0.01957462, ..., 0.01905817, 0.02945837,
        0.01896627],
       [0.01936153, 0.01966773, 0.01960459, ..., 0.01969721, 0.01824168,
        0.019714  ],
       [0.01969852, 0.01958527, 0.01960842, ..., 0.01957449, 0.02013455,
        0.01956836],
       ...,
       [0.01920506, 0.01970473, 0.01960128, ..., 0.0197531 , 0.0174205 ,
        0.01978067],
       [0.02558935, 0.01573065, 0.01738009, ..., 0.01501678, 0.1623349 ,
        0.0146252 ],
       [0.0191162 , 0.0197254 , 0.01959899, ..., 0.01978455, 0.01696957,
        0.01981829]], dtype=float32), array([[0.02117106, 0.01952648, 0.01949915, ..., 0.01979462, 0.01107715,
        0.01920233],
       [0.02011244, 0.01959489, 0.01958604, ..., 0.01968124, 0.01632193,
        0.01948942],
       [0.02009409, 0.0195956 , 0.01958708, ..., 0.01967881, 0.01643148,
        0.01949397],
       ...,
       [0.020291  , 0.019587  , 0.01957502, ..., 0.019704  , 0.01529182,
        0.01944434],
       [0.01160858, 0.01660665, 0.01670996, ..., 0.01563343, 0.2043716 ,
        0.01788433],
       [0.01989309, 0.01960228, 0.01959728, ..., 0.01965103, 0.01767949,
        0.01954261]], dtype=float32), array([[0.02120524, 0.019558  , 0.01953063, ..., 0.01982658, 0.01082858,
        0.01877144],
       [0.02012411, 0.01960626, 0.01959741, ..., 0.01969266, 0.01620392,
        0.01934851],
       [0.02010536, 0.01960659, 0.01959806, ..., 0.01968984, 0.01631701,
        0.01935816],
       ...,
       [0.02030664, 0.0196021 , 0.01959012, ..., 0.01971919, 0.01514202,
        0.01925387],
       [0.01079167, 0.0156944 , 0.01579654, ..., 0.01473365, 0.2426209 ,
        0.01898069],
       [0.01957319, 0.01960737, 0.01960796, ..., 0.0196016 , 0.01985908,
        0.01962475]], dtype=float32), array([[0.02123252, 0.01958317, 0.02003695, ..., 0.01937534, 0.01110931,
        0.01925808],
       [0.02013108, 0.01961305, 0.01975844, ..., 0.0195457 , 0.01633706,
        0.01950749],
       [0.02044258, 0.01960976, 0.01984219, ..., 0.01950244, 0.01465013,
        0.01944165],
       ...,
       [0.01998602, 0.01961301, 0.01971797, ..., 0.01956432, 0.01718638,
        0.01953667],
       [0.01149209, 0.01643999, 0.01485421, ..., 0.01723532, 0.20232062,
        0.01770485],
       [0.01990349, 0.01961252, 0.01969451, ..., 0.01957445, 0.01768873,
        0.01955282]], dtype=float32), array([[0.02121544, 0.01956742, 0.01954003, ..., 0.01935975, 0.01083379,
        0.01878048],
       [0.02012721, 0.01960929, 0.01960043, ..., 0.01954195, 0.01620642,
        0.0193515 ],
       [0.02010834, 0.0196095 , 0.01960097, ..., 0.01954461, 0.01631943,
        0.01936103],
       ...,
       [0.0199834 , 0.01961043, 0.01960403, ..., 0.01956175, 0.01708708,
        0.01942378],
       [0.01077244, 0.01566644, 0.01576839, ..., 0.01646007, 0.24218865,
        0.01894688],
       [0.01957299, 0.01960717, 0.01960776, ..., 0.01961169, 0.01985888,
        0.01962454]], dtype=float32), array([[0.02093062, 0.01952232, 0.01950056, ..., 0.01898607, 0.02934693,
        0.01889452],
       [0.01971321, 0.01960433, 0.01960259, ..., 0.01956096, 0.02025018,
        0.01955344],
       [0.01969368, 0.01960502, 0.0196036 , ..., 0.01956968, 0.0201296 ,
        0.01956355],
       ...,
       [0.0192261 , 0.01961644, 0.01962275, ..., 0.01977474, 0.01743959,
        0.01980234],
       [0.02511912, 0.01716504, 0.01706072, ..., 0.01474083, 0.15935183,
        0.01435644],
       [0.01914178, 0.0196175 , 0.01962521, ..., 0.01981102, 0.01699227,
        0.0198448 ]], dtype=float32), array([[0.02116031, 0.0199968 , 0.01948926, ..., 0.01930944, 0.01107153,
        0.01919259],
       [0.02042533, 0.01982657, 0.01956022, ..., 0.01946507, 0.01452692,
        0.01940301],
       [0.02009106, 0.01974116, 0.01958412, ..., 0.01952781, 0.016429  ,
        0.01949102],
       ...,
       [0.01997041, 0.019709  , 0.0195913 , ..., 0.01954904, 0.01717296,
        0.01952141],
       [0.01162548, 0.01493373, 0.01673428, ..., 0.01743538, 0.20466909,
        0.01791037],
       [0.01989135, 0.01968752, 0.01959556, ..., 0.01956251, 0.01767794,
        0.0195409 ]], dtype=float32)]",1,0,0,0,0,0,36.13333333333334,76.50952380952381,5.912829905244236e-05,5000.0,10000.0,0.00011741445388682229,5000.0,3.899999999999998,3.899999999999998,10000.0,0.10202959295944311,0.6930407285690308,20.317224502563477,0.04526571184396744,0.0057258849199,-1.8395876111299003e-07,1.0,969.0,2.0,0.3491118848323822,21318,10659,2.2704369495585297e-09,2.086162567138672e-06,0.3600672483444214,12584,0.0,894.1785101234951,0,21318,42636,112200,20448,56100,4706.270197807376,22685817.30711797,14193715.087579863,10659,0.0,21318,0.0014190478375,0.0,7864,0.0057258849199,1.0,969.0,2.0,894.1941843107709,27.168093298253442,13.5,11000,0.27499055150081403,50,50,0.1,3.022578539447159e-05,-14.5,0.00016342669841833414,50.0,40,27.168093298253442,2.0,20,1000,0.012967415610910393,1.3662602026483807e-05,1000,5.870450492020637e-05,0.00011233702291568398,1000,0.1,2000,0.1,2000,7.096686002739738e-06,2.7663388711120025e-06,1.2432650700198734e-05,1.2332917546324841e-05,2.7668812724680467e-06,6.516738126540411e-06,8.041033339563247e-06,1.5302521711193778e-05,1.0726434575912874e-05,3.8743268909204886e-05,1.1850465111857803e-05,0.004909589894814417,0.0003335287282243371,0.03790559748769738,0.05577131891157478,0.0017988040868658574,0.0010872976679820567,7.212261902168393e-05,21.0,63954,22.0,0.0,127908,969.0,-9.022260627489231e-08,21.0,63954,7.853227401710683e-09,0.35466707,127908,0.36573222279548645,2.4437904357910156e-06,969.0,1.0,22.0,0.69302898645401,20.350460052490234,255816,127908,673200,336600,57423.486845562984,1.2298974746320344e-05,7.000234781644183e-06,1.1902784336906181e-05,2.7544707049787424e-06,2.7597780173774697e-06,1.0287091981603103e-05,3.5329993964048485e-05,1.1609280660548225e-05,6.488759183545559e-06,7.742044837097581e-06,1.4847517297893039e-05
1,-232500.0,False,3,0461b_00000,2025-08-11_16-10-07,1754921407,14.046334981918335,42.29127025604248,4521,Mac,127.0.0.1,42.29127025604248,3,13.617912360066315,9.988499199971556e-06,13.617763061252933,1.3904896816057617,12.108312056498404,0.00101403939363081,5000.0,50,14.5,0.014074268329665882,1.3896538770221198e-05,0.012901188723044472,5.649830571955419e-05,50.0,50,100.0,0.11131561746113125,4.3,-4650.0,27.16809333212661,3.00993764151678e-05,2.0,27.16809333212661,-232500.0,-5.5,3541.6087612159654,5000.0,5100.0,"[array([[0.02094676, 0.01953738, 0.01914147, ..., 0.01900071, 0.02936955,
        0.01890909],
       [0.0197144 , 0.01960551, 0.01957362, ..., 0.01956214, 0.02025141,
        0.01955462],
       [0.0193522 , 0.01961141, 0.01968825, ..., 0.01971603, 0.01814229,
        0.01973424],
       ...,
       [0.01922191, 0.01961217, 0.01972837, ..., 0.01977043, 0.01743579,
        0.01979803],
       [0.02521844, 0.01723291, 0.01540841, ..., 0.01479912, 0.15998188,
        0.01441321],
       [0.01913669, 0.01961229, 0.0197543 , ..., 0.01980576, 0.01698775,
        0.01983953]], dtype=float32), array([[0.02100159, 0.019213  , 0.01919158, ..., 0.01905045, 0.02944644,
        0.01895859],
       [0.01936281, 0.01966903, 0.0196729 , ..., 0.01969851, 0.01824288,
        0.01971531],
       [0.01934236, 0.01967405, 0.01967824, ..., 0.019706  , 0.01813306,
        0.01972421],
       ...,
       [0.01920712, 0.01970685, 0.01971319, ..., 0.01975522, 0.01742237,
        0.01978279],
       [0.0255242 , 0.0156906 , 0.01559523, ..., 0.01497855, 0.16192158,
        0.01458796],
       [0.0191187 , 0.01972797, 0.01973573, ..., 0.01978713, 0.01697178,
        0.01982087]], dtype=float32), array([[0.02119144, 0.01954528, 0.01999819, ..., 0.01981368, 0.01108781,
        0.01922082],
       [0.02011864, 0.01960093, 0.01974623, ..., 0.01968731, 0.01632697,
        0.01949544],
       [0.02042237, 0.01959038, 0.01982257, ..., 0.01972829, 0.01463565,
        0.01942243],
       ...,
       [0.02029949, 0.01959519, 0.01979219, ..., 0.01971225, 0.01529821,
        0.01945248],
       [0.01156968, 0.016551  , 0.0149545 , ..., 0.01558103, 0.20368667,
        0.01782439],
       [0.01989656, 0.01960569, 0.01968766, ..., 0.01965445, 0.01768257,
        0.01954601]], dtype=float32), array([[0.02099261, 0.01958015, 0.01918338, ..., 0.01904231, 0.02943385,
        0.01895048],
       [0.01971796, 0.01960905, 0.01957716, ..., 0.01956567, 0.02025506,
        0.01955815],
       [0.01934372, 0.01960282, 0.01967963, ..., 0.01970739, 0.01813434,
        0.0197256 ],
       ...,
       [0.01920915, 0.01959915, 0.01971527, ..., 0.0197573 , 0.01742421,
        0.01978488],
       [0.02544411, 0.01738713, 0.0155463 , ..., 0.01493155, 0.16141354,
        0.01454219],
       [0.01912114, 0.01959635, 0.01973825, ..., 0.01978966, 0.01697395,
        0.0198234 ]], dtype=float32), array([[0.02121015, 0.02004389, 0.02001584, ..., 0.01935492, 0.0110976 ,
        0.01923779],
       [0.0204508 , 0.01985129, 0.01983667, ..., 0.01948934, 0.01454503,
        0.0194272 ],
       [0.02043201, 0.01984623, 0.01983193, ..., 0.01949237, 0.01464256,
        0.0194316 ],
       ...,
       [0.01998148, 0.01971992, 0.01971348, ..., 0.01955987, 0.01718247,
        0.01953222],
       [0.01151683, 0.01479416, 0.01488619, ..., 0.01727243, 0.20275632,
        0.01774298],
       [0.01989997, 0.01969605, 0.01969103, ..., 0.01957099, 0.0176856 ,
        0.01954936]], dtype=float32), array([[0.02102856, 0.01923767, 0.01959181, ..., 0.01944774, 0.02891902,
        0.01861902],
       [0.01935899, 0.01966515, 0.01960201, ..., 0.01962754, 0.01830162,
        0.01977879],
       [0.0196995 , 0.01958624, 0.01960939, ..., 0.01960002, 0.02011032,
        0.01954481],
       ...,
       [0.01956153, 0.01961866, 0.01960694, ..., 0.01961168, 0.01935842,
        0.01963968],
       [0.02588969, 0.01628181, 0.01790531, ..., 0.01722977, 0.13618526,
        0.01373207],
       [0.01875355, 0.01979685, 0.01957842, ..., 0.01966651, 0.01544967,
        0.02019437]], dtype=float32), array([[0.02119432, 0.01954793, 0.0200009 , ..., 0.01934048, 0.01082301,
        0.01876178],
       [0.02012094, 0.01960317, 0.01974848, ..., 0.01953585, 0.01620136,
        0.01934546],
       [0.02042538, 0.01959327, 0.0198255 , ..., 0.01948604, 0.01445593,
        0.01918394],
       ...,
       [0.01997891, 0.01960603, 0.01971095, ..., 0.01955736, 0.01708324,
        0.01941942],
       [0.01080402, 0.01571237, 0.01413068, ..., 0.01650833, 0.24289866,
        0.01900242],
       [0.01957339, 0.01960757, 0.01959789, ..., 0.01961209, 0.01985929,
        0.01962495]], dtype=float32), array([[0.02121015, 0.02004389, 0.02001584, ..., 0.01935492, 0.0110976 ,
        0.01923779],
       [0.0204508 , 0.01985129, 0.01983667, ..., 0.01948934, 0.01454503,
        0.0194272 ],
       [0.02043201, 0.01984623, 0.01983193, ..., 0.01949237, 0.01464256,
        0.0194316 ],
       ...,
       [0.01998148, 0.01971992, 0.01971348, ..., 0.01955987, 0.01718247,
        0.01953222],
       [0.01151683, 0.01479416, 0.01488619, ..., 0.01727243, 0.20275632,
        0.01774298],
       [0.01989997, 0.01969605, 0.01969103, ..., 0.01957099, 0.0176856 ,
        0.01954936]], dtype=float32), array([[0.0211667 , 0.01952246, 0.01997484, ..., 0.01979055, 0.0108089 ,
        0.01873733],
       [0.02011192, 0.01959438, 0.01973963, ..., 0.01968073, 0.0161941 ,
        0.01933679],
       [0.02041104, 0.01957951, 0.01981157, ..., 0.01971735, 0.01444578,
        0.01917046],
       ...,
       [0.02029007, 0.0195861 , 0.01978301, ..., 0.0197031 , 0.01512966,
        0.01923816],
       [0.01088527, 0.01583053, 0.01423695, ..., 0.01486145, 0.24472536,
        0.01914533],
       [0.019574  , 0.01960818, 0.01959849, ..., 0.01960241, 0.0198599 ,
        0.01962555]], dtype=float32), array([[0.02094676, 0.01953738, 0.01914147, ..., 0.01900071, 0.02936955,
        0.01890909],
       [0.0197144 , 0.01960551, 0.01957362, ..., 0.01956214, 0.02025141,
        0.01955462],
       [0.0193522 , 0.01961141, 0.01968825, ..., 0.01971603, 0.01814229,
        0.01973424],
       ...,
       [0.01922191, 0.01961217, 0.01972837, ..., 0.01977043, 0.01743579,
        0.01979803],
       [0.02521844, 0.01723291, 0.01540841, ..., 0.01479912, 0.15998188,
        0.01441321],
       [0.01913669, 0.01961229, 0.0197543 , ..., 0.01980576, 0.01698775,
        0.01983953]], dtype=float32), array([[0.0210078 , 0.01921868, 0.01919726, ..., 0.01905609, 0.02945514,
        0.0189642 ],
       [0.01936146, 0.01966766, 0.01967153, ..., 0.01969714, 0.01824161,
        0.01971393],
       [0.0193409 , 0.01967256, 0.01967675, ..., 0.01970451, 0.01813169,
        0.01972272],
       ...,
       [0.01920488, 0.01970455, 0.01971089, ..., 0.01975292, 0.01742034,
        0.01978049],
       [0.02551734, 0.01568638, 0.01559104, ..., 0.01497452, 0.16187808,
        0.01458404],
       [0.01911594, 0.01972513, 0.01973288, ..., 0.01978428, 0.01696933,
        0.01981801]], dtype=float32)]",1,0,0,0,0,0,32.49,76.49000000000001,5.840922970360425e-05,5000.0,-232500.0,0.0001161754066379954,5000.0,4.3,4.3,-232500.0,0.10202822869996307,0.6930170655250549,24.711078643798828,0.02263285592198372,0.0057258849199,-1.9394724404264707e-06,1.0,969.0,3.0,0.3456882834434509,31977,10659,6.555159193233351e-10,1.6093254089355469e-06,0.3565775752067566,12584,0.0,891.9282580153985,0,21318,63954,168300,20448,56100,4694.424485728029,22183361.27848449,14097821.878713587,10659,0.0,31977,0.0014190478375,0.0,7864,0.0057258849199,1.0,969.0,3.0,891.9433766272299,27.168093332125434,17.5,16000,0.2748869293162017,50,50,0.43333333333333335,3.004420395068636e-05,-14.5,0.00016290576237952336,50.0,60,27.168093332125434,3.0,20,1000,0.01285610834408241,1.3415004362508604e-05,1000,5.7538176187487746e-05,0.00011054097393903062,1000,0.43333333333333335,3000,0.43333333333333335,3000,6.95139172704683e-06,2.762093156669822e-06,1.2317534038185817e-05,1.2129590822519481e-05,2.742760310149631e-06,6.5130386489707495e-06,7.995832516208336e-06,1.514081163233859e-05,1.0622731714762744e-05,3.80909874862341e-05,1.1796098251302817e-05,0.004905268996872473,0.00033363677100278435,0.03791150234279922,0.055772258643340324,0.0017950910452636892,0.0010878067709854803,7.196389304008335e-05,31.0,63954,33.0,0.0,191862,969.0,-1.3291208915688912e-06,31.0,63954,3.080476762562512e-09,0.35786825,191862,0.36899781227111816,2.682209014892578e-06,969.0,1.0,33.0,0.692993700504303,22.710304260253906,383724,127908,1009800,336600,56673.19463167797,1.2035269963444663e-05,6.8743866317205185e-06,1.1669342189687684e-05,2.7145776987991515e-06,2.751949003338194e-06,1.0087240679632406e-05,3.444501380726608e-05,1.1537618413473828e-05,6.476537697536389e-06,7.749356269238281e-06,1.4665848632808986e-05
1,-475000.0,False,4,0461b_00000,2025-08-11_16-10-21,1754921421,13.840099096298218,56.1313693523407,4521,Mac,127.0.0.1,56.1313693523407,4,13.61734874021523,9.953613538760691e-06,13.617198809810358,1.3904115564487822,12.107781312593472,0.0010125323296932037,5000.0,50,14.5,0.013626917687604148,1.3737334252919228e-05,0.012791875863913444,4.8553260138014524e-05,50.0,50,100.0,0.12146339510343332,3.5,-9500.0,27.16809333212661,2.9598658314521944e-05,3.0,27.16809333212661,-475000.0,-5.5,3580.291990845439,5000.0,5100.0,"[array([[0.02120607, 0.02004004, 0.0195314 , ..., 0.0193512 , 0.01082901,
        0.01877218],
       [0.02044955, 0.01985007, 0.01958341, ..., 0.01948815, 0.01435933,
        0.01917917],
       [0.02010543, 0.01975528, 0.01959813, ..., 0.01954178, 0.01631706,
        0.01935823],
       ...,
       [0.01998121, 0.01971966, 0.01960189, ..., 0.01955961, 0.01708521,
        0.01942166],
       [0.01079769, 0.01403108, 0.01580535, ..., 0.01649865, 0.24275628,
        0.01899129],
       [0.01957319, 0.01959709, 0.01960796, ..., 0.01961189, 0.01985908,
        0.01962475]], dtype=float32), array([[0.02120352, 0.02003763, 0.01952905, ..., 0.01934887, 0.0108277 ,
        0.01876992],
       [0.02044887, 0.01984942, 0.01958276, ..., 0.01948751, 0.01435886,
        0.01917854],
       [0.0201052 , 0.01975505, 0.01959791, ..., 0.01954156, 0.01631688,
        0.01935801],
       ...,
       [0.01998108, 0.01971953, 0.01960177, ..., 0.01955948, 0.0170851 ,
        0.01942154],
       [0.01077789, 0.01400535, 0.01577636, ..., 0.01646839, 0.24231108,
        0.01895646],
       [0.01957319, 0.01959709, 0.01960796, ..., 0.01961189, 0.01985908,
        0.01962475]], dtype=float32), array([[0.02114716, 0.01998437, 0.0199564 , ..., 0.01977228, 0.01079893,
        0.01872003],
       [0.02041922, 0.01982063, 0.01980604, ..., 0.01970969, 0.01433804,
        0.01915072],
       [0.02040118, 0.01981627, 0.019802  , ..., 0.01970782, 0.0144388 ,
        0.0191612 ],
       ...,
       [0.02028173, 0.01978697, 0.01977488, ..., 0.019695  , 0.01512344,
        0.01923024],
       [0.01092526, 0.01419685, 0.01428924, ..., 0.01491604, 0.24562432,
        0.01921566],
       [0.0195744 , 0.0195983 , 0.0195989 , ..., 0.01960282, 0.01986031,
        0.01962596]], dtype=float32), array([[0.02101995, 0.0192298 , 0.01920836, ..., 0.01943978, 0.02890718,
        0.0186114 ],
       [0.01936026, 0.01966645, 0.01967031, ..., 0.01962883, 0.01830283,
        0.01978009],
       [0.0193396 , 0.01967125, 0.01967544, ..., 0.01963048, 0.01819765,
        0.01979445],
       ...,
       [0.01956178, 0.0196189 , 0.01961962, ..., 0.01961192, 0.01935866,
        0.01963992],
       [0.02582315, 0.01623997, 0.01614587, ..., 0.01718549, 0.13583525,
        0.01369678],
       [0.01875767, 0.0198012 , 0.01981463, ..., 0.01967082, 0.01545306,
        0.02019881]], dtype=float32), array([[0.02114126, 0.019499  , 0.01947171, ..., 0.01976676, 0.01106156,
        0.01917531],
       [0.02010321, 0.0195859 , 0.01957706, ..., 0.01967221, 0.01631444,
        0.01948048],
       [0.02008521, 0.01958694, 0.01957842, ..., 0.01967011, 0.01642422,
        0.01948535],
       ...,
       [0.02027841, 0.01957484, 0.01956288, ..., 0.01969177, 0.01528233,
        0.01943228],
       [0.0116756 , 0.01670252, 0.01680642, ..., 0.01572368, 0.20555143,
        0.01798758],
       [0.01988793, 0.01959719, 0.01959219, ..., 0.01964593, 0.0176749 ,
        0.01953754]], dtype=float32), array([[0.02099369, 0.01958116, 0.01955933, ..., 0.0194155 , 0.02943536,
        0.01895146],
       [0.01971797, 0.01960906, 0.01960732, ..., 0.01959581, 0.02025507,
        0.01955816],
       [0.01969755, 0.01960887, 0.01960746, ..., 0.01959808, 0.02013356,
        0.0195674 ],
       ...,
       [0.01956251, 0.01960719, 0.01960791, ..., 0.01961265, 0.01934711,
        0.0196282 ],
       [0.02547937, 0.01741122, 0.0173054 , ..., 0.01662109, 0.16163722,
        0.01456234],
       [0.01912126, 0.01959647, 0.01960417, ..., 0.01965524, 0.01697405,
        0.01982353]], dtype=float32), array([[0.02096617, 0.01955549, 0.01953369, ..., 0.01939005, 0.02883322,
        0.01856378],
       [0.01971561, 0.01960671, 0.01960498, ..., 0.01959347, 0.0202215 ,
        0.01952574],
       [0.01969563, 0.01960696, 0.01960554, ..., 0.01959617, 0.02010637,
        0.01954097],
       ...,
       [0.01956348, 0.01960817, 0.01960889, ..., 0.01961363, 0.01936035,
        0.01964163],
       [0.0255552 , 0.01777698, 0.01767397, ..., 0.01700716, 0.13442576,
        0.01355465],
       [0.01878861, 0.01960172, 0.01961502, ..., 0.01970328, 0.01547856,
        0.02023213]], dtype=float32), array([[0.02112444, 0.01948349, 0.01993496, ..., 0.01975104, 0.01078732,
        0.01869992],
       [0.02009936, 0.01958215, 0.01972731, ..., 0.01966844, 0.01618399,
        0.01932472],
       [0.02039052, 0.01955983, 0.01979166, ..., 0.01969753, 0.01443126,
        0.0191512 ],
       ...,
       [0.02027282, 0.01956945, 0.01976619, ..., 0.01968635, 0.0151168 ,
        0.0192218 ],
       [0.01094586, 0.01591864, 0.01431619, ..., 0.01494417, 0.24608749,
        0.01925189],
       [0.0195748 , 0.01960899, 0.0195993 , ..., 0.01960322, 0.01986072,
        0.01962636]], dtype=float32), array([[0.02116681, 0.02000294, 0.01949524, ..., 0.01979065, 0.01080896,
        0.01873743],
       [0.02042934, 0.01983046, 0.01956405, ..., 0.01971946, 0.01434514,
        0.01916021],
       [0.02009362, 0.01974368, 0.01958662, ..., 0.01967834, 0.01630748,
        0.01934686],
       ...,
       [0.02029009, 0.01979513, 0.01957415, ..., 0.01970312, 0.01512968,
        0.01923817],
       [0.01088492, 0.01414444, 0.01593304, ..., 0.01486097, 0.24471748,
        0.01914471],
       [0.019574  , 0.0195979 , 0.01960877, ..., 0.01960241, 0.0198599 ,
        0.01962555]], dtype=float32), array([[0.02122756, 0.02006035, 0.0195512 , ..., 0.01937081, 0.01083998,
        0.01879121],
       [0.02046015, 0.01986037, 0.01959356, ..., 0.01949826, 0.01436678,
        0.01918912],
       [0.0201115 , 0.01976125, 0.01960405, ..., 0.01954769, 0.016322  ,
        0.01936408],
       ...,
       [0.01998572, 0.0197241 , 0.01960631, ..., 0.01956402, 0.01708906,
        0.01942604],
       [0.01077137, 0.01399688, 0.01576682, ..., 0.01645843, 0.24216452,
        0.01894499],
       [0.01957279, 0.01959669, 0.01960756, ..., 0.01961149, 0.01985868,
        0.01962434]], dtype=float32), array([[0.02093872, 0.01952988, 0.01950811, ..., 0.01899342, 0.02935828,
        0.01890183],
       [0.01971381, 0.01960492, 0.01960318, ..., 0.01956155, 0.0202508 ,
        0.01955403],
       [0.01969416, 0.0196055 , 0.01960409, ..., 0.01957016, 0.0201301 ,
        0.01956403],
       ...,
       [0.019224  , 0.01961431, 0.01962062, ..., 0.01977259, 0.01743769,
        0.01980018],
       [0.02516984, 0.0171997 , 0.01709517, ..., 0.0147706 , 0.15967359,
        0.01438543],
       [0.01913924, 0.0196149 , 0.01962261, ..., 0.01980839, 0.01699002,
        0.01984217]], dtype=float32)]",1,0,0,0,0,0,32.263157894736835,76.32105263157894,5.824384119877763e-05,5000.0,-475000.0,0.00011531205175210684,5000.0,3.5,3.5,-475000.0,0.10203721516295301,0.6930169463157654,28.344165802001953,0.01131642796099186,0.0057258849199,-7.446188874382642e-07,1.0,969.0,4.0,0.3374747931957245,42636,10659,2.2070363314696806e-09,8.940696716308594e-07,0.34820032119750977,12584,0.0,889.7074298438838,0,21318,85272,224400,20448,56100,4682.733276659717,21674686.194153495,14005658.89595056,10659,0.0,42636,0.0014190478375,0.0,7864,0.0057258849199,1.0,969.0,4.0,889.7218854097792,27.168093332126602,17.5,21000,0.27484050461343495,50,50,0.6,3.0575325549478635e-05,-14.5,0.00016237545468204188,50.0,80,27.168093332126602,4.0,20,1000,0.01286576455895556,1.3729744303360815e-05,1000,5.830302899660989e-05,0.00011279602250179021,1000,0.6,4000,0.6,4000,6.888950937300267e-06,2.75863671126027e-06,1.2287760139797177e-05,1.2052470698558536e-05,2.7155090890441464e-06,6.452743864976147e-06,7.938630407389472e-06,1.5030077069120258e-05,1.0512416421705883e-05,3.762341156231726e-05,1.1742734419822803e-05,0.00490206088648492,0.00033378040301566944,0.03792274731968169,0.055777353146865036,0.0017917863848671551,0.0010877157923980848,7.174842325714417e-05,41.0,63954,44.0,0.0,255816,969.0,2.8108294714002113e-07,41.0,63954,-1.9876192358658784e-10,0.35786968,255816,0.36899760365486145,2.6226043701171875e-06,969.0,1.0,44.0,0.6929934620857239,22.709489822387695,511632,127908,1346400,336600,55802.79998799178,1.2264763029836082e-05,6.9028961513079445e-06,1.1940826417221957e-05,2.7319134995562266e-06,2.762728723647018e-06,1.0316710701055495e-05,3.540221519723604e-05,1.1688025673704447e-05,6.552465892644155e-06,7.77364507066474e-06,1.5027535362271589e-05
1,-717500.0,False,5,0461b_00000,2025-08-11_16-10-35,1754921435,13.87751817703247,70.00888752937317,4521,Mac,127.0.0.1,70.00888752937317,5,13.61721323698333,9.917826433605515e-06,13.617062743382517,1.3906343600546702,12.10739141029814,0.0010112382564119178,5000.0,50,14.5,0.013559285164203638,1.4098671626178862e-05,0.013050962449051432,4.741591534962414e-05,50.0,50,100.0,0.12396063031192804,5.299999999999998,-14350.0,27.16809333212661,3.023346911438979e-05,4.0,27.16809333212661,-717500.0,-5.5,3516.5630358623407,5000.0,5100.0,"[array([[0.0209499 , 0.01916571, 0.01914435, ..., 0.019375  , 0.02881084,
        0.01854937],
       [0.01937197, 0.01967834, 0.0196822 , ..., 0.0196407 , 0.0183139 ,
        0.01979205],
       [0.01935228, 0.01968414, 0.01968833, ..., 0.01964334, 0.01820957,
        0.01980743],
       ...,
       [0.01956397, 0.0196211 , 0.01962182, ..., 0.01961412, 0.01936083,
        0.01964212],
       [0.0254496 , 0.01600504, 0.01591231, ..., 0.01693689, 0.13387026,
        0.01349864],
       [0.01879716, 0.01984289, 0.01985635, ..., 0.01971224, 0.0154856 ,
        0.02024134]], dtype=float32), array([[0.02100481, 0.01959152, 0.01956968, ..., 0.01905337, 0.02888635,
        0.01859799],
       [0.01971858, 0.01960967, 0.01960793, ..., 0.01956628, 0.02022454,
        0.01952868],
       [0.01969804, 0.01960936, 0.01960795, ..., 0.01957401, 0.02010883,
        0.01954336],
       ...,
       [0.0192073 , 0.01959726, 0.01960357, ..., 0.0197554 , 0.01752012,
        0.01989378],
       [0.02575413, 0.01791536, 0.01781155, ..., 0.01549519, 0.13547216,
        0.01366017],
       [0.01876657, 0.01957873, 0.01959202, ..., 0.01991324, 0.0154604 ,
        0.0202084 ]], dtype=float32), array([[0.02103878, 0.01962321, 0.01922557, ..., 0.0194572 , 0.02893308,
        0.01862807],
       [0.01972097, 0.01961204, 0.01958014, ..., 0.0195988 , 0.020227  ,
        0.01953105],
       [0.0193369 , 0.0195959 , 0.01967269, ..., 0.01962773, 0.0181951 ,
        0.01979169],
       ...,
       [0.01956129, 0.01960598, 0.01961913, ..., 0.01961144, 0.01935818,
        0.01963943],
       [0.02600342, 0.01808877, 0.01625858, ..., 0.01730546, 0.1367835 ,
        0.01379239],
       [0.01874997, 0.01956141, 0.01980651, ..., 0.01966276, 0.01544673,
        0.02019053]], dtype=float32), array([[0.02119484, 0.02002942, 0.01952106, ..., 0.01981686, 0.01082327,
        0.01876224],
       [0.02044412, 0.01984481, 0.01957821, ..., 0.01973373, 0.01435552,
        0.01917408],
       [0.02010235, 0.01975225, 0.01959513, ..., 0.01968689, 0.01631457,
        0.01935526],
       ...,
       [0.02030236, 0.01980711, 0.01958598, ..., 0.01971504, 0.01513883,
        0.01924981],
       [0.01080904, 0.01404584, 0.01582197, ..., 0.01475737, 0.24301152,
        0.01901125],
       [0.0195734 , 0.01959729, 0.01960817, ..., 0.01960181, 0.01985929,
        0.01962495]], dtype=float32), array([[0.02103968, 0.01924784, 0.01960218, ..., 0.01945803, 0.02949985,
        0.01899298],
       [0.01935628, 0.0196624 , 0.01959928, ..., 0.01962479, 0.01823673,
        0.01970866],
       [0.01970045, 0.01958718, 0.01961034, ..., 0.01960097, 0.02013652,
        0.01957027],
       ...,
       [0.01956104, 0.01961816, 0.01960644, ..., 0.01961119, 0.01934566,
        0.01962673],
       [0.02570826, 0.01580375, 0.01746085, ..., 0.0167704 , 0.16308923,
        0.01469316],
       [0.01910572, 0.01971458, 0.01958824, ..., 0.01963926, 0.01696026,
        0.01980742]], dtype=float32), array([[0.02095862, 0.01917369, 0.01952666, ..., 0.01901148, 0.02882284,
        0.0185571 ],
       [0.0193707 , 0.01967704, 0.01961387, ..., 0.01970653, 0.01831269,
        0.01979075],
       [0.01969515, 0.01958191, 0.01960506, ..., 0.01957113, 0.02010587,
        0.01954049],
       ...,
       [0.01922004, 0.0197201 , 0.01961657, ..., 0.01976851, 0.01753175,
        0.01990698],
       [0.02551853, 0.01604839, 0.01764861, ..., 0.01535344, 0.13423288,
        0.0135352 ],
       [0.01879309, 0.01983859, 0.01961969, ..., 0.01994137, 0.01548224,
        0.02023695]], dtype=float32), array([[0.0211165 , 0.01995539, 0.01992747, ..., 0.01974361, 0.01078327,
        0.01869289],
       [0.02040374, 0.01980561, 0.01979102, ..., 0.01969475, 0.01432717,
        0.01913621],
       [0.02038606, 0.01980159, 0.01978733, ..., 0.01969322, 0.0144281 ,
        0.019147  ],
       ...,
       [0.02026898, 0.01977454, 0.01976245, ..., 0.01968262, 0.01511394,
        0.01921816],
       [0.01098133, 0.01426972, 0.01436258, ..., 0.0149926 , 0.24688503,
        0.01931429],
       [0.01957501, 0.01959891, 0.0195995 , ..., 0.01960342, 0.01986092,
        0.01962656]], dtype=float32), array([[0.02101452, 0.01960059, 0.01957874, ..., 0.01943476, 0.02889971,
        0.01860659],
       [0.01971919, 0.01961027, 0.01960853, ..., 0.01959702, 0.02022517,
        0.01952928],
       [0.01969854, 0.01960985, 0.01960844, ..., 0.01959906, 0.02010933,
        0.01954385],
       ...,
       [0.01956202, 0.01960671, 0.01960743, ..., 0.01961217, 0.0193589 ,
        0.01964017],
       [0.02585126, 0.01798293, 0.01787873, ..., 0.0172042 , 0.13598312,
        0.01371169],
       [0.01876284, 0.01957483, 0.01958811, ..., 0.01967625, 0.01545733,
        0.02020438]], dtype=float32), array([[0.02102904, 0.01961412, 0.01959226, ..., 0.01907535, 0.02891968,
        0.01861944],
       [0.01972036, 0.01961144, 0.0196097 , ..., 0.01956806, 0.02022638,
        0.01953045],
       [0.0196995 , 0.01961081, 0.0196094 , ..., 0.01957546, 0.02011032,
        0.01954481],
       ...,
       [0.01920101, 0.01959085, 0.01959715, ..., 0.01974894, 0.01751439,
        0.01988728],
       [0.02590358, 0.01801932, 0.01791491, ..., 0.01558511, 0.13625832,
        0.01373944],
       [0.01875371, 0.01956531, 0.01957858, ..., 0.01989959, 0.0154498 ,
        0.02019455]], dtype=float32), array([[0.02109412, 0.01945551, 0.01990634, ..., 0.01972268, 0.01077184,
        0.01867308],
       [0.02009008, 0.01957311, 0.01971819, ..., 0.01965936, 0.01617652,
        0.01931579],
       [0.02037548, 0.0195454 , 0.01977706, ..., 0.019683  , 0.01442062,
        0.01913707],
       ...,
       [0.02026013, 0.0195572 , 0.01975382, ..., 0.01967402, 0.01510733,
        0.01920976],
       [0.01100099, 0.01599882, 0.0143883 , ..., 0.01501944, 0.24732699,
        0.01934886],
       [0.01957541, 0.01960959, 0.0195999 , ..., 0.01960382, 0.01986133,
        0.01962697]], dtype=float32), array([[0.02103878, 0.01962321, 0.01922557, ..., 0.0194572 , 0.02893308,
        0.01862807],
       [0.01972097, 0.01961204, 0.01958014, ..., 0.0195988 , 0.020227  ,
        0.01953105],
       [0.0193369 , 0.0195959 , 0.01967269, ..., 0.01962773, 0.0181951 ,
        0.01979169],
       ...,
       [0.01956129, 0.01960598, 0.01961913, ..., 0.01961144, 0.01935818,
        0.01963943],
       [0.02600342, 0.01808877, 0.01625858, ..., 0.01730546, 0.1367835 ,
        0.01379239],
       [0.01874997, 0.01956141, 0.01980651, ..., 0.01966276, 0.01544673,
        0.02019053]], dtype=float32)]",1,0,0,0,0,0,34.364999999999995,76.005,5.9103109980889453e-05,5000.0,-717500.0,0.00011767778720369134,5000.0,5.299999999999998,5.299999999999998,-717500.0,0.10203792843124841,0.6929817795753479,40.6745719909668,0.00565821398049593,0.0057258849199,-2.1834122776454024e-07,1.0,969.0,5.0,0.3432769477367401,53295,10659,-3.8610719066412e-09,5.960464477539062e-07,0.3541165590286255,12584,0.0,887.5491849209609,0,21318,106590,280500,20448,56100,4671.371315212916,21179171.026185825,13919271.897760667,10659,0.0,53295,0.0014190478375,0.0,7864,0.0057258849199,1.0,969.0,5.0,887.5629398787423,27.168093332126602,17.5,26000,0.27475512915675804,50,50,-0.1,3.0038668787766035e-05,-16.5,0.00016167585967508493,50.0,100,27.168093332126602,5.0,20,1000,0.012834869588259608,1.3415893569059123e-05,1000,5.796010854678638e-05,0.00011115840159255543,1000,-0.1,5000,-0.1,5000,7.2002255378913e-06,2.7716749795497155e-06,1.2407293496431316e-05,1.2293168237315984e-05,2.7803437147838234e-06,6.55507867152504e-06,8.063941836362329e-06,1.5350111179152883e-05,1.0774748148014567e-05,3.8794901859563824e-05,1.1888233551369098e-05,0.004898944027616867,0.00033377759876847735,0.03793139234589866,0.05577640961436455,0.001788328520529502,0.0010878432153574133,7.174009809147334e-05,51.0,63954,55.0,0.0,319770,969.0,-3.3629568463311443e-08,51.0,63954,-1.0371634218131476e-08,0.3589368,319770,0.370086133480072,2.9206275939941406e-06,969.0,1.0,55.0,0.6929817795753479,23.49452781677246,639540,127908,1683000,336600,54888.20472025869,1.2041188561432646e-05,6.9342099678678715e-06,1.178729262207177e-05,2.710538719654507e-06,2.734839489627007e-06,1.0116799679892244e-05,3.4604957553896326e-05,1.1618590611634812e-05,6.453735712715559e-06,7.715832577310908e-06,1.4891728714302974e-05
1,-960000.0,False,6,0461b_00000,2025-08-11_16-10-49,1754921449,13.804140090942383,83.81302762031555,4521,Mac,127.0.0.1,83.81302762031555,6,13.616281750863811,9.879478667383687e-06,13.616130826788458,1.3906407447933244,12.106418857855214,0.001009053794517116,5000.0,50,14.5,0.013504026539033391,1.384740300970342e-05,0.012871194186154759,4.644835788581709e-05,50.0,50,100.0,0.12491292022169018,3.899999999999998,-19200.0,27.16809333212661,2.9924812815023716e-05,5.0,27.16809333212661,-960000.0,-5.5,3556.4195655353788,5000.0,5100.0,"[array([[0.02116026, 0.01951652, 0.01996876, ..., 0.01978452, 0.0110715 ,
        0.01919254],
       [0.02010928, 0.01959181, 0.01973703, ..., 0.01967814, 0.01631936,
        0.01948636],
       [0.02040712, 0.01957575, 0.01980777, ..., 0.01971356, 0.01462472,
        0.01940792],
       ...,
       [0.02028664, 0.01958279, 0.01977967, ..., 0.01969977, 0.01528853,
        0.01944016],
       [0.01162341, 0.01662786, 0.01502395, ..., 0.01565339, 0.20463261,
        0.01790717],
       [0.01989135, 0.01960056, 0.0196825 , ..., 0.0196493 , 0.01767793,
        0.01954089]], dtype=float32), array([[0.02115058, 0.01998759, 0.01995962, ..., 0.01930056, 0.01106643,
        0.01918376],
       [0.0204203 , 0.01982168, 0.01980709, ..., 0.01946028, 0.01452334,
        0.01939823],
       [0.02040221, 0.01981728, 0.01980301, ..., 0.01946394, 0.01462121,
        0.01940326],
       ...,
       [0.01996821, 0.01970683, 0.0197004 , ..., 0.01954688, 0.01717106,
        0.01951926],
       [0.01164745, 0.01496194, 0.01505502, ..., 0.01746832, 0.20505577,
        0.0179442 ],
       [0.01988963, 0.01968583, 0.0196808 , ..., 0.01956082, 0.01767641,
        0.01953921]], dtype=float32), array([[0.02102564, 0.01923499, 0.01958909, ..., 0.01944504, 0.02948015,
        0.0189803 ],
       [0.01935893, 0.01966509, 0.01960195, ..., 0.01962747, 0.01823922,
        0.01971135],
       [0.01969949, 0.01958622, 0.01960938, ..., 0.01960001, 0.02013554,
        0.01956932],
       ...,
       [0.01956153, 0.01961865, 0.01960693, ..., 0.01961168, 0.01934615,
        0.01962722],
       [0.02567209, 0.01578151, 0.01743629, ..., 0.0167468 , 0.16285977,
        0.01467248],
       [0.01911104, 0.01972008, 0.0195937 , ..., 0.01964474, 0.01696499,
        0.01981294]], dtype=float32), array([[0.02100911, 0.01959554, 0.01919845, ..., 0.01905728, 0.02945698,
        0.01896538],
       [0.01971916, 0.01961024, 0.01957834, ..., 0.01956686, 0.02025629,
        0.01955934],
       [0.01934094, 0.0196    , 0.0196768 , ..., 0.01970456, 0.01813173,
        0.01972276],
       ...,
       [0.01920499, 0.0195949 , 0.019711  , ..., 0.01975302, 0.01742044,
        0.01978059],
       [0.02555653, 0.01746394, 0.01561499, ..., 0.01499752, 0.16212668,
        0.01460644],
       [0.01911609, 0.01959117, 0.01973304, ..., 0.01978443, 0.01696946,
        0.01981817]], dtype=float32), array([[0.02097826, 0.01919166, 0.01917027, ..., 0.01902929, 0.02941373,
        0.01893753],
       [0.01936671, 0.019673  , 0.01967687, ..., 0.01970248, 0.01824656,
        0.01971928],
       [0.01934658, 0.01967834, 0.01968253, ..., 0.0197103 , 0.01813702,
        0.01972851],
       ...,
       [0.01921347, 0.01971336, 0.01971971, ..., 0.01976175, 0.01742814,
        0.01978934],
       [0.0253993 , 0.01561382, 0.01551892, ..., 0.01490525, 0.1611292 ,
        0.01451657],
       [0.01912643, 0.01973595, 0.01974371, ..., 0.01979513, 0.01697864,
        0.01982889]], dtype=float32), array([[0.02100882, 0.01921961, 0.01919819, ..., 0.01942949, 0.02945657,
        0.01896511],
       [0.01936149, 0.01966769, 0.01967156, ..., 0.01963007, 0.01824164,
        0.01971396],
       [0.01934093, 0.01967259, 0.01967679, ..., 0.01963182, 0.01813173,
        0.01972275],
       ...,
       [0.01956202, 0.01961914, 0.01961986, ..., 0.01961216, 0.01934662,
        0.01962771],
       [0.02554825, 0.01570538, 0.01560993, ..., 0.01666602, 0.16207415,
        0.01460171],
       [0.01911606, 0.01972525, 0.019733  , ..., 0.01964989, 0.01696943,
        0.01981813]], dtype=float32), array([[0.02114015, 0.01997774, 0.01947068, ..., 0.01976572, 0.01106098,
        0.0191743 ],
       [0.02041509, 0.01981662, 0.01955041, ..., 0.01970571, 0.01451963,
        0.01939328],
       [0.02008511, 0.01973531, 0.01957832, ..., 0.01967001, 0.01642413,
        0.01948525],
       ...,
       [0.02027821, 0.01978354, 0.01956268, ..., 0.01969158, 0.01528218,
        0.01943208],
       [0.01166704, 0.01498712, 0.0167941 , ..., 0.01571215, 0.20540075,
        0.01797439],
       [0.01988789, 0.0196841 , 0.01959216, ..., 0.01964589, 0.01767487,
        0.0195375 ]], dtype=float32), array([[0.02100918, 0.0195956 , 0.01957376, ..., 0.01942982, 0.02945708,
        0.01896544],
       [0.01971916, 0.01961024, 0.0196085 , ..., 0.019597  , 0.02025629,
        0.01955934],
       [0.01969852, 0.01960983, 0.01960842, ..., 0.01959904, 0.02013455,
        0.01956836],
       ...,
       [0.01956202, 0.0196067 , 0.01960742, ..., 0.01961216, 0.01934663,
        0.01962771],
       [0.02556065, 0.01746676, 0.0173606 , ..., 0.0166741 , 0.1621528 ,
        0.01460879],
       [0.0191161 , 0.01959118, 0.01959888, ..., 0.01964993, 0.01696947,
        0.01981817]], dtype=float32), array([[0.0211874 , 0.02002239, 0.0195142 , ..., 0.0198099 , 0.01081947,
        0.01875565],
       [0.0204397 , 0.01984052, 0.01957398, ..., 0.01972947, 0.01435242,
        0.01916994],
       [0.02009962, 0.01974957, 0.01959246, ..., 0.01968421, 0.01631235,
        0.01935263],
       ...,
       [0.02029862, 0.01980345, 0.01958237, ..., 0.0197114 , 0.01513604,
        0.01924626],
       [0.0108507 , 0.01409997, 0.01588294, ..., 0.01481424, 0.24394804,
        0.01908452],
       [0.0195736 , 0.01959749, 0.01960837, ..., 0.01960201, 0.01985949,
        0.01962515]], dtype=float32), array([[0.02121719, 0.01956902, 0.01954164, ..., 0.01983775, 0.01083468,
        0.01878202],
       [0.02012738, 0.01960945, 0.0196006 , ..., 0.01969586, 0.01620655,
        0.01935166],
       [0.0201085 , 0.01960966, 0.01960113, ..., 0.01969292, 0.01631956,
        0.01936118],
       ...,
       [0.02031121, 0.0196065 , 0.01959452, ..., 0.01972362, 0.01514542,
        0.01925819],
       [0.01078736, 0.01568814, 0.01579023, ..., 0.01472777, 0.2425241 ,
        0.01897312],
       [0.01957299, 0.01960717, 0.01960777, ..., 0.0196014 , 0.01985888,
        0.01962455]], dtype=float32), array([[0.02116026, 0.01951652, 0.01996876, ..., 0.01978452, 0.0110715 ,
        0.01919254],
       [0.02010928, 0.01959181, 0.01973703, ..., 0.01967814, 0.01631936,
        0.01948636],
       [0.02040712, 0.01957575, 0.01980777, ..., 0.01971356, 0.01462472,
        0.01940792],
       ...,
       [0.02028664, 0.01958279, 0.01977967, ..., 0.01969977, 0.01528853,
        0.01944016],
       [0.01162341, 0.01662786, 0.01502395, ..., 0.01565339, 0.20463261,
        0.01790717],
       [0.01989135, 0.01960056, 0.0196825 , ..., 0.0196493 , 0.01767793,
        0.01954089]], dtype=float32)]",1,0,0,0,0,0,29.669999999999998,75.72,5.839962605722072e-05,5000.0,-960000.0,0.00011610183895638633,5000.0,3.899999999999998,3.899999999999998,-960000.0,0.10203770539680555,0.6930403113365173,28.67705726623535,0.002829106990247965,0.0057258849199,-5.5212723282238585e-09,1.0,969.0,6.0,0.32252582907676697,63954,10659,2.259304549001584e-10,7.748603820800781e-07,0.33295494318008423,12584,0.0,885.5620301677882,0,21318,127908,336600,20448,56100,4660.90980717931,20684529.227744583,13824376.64020967,10659,0.0,63954,0.0014190478375,0.0,7864,0.0057258849199,1.0,969.0,6.0,885.5750932642321,27.168093332126602,17.5,31000,0.2747336545261011,50,50,0.3,3.19989914134146e-05,-16.5,0.00016085785104860627,50.0,120,27.168093332126602,6.0,20,1000,0.012812402894487604,1.4221385127638617e-05,1000,6.00483287375139e-05,0.0001158035524530818,1000,0.3,6000,0.3,6000,6.936869962208984e-06,2.744159995487411e-06,1.2374331797965927e-05,1.2166614283550955e-05,2.7373683693457438e-06,6.484861433745268e-06,7.993868132047904e-06,1.5173002271963156e-05,1.0560259708864952e-05,3.817204096263572e-05,1.1774948922409155e-05,0.004893790426364512,0.0003337469026771234,0.037933751752415125,0.05578299676887127,0.0017849864845807882,0.0010879610322425653,7.154602705583976e-05,61.0,63954,66.0,0.0,383724,969.0,1.5058015945257353e-09,61.0,63954,1.4287661054268597e-09,0.3546649,383724,0.365729957818985,2.4437904357910156e-06,969.0,1.0,66.0,0.6930286288261414,20.346899032592773,767448,127908,2019600,336600,53973.733546774245,1.2552048330222468e-05,7.299443274306594e-06,1.2301961482847715e-05,2.8743462992800076e-06,2.91053951803604e-06,1.0415631119360956e-05,3.750072068394281e-05,1.1986870461305639e-05,6.518565825365222e-06,7.948707508236135e-06,1.543322732902516e-05
1,-1202500.0,True,7,0461b_00000,2025-08-11_16-11-04,1754921464,15.231564998626709,99.04459261894226,4521,Mac,127.0.0.1,99.04459261894226,7,13.62960955252542,9.836513176598394e-06,13.629458380190824,1.391748364015642,12.11860256260707,0.0010069928462342731,5000.0,50,14.5,0.013478267760349523,1.4134476307450137e-05,0.01307293712743558,4.5582587368988474e-05,50.0,50,100.0,0.12511126556473257,6.299999999999996,-24050.0,27.16809333212661,3.0044436023901937e-05,6.0,27.16809333212661,-1202500.0,-5.5,3517.0499951351085,5000.0,5100.0,"[array([[0.02103247, 0.01961732, 0.0192198 , ..., 0.01907847, 0.02948974,
        0.01898647],
       [0.01972094, 0.01961201, 0.01958011, ..., 0.01956862, 0.02025812,
        0.0195611 ],
       [0.01933671, 0.01959572, 0.0196725 , ..., 0.01970025, 0.01812777,
        0.01971845],
       ...,
       [0.01919864, 0.01958842, 0.01970448, ..., 0.01974649, 0.01741468,
        0.01977405],
       [0.02568305, 0.01755041, 0.01569229, ..., 0.01507177, 0.16292933,
        0.01467875],
       [0.01910836, 0.01958325, 0.01972506, ..., 0.01977644, 0.01696261,
        0.01981016]], dtype=float32), array([[0.02101593, 0.01960189, 0.01920468, ..., 0.01906346, 0.02946654,
        0.01897153],
       [0.01971975, 0.01961083, 0.01957893, ..., 0.01956744, 0.0202569 ,
        0.01955992],
       [0.0193395 , 0.01959854, 0.01967533, ..., 0.01970309, 0.01813038,
        0.01972129],
       ...,
       [0.01920279, 0.01959266, 0.01970875, ..., 0.01975077, 0.01741845,
        0.01977834],
       [0.02556879, 0.01747232, 0.01562248, ..., 0.01500471, 0.16220444,
        0.01461344],
       [0.0191134 , 0.01958842, 0.01973026, ..., 0.01978165, 0.01696708,
        0.01981538]], dtype=float32), array([[0.02099722, 0.019209  , 0.01956262, ..., 0.01904649, 0.02887592,
        0.01859128],
       [0.01936418, 0.01967043, 0.01960728, ..., 0.01969991, 0.01830654,
        0.0197841 ],
       [0.01969756, 0.01958431, 0.01960747, ..., 0.01957353, 0.02010834,
        0.01954289],
       ...,
       [0.01920943, 0.01970921, 0.01960574, ..., 0.01975759, 0.01752207,
        0.01989599],
       [0.02571744, 0.01617349, 0.01778618, ..., 0.01547312, 0.1352792 ,
        0.01364071],
       [0.01877104, 0.01981531, 0.01959667, ..., 0.01991797, 0.01546408,
        0.02021321]], dtype=float32), array([[0.02102545, 0.01923483, 0.01958892, ..., 0.0190721 , 0.02947989,
        0.01898013],
       [0.01935892, 0.01966508, 0.01960195, ..., 0.01969456, 0.01823922,
        0.01971135],
       [0.01969949, 0.01958622, 0.01960938, ..., 0.01957545, 0.02013554,
        0.01956932],
       ...,
       [0.01920081, 0.01970037, 0.01959694, ..., 0.01974873, 0.01741665,
        0.01977629],
       [0.02566496, 0.01577713, 0.01743145, ..., 0.01506115, 0.16281453,
        0.01466841],
       [0.01911103, 0.01972006, 0.01959368, ..., 0.01977919, 0.01696497,
        0.01981292]], dtype=float32), array([[0.02120931, 0.0200431 , 0.01953438, ..., 0.01935416, 0.01109716,
        0.01923703],
       [0.02045058, 0.01985108, 0.0195844 , ..., 0.01948913, 0.01454488,
        0.01942699],
       [0.02010581, 0.01975565, 0.0195985 , ..., 0.01954215, 0.01644106,
        0.01950534],
       ...,
       [0.01998143, 0.01971988, 0.01960211, ..., 0.01955983, 0.01718244,
        0.01953218],
       [0.0115099 , 0.01478526, 0.01656791, ..., 0.01726204, 0.2026343 ,
        0.0177323 ],
       [0.01989994, 0.01969603, 0.01960403, ..., 0.01957096, 0.01768557,
        0.01954934]], dtype=float32), array([[0.02100451, 0.01959125, 0.01956941, ..., 0.01905311, 0.02888595,
        0.01859773],
       [0.01971858, 0.01960966, 0.01960792, ..., 0.01956628, 0.02022454,
        0.01952868],
       [0.01969804, 0.01960936, 0.01960795, ..., 0.01957401, 0.02010883,
        0.01954336],
       ...,
       [0.01920727, 0.01959723, 0.01960354, ..., 0.01975538, 0.0175201 ,
        0.01989376],
       [0.02574593, 0.01790965, 0.01780588, ..., 0.01549025, 0.13542902,
        0.01365582],
       [0.01876647, 0.01957862, 0.01959191, ..., 0.01991314, 0.01546032,
        0.02020829]], dtype=float32), array([[0.02102131, 0.01923104, 0.01958506, ..., 0.01906834, 0.02890905,
        0.0186126 ],
       [0.01936031, 0.01966649, 0.01960335, ..., 0.01969596, 0.01830287,
        0.01978013],
       [0.01969901, 0.01958576, 0.01960891, ..., 0.01957498, 0.02010982,
        0.01954433],
       ...,
       [0.01920314, 0.01970276, 0.01959932, ..., 0.01975112, 0.01751633,
        0.01988947],
       [0.02586507, 0.01626633, 0.01788828, ..., 0.01556194, 0.13605575,
        0.01371901],
       [0.01875811, 0.01980167, 0.01958318, ..., 0.01990426, 0.01545343,
        0.02019928]], dtype=float32), array([[0.02125825, 0.0196069 , 0.02006123, ..., 0.01939882, 0.01085565,
        0.01881837],
       [0.02013982, 0.01962157, 0.01976702, ..., 0.01955419, 0.01621657,
        0.01936362],
       [0.02045629, 0.01962292, 0.0198555 , ..., 0.01951553, 0.01447781,
        0.01921296],
       ...,
       [0.0199924 , 0.01961927, 0.01972426, ..., 0.01957056, 0.01709477,
        0.01943253],
       [0.01071589, 0.0155842 , 0.01401541, ..., 0.01637367, 0.2409173 ,
        0.01884742],
       [0.01957219, 0.01960636, 0.01959668, ..., 0.01961088, 0.01985806,
        0.01962374]], dtype=float32), array([[0.02112709, 0.0199654 , 0.01945866, ..., 0.01975351, 0.01105414,
        0.01916246],
       [0.02040916, 0.01981088, 0.01954474, ..., 0.01969999, 0.01451542,
        0.01938765],
       [0.02008186, 0.01973212, 0.01957515, ..., 0.01966682, 0.01642147,
        0.0194821 ],
       ...,
       [0.02027344, 0.01977888, 0.01955808, ..., 0.01968695, 0.01527858,
        0.01942751],
       [0.0116592 , 0.01497704, 0.01678281, ..., 0.01570159, 0.20526265,
        0.0179623 ],
       [0.01988607, 0.0196823 , 0.01959036, ..., 0.01964409, 0.01767325,
        0.01953571]], dtype=float32), array([[0.02122743, 0.01957847, 0.01955107, ..., 0.01937069, 0.01083991,
        0.01879109],
       [0.02013049, 0.01961248, 0.01960363, ..., 0.01954514, 0.01620906,
        0.01935465],
       [0.02011149, 0.01961257, 0.01960404, ..., 0.01954767, 0.01632199,
        0.01936407],
       ...,
       [0.01998571, 0.01961271, 0.01960631, ..., 0.01956401, 0.01708906,
        0.01942604],
       [0.01077025, 0.01566326, 0.01576519, ..., 0.01645673, 0.24213941,
        0.01894303],
       [0.01957279, 0.01960697, 0.01960756, ..., 0.01961149, 0.01985868,
        0.01962434]], dtype=float32), array([[0.02113653, 0.01997432, 0.01994636, ..., 0.01976234, 0.01079349,
        0.01871062],
       [0.02041395, 0.01981552, 0.01980093, ..., 0.01970461, 0.01433434,
        0.01914578],
       [0.02039603, 0.01981127, 0.01979701, ..., 0.01970285, 0.01443516,
        0.01915637],
       ...,
       [0.02027741, 0.01978276, 0.01977066, ..., 0.0196908 , 0.01512022,
        0.01922614],
       [0.01094091, 0.01421719, 0.01430971, ..., 0.01493741, 0.24597616,
        0.01924318],
       [0.0195746 , 0.01959851, 0.0195991 , ..., 0.01960302, 0.01986052,
        0.01962616]], dtype=float32)]",1,0,0,0,0,0,40.07142857142858,75.4,5.9077301850994914e-05,5000.0,-1202500.0,0.00011813185749148052,5000.0,6.299999999999996,6.299999999999996,-1202500.0,0.10203734626220096,0.6930287480354309,31.217754364013672,0.0014145534951239824,0.0057258849199,-4.228792818139482e-07,1.0,969.0,7.0,0.3224058747291565,74613,10659,5.387595702899262e-09,5.364418029785156e-07,0.3328329622745514,12584,0.0,881.8347217551498,0,21318,149226,392700,20448,56100,4641.289630880353,20202709.9673356,13729940.697583452,10659,0.0,74613,0.0014190478375,0.0,7864,0.0057258849199,1.0,969.0,7.0,881.8471182715284,27.168093332126602,17.5,36000,0.27472800214010407,50,50,0.3,3.0496067321971878e-05,-16.5,0.00016012010221905476,50.0,140,27.168093332126602,7.0,20,1000,0.012857861225493252,1.3518007907261956e-05,1000,5.771082684270888e-05,0.00011166347643990473,1000,0.3,7000,0.3,7000,6.9988847273053674e-06,2.770252777388317e-06,1.2492316679236868e-05,1.2359222672633334e-05,2.7735025783538675e-06,6.535421173039157e-06,8.075830490437496e-06,1.534373915694709e-05,1.100436441134762e-05,3.9012719240840705e-05,1.1941431701630777e-05,0.0048894037716943626,0.00033363152337683,0.03793533423549812,0.055789877221040424,0.0017815862093879208,0.0010879372624392103,7.133222718255764e-05,71.0,63954,77.0,0.0,447678,969.0,-7.501401455556334e-07,71.0,63954,1.4866639030941542e-09,0.35786763,447678,0.36899659037590027,2.682209014892578e-06,969.0,1.0,77.0,0.692993700504303,22.70563316345215,895356,127908,2356200,336600,53037.718277982305,1.2117123219001953e-05,6.9483998212856275e-06,1.1719794830757576e-05,2.7227685755486614e-06,2.738716737882746e-06,1.0118654980763244e-05,3.527724462661536e-05,1.1602608206597378e-05,6.429441586579382e-06,7.75211035167439e-06,1.4884588066591852e-05
