num_training_step_calls_per_iteration,num_env_steps_sampled_lifetime,done,training_iteration,trial_id,date,timestamp,time_this_iter_s,time_total_s,pid,hostname,node_ip,time_since_restore,iterations_since_restore,timers/training_iteration,timers/restore_env_runners,timers/training_step,timers/env_runner_sampling_timer,timers/learner_update_timer,timers/synch_weights,env_runners/time_between_sampling,env_runners/num_env_steps_sampled_lifetime,env_runners/episode_return_min,env_runners/weights_seq_no,env_runners/num_episodes,env_runners/env_reset_timer,env_runners/env_to_module_sum_episodes_length_out,env_runners/num_env_steps_sampled,env_runners/env_step_timer,env_runners/episode_return_mean,env_runners/episode_return_max,env_runners/episode_len_min,env_runners/rlmodule_inference_timer,env_runners/num_episodes_lifetime,env_runners/episode_duration_sec_mean,env_runners/env_to_module_sum_episodes_length_in,env_runners/episode_len_max,env_runners/episode_len_mean,env_runners/sample,env_runners/num_env_steps_sampled_lifetime_throughput,evaluation/num_healthy_workers,evaluation/actor_manager_num_outstanding_async_reqs,evaluation/num_remote_worker_restarts,fault_tolerance/num_healthy_workers,fault_tolerance/num_remote_worker_restarts,env_runner_group/actor_manager_num_outstanding_async_reqs,perf/cpu_util_percent,perf/ram_util_percent,env_runners/module_to_env_connector/connector_pipeline_timer,env_runners/env_to_module_connector/connector_pipeline_timer,env_runners/num_module_steps_sampled_lifetime/default_policy,env_runners/num_agent_steps_sampled_lifetime/default_agent,env_runners/module_episode_returns_mean/default_policy,env_runners/agent_episode_returns_mean/default_agent,env_runners/num_module_steps_sampled/default_policy,env_runners/num_agent_steps_sampled/default_agent,learners/__all_modules__/num_module_steps_trained_lifetime,learners/__all_modules__/num_module_steps_trained,learners/__all_modules__/num_env_steps_trained,learners/__all_modules__/learner_connector_sum_episodes_length_out,learners/__all_modules__/learner_connector_sum_episodes_length_in,learners/__all_modules__/num_env_steps_trained_lifetime,learners/__all_modules__/num_trainable_parameters,learners/__all_modules__/num_non_trainable_parameters,learners/__all_modules__/num_env_steps_trained_lifetime_throughput,learners/__all_modules__/num_module_steps_trained_throughput,learners/__all_modules__/num_module_steps_trained_lifetime_throughput,learners/default_policy/module_train_batch_size_mean,learners/default_policy/total_loss,learners/default_policy/vf_explained_var,learners/default_policy/mean_kl_loss,learners/default_policy/num_module_steps_trained_lifetime,learners/default_policy/num_module_steps_trained,learners/default_policy/weights_seq_no,learners/default_policy/diff_num_grad_updates_vs_sampler_policy,learners/default_policy/vf_loss,learners/default_policy/curr_kl_coeff,learners/default_policy/curr_entropy_coeff,learners/default_policy/vf_loss_unclipped,learners/default_policy/default_optimizer_learning_rate,learners/default_policy/num_trainable_parameters,learners/default_policy/entropy,learners/default_policy/gradients_default_optimizer_global_norm,learners/default_policy/policy_loss,learners/default_policy/num_module_steps_trained_lifetime_throughput,evaluation/env_runners/episode_len_mean,evaluation/env_runners/sample,evaluation/env_runners/num_env_steps_sampled_lifetime,evaluation/env_runners/env_reset_timer,evaluation/env_runners/env_step_timer,evaluation/env_runners/rlmodule_inference_timer,evaluation/env_runners/env_to_module_sum_episodes_length_in,evaluation/env_runners/env_to_module_sum_episodes_length_out,evaluation/env_runners/episode_return_mean,evaluation/env_runners/episode_len_min,evaluation/env_runners/episode_duration_sec_mean,evaluation/env_runners/episode_return_min,evaluation/env_runners/weights_seq_no,evaluation/env_runners/num_episodes,evaluation/env_runners/num_episodes_lifetime,evaluation/env_runners/episode_len_max,evaluation/env_runners/num_env_steps_sampled,evaluation/env_runners/episode_return_max,learners/__all_modules__/learner_connector/connector_pipeline_timer,evaluation/env_runners/agent_episode_returns_mean/default_agent,evaluation/env_runners/module_to_env_connector/connector_pipeline_timer,evaluation/env_runners/num_agent_steps_sampled/default_agent,evaluation/env_runners/num_module_steps_sampled/default_policy,evaluation/env_runners/env_to_module_connector/connector_pipeline_timer,evaluation/env_runners/num_module_steps_sampled_lifetime/default_policy,evaluation/env_runners/num_agent_steps_sampled_lifetime/default_agent,evaluation/env_runners/module_episode_returns_mean/default_policy,env_runners/module_to_env_connector/timers/connectors/tensor_to_numpy,env_runners/module_to_env_connector/timers/connectors/listify_data_for_vector_env,env_runners/module_to_env_connector/timers/connectors/remove_single_ts_time_rank_from_batch,env_runners/module_to_env_connector/timers/connectors/get_actions,env_runners/module_to_env_connector/timers/connectors/normalize_and_clip_actions,env_runners/module_to_env_connector/timers/connectors/un_batch_to_individual_items,env_runners/env_to_module_connector/timers/connectors/add_observations_from_episodes_to_batch,env_runners/env_to_module_connector/timers/connectors/add_time_dim_to_batch_and_zero_pad,env_runners/env_to_module_connector/timers/connectors/batch_individual_items,env_runners/env_to_module_connector/timers/connectors/numpy_to_tensor,env_runners/env_to_module_connector/timers/connectors/add_states_from_episodes_to_batch,learners/__all_modules__/learner_connector/timers/connectors/numpy_to_tensor,learners/__all_modules__/learner_connector/timers/connectors/add_states_from_episodes_to_batch,learners/__all_modules__/learner_connector/timers/connectors/add_one_ts_to_episodes_and_truncate,learners/__all_modules__/learner_connector/timers/connectors/general_advantage_estimation,learners/__all_modules__/learner_connector/timers/connectors/batch_individual_items,learners/__all_modules__/learner_connector/timers/connectors/add_columns_from_episodes_to_train_batch,learners/__all_modules__/learner_connector/timers/connectors/add_observations_from_episodes_to_batch,learners/__all_modules__/learner_connector/timers/connectors/add_time_dim_to_batch_and_zero_pad,evaluation/env_runners/module_to_env_connector/timers/connectors/remove_single_ts_time_rank_from_batch,evaluation/env_runners/module_to_env_connector/timers/connectors/normalize_and_clip_actions,evaluation/env_runners/module_to_env_connector/timers/connectors/tensor_to_numpy,evaluation/env_runners/module_to_env_connector/timers/connectors/listify_data_for_vector_env,evaluation/env_runners/module_to_env_connector/timers/connectors/un_batch_to_individual_items,evaluation/env_runners/module_to_env_connector/timers/connectors/get_actions,evaluation/env_runners/env_to_module_connector/timers/connectors/batch_individual_items,evaluation/env_runners/env_to_module_connector/timers/connectors/add_observations_from_episodes_to_batch,evaluation/env_runners/env_to_module_connector/timers/connectors/add_time_dim_to_batch_and_zero_pad,evaluation/env_runners/env_to_module_connector/timers/connectors/numpy_to_tensor,evaluation/env_runners/env_to_module_connector/timers/connectors/add_states_from_episodes_to_batch
1,627500.0,False,1,497dd_00000,2025-08-11_19-33-04,1754933584,3.633349895477295,3.633349895477295,25863,Mac,127.0.0.1,3.633349895477295,1,3.4224810829618946,3.074994310736656e-05,3.422215541009791,3.26713466597721,0.1491537499241531,0.0013662080746144056,0.0011230603376780137,627500.0,-9.5,0.0,250.0,0.00014042554408722854,10.191744832559449,5000.0,3.6261250700251544e-05,0.17999999999999997,10.5,20,9.827317522655532e-05,31375.0,0.011054603334981948,10.191744832559449,20,20.0,0.014957003974600864,1871.5512600953462,1,0,0,0,0,0,66.06666666666666,78.2,0.00026684711567761805,9.627145579612098e-05,627500.0,627500.0,0.17999999999999997,0.17999999999999997,5000.0,5000.0,6000,6000,31500,5250,5000,31500,6003,0,1851497.175173276,354447.4892820906,353807.18321983994,1000.0,0.12544988,-0.010670662,0.0010261085,6000,6000,1.0,1.0,0.102780834,0.3732481598854065,0.0090570820258,28.942137,0.0002847858517,6003,0.6878411,0.12170832,0.06217312,355338.38230020925,20.0,0.20152316708117723,5400,0.00014520797412842512,2.1684191593090054e-05,4.5226706589492615e-05,10.216013141322508,10.216013141322508,-2.95,20,0.009187733312137425,-11.5,1.0,20,20,20,400,12.5,0.11528329201973975,-2.95,0.00016193534221177423,400,400,6.213405024422932e-05,400,400,-2.95,3.161270972784937e-05,2.5146878662275808e-05,1.3268416621536728e-06,0.00011249266276144793,3.032134536780348e-05,1.215809896077739e-05,6.660104278627895e-06,5.725304249931715e-06,1.4718217042001744e-05,2.2149425745439328e-05,3.033952160822819e-06,7.937499321997166e-05,3.875000402331352e-06,0.012527834041975439,0.009022917016409338,0.04303329100366682,0.04933662503026426,0.0010477920295670629,1.2916047126054764e-05,9.676303400379212e-07,1.4784664788197723e-05,2.139858324645807e-05,1.5641759181336504e-05,7.414316763535668e-06,6.621535517100277e-05,9.096065222393947e-06,3.8106986884023967e-06,3.3787033471947468e-06,1.4482043695896527e-05,2.1022657379601795e-06
1,10000.0,False,2,497dd_00000,2025-08-11_19-33-07,1754933587,2.878077268600464,6.511427164077759,25863,Mac,127.0.0.1,6.511427164077759,2,3.414495625052368,3.0692443251609804e-05,3.4142291251791175,3.2576957968168427,0.15062943117460237,0.0013595976633951068,0.0026357358073566288,10000.0,-9.5,1.0,250.0,8.49138012368447e-05,10.36823839457432,5000.0,2.4679405741258065e-05,0.3400000000000001,10.5,20,5.1229562122109094e-05,500.0,0.00771156498650089,10.36823839457432,20,20.0,0.009747483135528345,2431.38747925009,1,0,0,0,0,0,71.60000000000001,77.825,0.00018268669506936352,7.032853511725951e-05,10000.0,10000.0,0.3400000000000001,0.3400000000000001,5000.0,5000.0,12000,6000,31500,5250.0,5000.0,63000,6003,0,1847933.1368626347,353746.2423710417,353113.4367408595,1000.0,0.060141224,-0.010760307,4.5247776e-05,12000,6000,2.0,1.0,0.102780834,0.18662407994270325,0.0090570820258,28.860502,0.0002847858517,6003,0.6892082,0.019594254,-0.0023740577,354619.17556661856,20.0,0.20197459041024557,10400,0.00014473506482318044,2.9066064108631014e-05,6.206617316322996e-05,10.366003441359926,10.366003441359926,-1.45,20,0.010273684380808844,-11.5,2.0,20,40,20,400,12.5,0.11690272117964924,-1.45,0.00020495482189372946,400,400,7.859891202795038e-05,800,800,-1.45,2.2770422885778577e-05,1.8460920446367142e-05,9.071169960463284e-07,7.598903881051361e-05,1.530577909818287e-05,8.65227054638358e-06,4.660331236805907e-06,3.990561178684904e-06,1.1083432743923507e-05,1.580081575426403e-05,2.5711747906997346e-06,7.938666269183159e-05,3.877499839290977e-06,0.012556481951614842,0.00901468742522411,0.04453925600391812,0.04942371878074482,0.0010536874399986117,1.292772707529366e-05,1.0124647974825167e-06,1.6680317725420643e-05,2.649162771956988e-05,2.0176405094481374e-05,1.035235691051142e-05,8.523695015514899e-05,1.165963527305094e-05,5.463202547321754e-06,4.3696091382900465e-06,1.843647642982563e-05,2.882882466882715e-06
1,-607500.0,False,3,497dd_00000,2025-08-11_19-33-10,1754933590,3.1553659439086914,9.66679310798645,25863,Mac,127.0.0.1,9.66679310798645,3,3.4098649700523005,3.0468439124524595e-05,3.4095981539269093,3.2531103109285584,0.15058863478314596,0.0013579779362771658,0.003304717756126771,-607500.0,-9.5,2.0,250.0,8.63508701762947e-05,10.36823839457432,5000.0,2.912341016706067e-05,1.3000000000000003,10.5,20,5.931680990402085e-05,-30375.0,0.009260239029303192,10.36823839457432,20,20.0,0.009482334064643376,2094.1841074145677,1,0,0,0,0,0,79.8,77.75,0.00021672457710286363,8.145918689115261e-05,-607500.0,-607500.0,1.3000000000000003,1.3000000000000003,5000.0,5000.0,18000,6000,31500,5250.0,5000.0,94500,6003,0,1841277.0376542762,352432.73601221945,351814.5579656579,1000.0,0.35324287,-0.01049304,0.0007080155,18000,6000,3.0,1.0,0.102780834,0.09331203997135162,0.0090570820258,29.15908,0.0002847858517,6003,0.6848848,0.044358816,0.2905732,353264.1175153917,20.0,0.2018941045065061,15400,0.000144127714750357,3.974278858012713e-05,6.362178477695392e-05,10.368205581254823,10.368205581254823,-0.95,20,0.009819801388463627,-12.5,3.0,20,60,20,400,14.5,0.1169742497981526,-0.95,0.00023817343436572817,400,400,8.563904837694981e-05,1200,1200,-0.95,2.7458881461683582e-05,2.1694282386412193e-05,1.0043152372393158e-06,9.144448323752586e-05,1.824836512503525e-05,9.940349747459211e-06,5.439016879474404e-06,4.7185309725883626e-06,1.325655736045516e-05,1.861365841781773e-05,2.8914947499179064e-06,7.998196613043547e-05,3.874974243808538e-06,0.012594943382230122,0.009015904301370028,0.04453945511387428,0.04945460117349867,0.0010544963947148062,1.293344966834411e-05,1.3200280028865413e-06,2.1929952510448414e-05,2.716378408140379e-05,2.65569832373543e-05,1.122565031421125e-05,9.764366623425742e-05,1.3330705697175099e-05,6.036320391773863e-06,4.534482938085694e-06,1.9103003154682024e-05,2.6349301798694982e-06
1,-1225000.0,False,4,497dd_00000,2025-08-11_19-33-13,1754933593,2.9515106678009033,12.618303775787354,25863,Mac,127.0.0.1,12.618303775787354,4,3.4035725686813576,3.023875414021313e-05,3.4033054498866826,3.246861526149177,0.15055562593566044,0.0013545235774363388,0.003138583466343572,-1225000.0,-9.5,3.0,250.0,8.3548926241998e-05,10.36823839457432,5000.0,2.6277493134895768e-05,2.259999999999999,10.5,20,5.4563494801551415e-05,-61250.0,0.008344758167862893,10.36823839457432,20,20.0,0.009294301638412541,2277.8713898324377,1,0,0,0,0,0,74.32,77.74,0.00019338721865612657,7.42999717445246e-05,-1225000.0,-1225000.0,2.259999999999999,2.259999999999999,5000.0,5000.0,24000,6000,31500,5250.0,5000.0,126000,6003,0,1830147.4119962833,350254.151382784,349654.82935628085,1000.0,0.15174606,-0.0108418465,0.0009349098,24000,6000,4.0,1.0,0.102780834,0.04665601998567581,0.0090570820258,28.754053,0.0002847858517,6003,0.6782488,0.053042114,0.08906118,351039.0220835231,20.0,0.2014382063712793,20400,0.0001453793579915073,2.7773437831328284e-05,5.988797928001956e-05,10.368237912813044,10.368237912813044,-0.7,20,0.00914414424187271,-12.5,4.0,20,80,20,400,14.5,0.11705032480033767,-0.7,0.0001744240357787096,400,400,7.240707985926003e-05,1600,1600,-0.7,2.451718958726386e-05,1.952200613654273e-05,9.282516332022354e-07,8.077756636071437e-05,1.6089587132333293e-05,9.02267002406753e-06,5.080860290812152e-06,4.119889030359829e-06,1.2011086003202062e-05,1.6643606307163157e-05,2.666294177585149e-06,7.989089691825211e-05,3.883725445135496e-06,0.012618534368796624,0.009000271088925075,0.044567246392786614,0.04948498891087505,0.0010644297706334618,1.2932034655590542e-05,7.707184047169833e-07,1.4530563239237068e-05,1.973895659298835e-05,1.6068185634688013e-05,8.75717087605441e-06,7.512506211714187e-05,1.2220378143936282e-05,3.988943186961179e-06,4.044793141641777e-06,1.548620802905855e-05,3.0560125270295397e-06
1,-1842500.0,False,5,497dd_00000,2025-08-11_19-33-17,1754933597,3.3970601558685303,16.015363931655884,25863,Mac,127.0.0.1,16.015363931655884,5,3.401324875914411,3.0076366500686853e-05,3.4010551362173285,3.244576785468229,0.15058990050601917,0.0013573608424240953,0.002738497998584698,-1842500.0,-9.5,4.0,250.0,8.544961108599721e-05,10.36823839457432,5000.0,3.0684026503262495e-05,1.1400000000000001,10.5,20,9.613005893894205e-05,-92125.0,0.01016146904882044,10.36823839457432,20,20.0,0.00976162682563564,2132.860817382817,1,0,0,0,0,0,81.25,78.15,0.00022031788423592185,8.532812351161732e-05,-1842500.0,-1842500.0,1.1400000000000001,1.1400000000000001,5000.0,5000.0,30000,6000,31500,5250.0,5000.0,157500,6003,0,1810289.8610333477,346409.0257022257,345830.5795969785,1000.0,0.26318654,-0.010644197,0.0014776266,30000,6000,5.0,1.0,0.102780834,0.023328009992837906,0.0090570820258,29.06503,0.0002847858517,6003,0.66616386,0.051883306,0.20041052,347147.1911166733,20.0,0.2014409422174208,25400,0.00014493597489924405,5.501533929564548e-05,9.257394227966449e-05,10.368238387501162,10.368238387501162,-0.15,20,0.009157361636171117,-12.5,5.0,20,100,20,400,14.5,0.1170404848825633,-0.15,0.00032736125675723074,400,400,0.00012452584641598426,2000,2000,-0.15,2.811915725386776e-05,2.13910877529241e-05,1.1303038743539663e-06,9.495684966822268e-05,1.7813740434134877e-05,9.976745561168162e-06,5.741869352865789e-06,4.7419110558337416e-06,1.3633501029321225e-05,1.9882853700844463e-05,3.0853988029963558e-06,7.980906791446731e-05,3.877387856078566e-06,0.012593239445253082,0.008991522128285568,0.044531524348420684,0.049547519441689294,0.0010628213030802794,1.2908134203715018e-05,1.578639823227632e-06,2.5155153469561036e-05,4.075623317431294e-05,3.443549097876851e-05,1.6186015517152474e-05,0.00014181284254105524,2.2318099764988058e-05,7.870619340963929e-06,9.384671972836236e-06,2.6687902146113554e-05,3.8067638898703017e-06
1,-2460000.0,False,6,497dd_00000,2025-08-11_19-33-20,1754933600,3.4874610900878906,19.502825021743774,25863,Mac,127.0.0.1,19.502825021743774,6,3.400262517575737,2.984352302689347e-05,3.3999930736054176,3.2422440922033005,0.15188264484131564,0.0013533459831522017,0.002915626178403122,-2460000.0,-9.5,5.0,250.0,9.255385828089704e-05,10.36823839457432,5000.0,3.20548304549675e-05,2.58,10.5,20,6.857771669007483e-05,-123000.0,0.010158359519671646,10.36823839457432,20,20.0,0.011597824581696333,2015.0778482119679,1,0,0,0,0,0,80.08,78.76,0.00023720252973189216,8.909055963157235e-05,-2460000.0,-2460000.0,2.58,2.58,5000.0,5000.0,36000,6000,31500,5250.0,5000.0,189000,6003,0,1799346.7786823213,344263.5353791049,343704.8290155311,1000.0,0.024016967,-0.010707617,0.0018115785,36000,6000,6.0,1.0,0.102780834,0.011664004996418953,0.0090570820258,28.573689,0.0002847858517,6003,0.64654946,0.051818483,-0.038910054,344952.9438434677,20.0,0.20126740237471077,30400,0.00014466661482212805,2.9954399795796988e-05,5.5473971026081525e-05,10.368238394470474,10.368238394470474,0.05,20,0.008990322893951089,-12.5,6.0,20,120,20,400,14.5,0.11849965961412663,0.05,0.00018543815091841463,400,400,8.31291758817557e-05,2400,2400,0.05,2.8723742576404246e-05,2.367551036187481e-05,1.1288505151857711e-06,0.0001033589301794017,1.9873201895171653e-05,1.0963165426802497e-05,5.936865607183599e-06,5.0906890932527135e-06,1.4689614511799849e-05,2.0763939700596227e-05,3.196664569090926e-06,7.97343180167282e-05,3.879024064030346e-06,0.012664831640985464,0.008971891067322428,0.04589425077436483,0.04958554716640615,0.0010694276799540234,1.2945303254472476e-05,1.1088086305196414e-06,1.5036668910210984e-05,2.2328379789075413e-05,1.8351185824747585e-05,8.381954638656248e-06,7.596686408443683e-05,1.612598619378981e-05,4.874329082720331e-06,5.624016152898489e-06,1.6883071912540868e-05,2.9715642403978314e-06
1,-3077500.0,False,7,497dd_00000,2025-08-11_19-33-23,1754933603,2.740386962890625,22.2432119846344,25863,Mac,127.0.0.1,22.2432119846344,7,3.3923317482297755,2.9611757687281604e-05,3.392062092869117,3.23457853212039,0.15162681798315591,0.001347060863728066,0.0030466949830919407,-3077500.0,-9.5,6.0,250.0,8.267160776955703e-05,10.36823839457432,5000.0,2.6043543308933187e-05,3.7,10.5,20,5.327660755407673e-05,-153875.0,0.00821823369106278,10.36823839457432,20,20.0,0.009244209966893947,2378.2037436399787,1,0,0,0,0,0,76.79999999999998,79.425,0.00019006252798633297,7.384509568933692e-05,-3077500.0,-3077500.0,3.7,3.7,5000.0,5000.0,42000,6000,31500,5250.0,5000.0,220500,6003,0,1791735.3369755566,342752.74737286463,342213.75638199796,1000.0,0.24163073,-0.010732293,0.00035054117,42000,6000,7.0,1.0,0.102780834,0.0058320024982094765,0.0090570820258,28.703518,0.0002847858517,6003,0.6365111,0.12011439,0.17865099,343395.81353615137,20.0,0.20050416669127366,35400,0.00014437744875653373,1.810955828111444e-05,3.2559361152575115e-05,10.368238394572801,10.368238394572801,-0.35,20,0.007855623317882419,-12.5,7.0,20,140,20,400,14.5,0.11840375176712586,-0.35,0.00012260912186253385,400,400,5.1588827417901855e-05,2800,2800,-0.35,2.3997074811005688e-05,1.914918402776857e-05,9.668740654188254e-07,7.903316027587165e-05,1.5806188892538605e-05,8.778960567556917e-06,4.687326176247299e-06,4.158059158269523e-06,1.1506496833256268e-05,1.7266134323950407e-05,2.8787841385203304e-06,7.958739422452733e-05,3.876073444367683e-06,0.012725380405388958,0.008943362155754612,0.045821359517010024,0.049529005024731176,0.0010714325627152082,1.2922930199097385e-05,6.4770898183453e-07,1.0851080171384907e-05,1.5239901704825554e-05,1.2883052641840734e-05,6.591947163702755e-06,4.79424762665537e-05,7.996487727371812e-06,3.4695387366088734e-06,3.037955454669364e-06,1.0181529864280508e-05,1.978979144845982e-06
1,-3695000.0,False,8,497dd_00000,2025-08-11_19-33-26,1754933606,2.78383207321167,25.02704405784607,25863,Mac,127.0.0.1,25.02704405784607,8,3.3846966044979863,2.937980939995301e-05,3.38442750027064,3.2270836334588826,0.15150661355346845,0.0013421235854921912,0.0022591640933493848,-3695000.0,-9.5,7.0,250.0,7.713652976027155e-05,10.36823839457432,5000.0,2.5582830548514353e-05,5.14,10.5,20,7.171252724431884e-05,-184750.0,0.008389513874426484,10.36823839457432,20,20.0,0.008870360382159586,2403.871029892144,1,0,0,0,0,0,35.95,79.825,0.00018158410437948773,7.196078156300859e-05,-3695000.0,-3695000.0,5.14,5.14,5000.0,5000.0,48000,6000,31500,5250.0,5000.0,252000,6003,0,1776138.6923327711,339713.50359680207,339198.089296786,1000.0,-0.16482775,-0.009645939,0.0007228473,48000,6000,8.0,1.0,0.102780834,0.0029160012491047382,0.0090570820258,28.108274,0.0002847858517,6003,0.61748916,0.016537001,-0.22797994,340305.4956325026,20.0,0.19994351210520728,40400,0.0001444678442744389,1.893327992154253e-05,3.6924042598679244e-05,10.3682383945743,10.3682383945743,-0.15,20,0.007390681256074458,-12.5,8.0,20,160,20,400,14.5,0.11829138007896782,-0.15,0.00013463709073705562,400,400,5.6239426535426975e-05,3200,3200,-0.15,2.250925297175211e-05,1.8323674494523243e-05,9.856872939622132e-07,7.564758906392499e-05,1.548963837630584e-05,8.54894104873237e-06,4.865473685051319e-06,4.190417346595606e-06,1.1318766474755597e-05,1.6152784778969678e-05,2.6382793486839925e-06,7.954235952685637e-05,3.877313014503741e-06,0.012677216601698136,0.008975481033673885,0.04582469342229381,0.04942968164495976,0.0010718382367780374,1.2922031327122333e-05,8.407833705009549e-07,1.2132099657497373e-05,1.799914283705895e-05,1.3917458352545858e-05,6.633176204063334e-06,5.131076704369249e-05,8.196116719355656e-06,3.846402670500318e-06,2.9590262664717094e-06,1.2437787327683533e-05,2.0987982461064334e-06
1,-4312500.0,False,9,497dd_00000,2025-08-11_19-33-29,1754933609,2.907517194747925,27.934561252593994,25863,Mac,127.0.0.1,27.934561252593994,9,3.3786391297038842,2.9153931497166968e-05,3.378370644848788,3.2198321600447235,0.15272251824882319,0.001335853188720166,0.002286614829722578,-4312500.0,-9.5,8.0,250.0,8.622932776424045e-05,10.36823839457432,5000.0,2.6389631022066703e-05,5.460000000000001,10.5,20,5.501700245249462e-05,-215625.0,0.00839283946203068,10.36823839457432,20,20.0,0.009033928970857297,2341.3159996601244,1,0,0,0,0,0,56.075,79.10000000000001,0.00019204038471816427,7.787707150777099e-05,-4312500.0,-4312500.0,5.460000000000001,5.460000000000001,5000.0,5000.0,54000,6000,31500,5250.0,5000.0,283500,6003,0,1754876.4709963817,335597.7285426329,335106.1561568121,1000.0,-0.118858404,-0.009606123,0.0002271424,54000,6000,9.0,1.0,0.102780834,0.0014580006245523691,0.0090570820258,28.079132,0.0002847858517,6003,0.60616046,0.05986688,-0.18210962,336148.3374742146,20.0,0.1991484669837758,45400,0.00014378482588043264,1.6669087962627043e-05,3.1518688347343344e-05,10.368238394574323,10.368238394574323,0.25,20,0.007068311256589368,-12.5,9.0,20,180,20,400,14.5,0.11950572252843854,0.25,0.0001221585793345724,400,400,4.7996266446781494e-05,3600,3600,0.25,2.4303896994879054e-05,1.9134747261852596e-05,9.453015747652002e-07,8.104357254379493e-05,1.6111869522291326e-05,8.831590482413662e-06,4.910575855085226e-06,4.1490933572661294e-06,1.1832260730488477e-05,1.6910013748164065e-05,2.61387087522485e-06,7.949026638790427e-05,3.873129204779922e-06,0.013848822774951284,0.008993256633505838,0.045835737738990794,0.04944147690912376,0.001074506104185324,1.2914900418463889e-05,6.401576705872435e-07,1.0670806983453418e-05,1.5842610386261685e-05,1.3172334964583162e-05,6.319625357330991e-06,4.629289078549591e-05,6.969724696972537e-06,3.3742045303248426e-06,2.652605223261201e-06,9.834604871681735e-06,1.946325064361915e-06
1,-4930000.0,False,10,497dd_00000,2025-08-11_19-33-31,1754933611,2.833919048309326,30.76848030090332,25863,Mac,127.0.0.1,30.76848030090332,10,3.3711149300759295,2.8924892076024524e-05,3.370847145490827,3.2115173101043593,0.1535374634862049,0.0013301384065375489,0.0026292752201137223,-4930000.0,-9.5,9.0,250.0,8.12393399457719e-05,10.36823839457432,5000.0,2.5057364019189467e-05,6.179999999999998,10.5,20,5.060297688712401e-05,-246500.0,0.007855469342321161,10.36823839457432,20,20.0,0.008525811022418341,2402.505408848328,1,0,0,0,0,0,76.94999999999999,79.525,0.0001825990424891534,6.966366448718579e-05,-4930000.0,-4930000.0,6.179999999999998,6.179999999999998,5000.0,5000.0,60000,6000,31500,5250.0,5000.0,315000,6003,0,1732796.183561862,331329.364016021,330860.21802011295,1000.0,-0.14074071,-0.009058833,0.000110144974,60000,6000,10.0,1.0,0.102780834,0.0007290003122761846,0.0090570820258,27.982224,0.0002847858517,6003,0.597884,0.081272915,-0.2040664,331841.14847802004,20.0,0.19913176606325766,50400,0.00014313656687022592,3.251715363685759e-05,6.197904104002404e-05,10.368238394574323,10.368238394574323,-0.55,20,0.007046311233425513,-12.5,10.0,20,200,20,400,14.5,0.1204220873839336,-0.55,0.00022377518184055485,400,400,8.902446190198e-05,4000,4000,-0.55,2.3169240264272715e-05,1.7959535313878367e-05,9.136062462711068e-07,7.588917982933204e-05,1.5379467927350272e-05,8.658940347308373e-06,4.650522429189989e-06,3.934250315307057e-06,1.0833906361966961e-05,1.553980309913597e-05,2.5073986798242836e-06,7.959994337091063e-05,4.221067911720632e-06,0.013812111206923279,0.008964464067059617,0.046841570771352495,0.04941745506057503,0.0010743002025550353,1.2904502027462033e-05,9.929166216198444e-07,1.8248511874019065e-05,2.908983829535944e-05,2.3839856366822107e-05,1.0090600593039579e-05,9.035313788578998e-05,1.4496346248670336e-05,5.623544396370108e-06,4.3230714306993545e-06,2.20192077280384e-05,3.2468550731100895e-06
1,-5547500.0,False,11,497dd_00000,2025-08-11_19-33-34,1754933614,2.548099994659424,33.316580295562744,25863,Mac,127.0.0.1,33.316580295562744,11,3.3612303603559526,2.8988553875076196e-05,3.3609627961253454,3.201895138674125,0.15329492760128427,0.0013252632717322562,0.0029109645366017316,-5547500.0,-9.5,10.0,250.0,7.477513376131125e-05,10.36823839457432,5000.0,2.3739470757717324e-05,4.740000000000002,10.5,20,4.87902899989463e-05,-277375.0,0.007452010703273119,10.36823839457432,20,20.0,0.008079879199696266,2525.6766819407435,1,0,0,0,0,0,70.2,79.15,0.00017158124131010332,6.706789686683427e-05,-5547500.0,-5547500.0,4.740000000000002,4.740000000000002,5000.0,5000.0,66000,6000,31500,5250.0,5000.0,346500,6003,0,1711102.1945756448,327147.01401942933,326696.887004196,1000.0,-0.018643253,-0.010197997,0.00029901764,66000,6000,11.0,1.0,0.102780834,0.0003645001561380923,0.0090570820258,28.266392,0.0002847858517,6003,0.59047997,0.032687243,-0.08203605,327623.9143260467,20.0,0.19868274257356539,55400,0.00014367312072628274,3.055356209963527e-05,5.370381003260063e-05,10.368238394574323,10.368238394574323,0.05,20,0.006787892462452874,-12.5,11.0,20,220,20,400,14.5,0.12027935651008703,0.05,0.0002062976320710486,400,400,7.982754816441625e-05,4400,4400,0.05,2.1569231075868248e-05,1.7527680788187763e-05,8.488646477087235e-07,7.0195653322933e-05,1.4814525573712847e-05,8.245340895600988e-06,4.446310551337828e-06,3.702988934306828e-06,1.05415635873224e-05,1.4839330294742579e-05,2.3613194576193487e-06,7.952811359569848e-05,4.265946370708937e-06,0.01385089634527128,0.008937223176296409,0.04677401006353697,0.04933239550989872,0.001073386370832904,1.2894626715528773e-05,1.0235227576468974e-06,1.711780447623541e-05,2.5865766037643804e-05,2.0798685372113043e-05,9.971776554599213e-06,8.656827639477252e-05,1.216601599476582e-05,5.018052898802303e-06,4.250722180944681e-06,1.841793793814208e-05,3.0459390605593104e-06
1,-6165000.0,False,12,497dd_00000,2025-08-11_19-33-37,1754933617,2.6516191959381104,35.968199491500854,25863,Mac,127.0.0.1,35.968199491500854,12,3.3525949838328177,2.8763668831267502e-05,3.3523279740036847,3.1931842952078404,0.15337095790503116,0.0013252235591814856,0.0026473184789337517,-6165000.0,-9.5,11.0,250.0,7.119490170591197e-05,10.36823839457432,5000.0,2.4509669006976538e-05,5.619999999999999,10.5,20,4.721807361162385e-05,-308250.0,0.007451605843380093,10.36823839457432,20,20.0,0.0079804238046277,2508.587074050186,1,0,0,0,0,0,69.775,78.825,0.0001721913965721825,6.690062076948997e-05,-6165000.0,-6165000.0,5.619999999999999,5.619999999999999,5000.0,5000.0,72000,6000,31500,5250.0,5000.0,378000,6003,0,1686460.85030868,322362.07668667525,321947.60836468555,1000.0,0.021476816,-0.009987235,0.0009873731,72000,6000,12.0,1.0,0.102780834,0.00018225007806904614,0.0090570820258,28.210323,0.0002847858517,6003,0.5664701,0.07592752,-0.042133585,322804.73057817423,20.0,0.19811179680789812,60400,0.0001441393085488369,2.0870986880009443e-05,3.871418933293457e-05,10.368238394574323,10.368238394574323,0.65,20,0.006948939934372902,-12.5,12.0,20,240,20,400,14.5,0.12036987586501077,0.65,0.00014741360859259734,400,400,5.9731180455199355e-05,4800,4800,0.65,2.1524292037646665e-05,1.7291333748024406e-05,8.908706889613626e-07,7.074503031615478e-05,1.5014928252130484e-05,7.96580802412427e-06,4.7138272201524165e-06,3.7296727621330254e-06,1.0628312707183502e-05,1.465189950504724e-05,2.426580077484659e-06,7.942533249408868e-05,4.3087066493923616e-06,0.0137978740513776,0.008932999694173657,0.046856942463295886,0.04938822821478097,0.0010820837563631257,1.3293180390482474e-05,7.501786694053651e-07,1.2682756843250804e-05,1.840902645955547e-05,1.4671028448230637e-05,8.61510566992985e-06,5.824161370452954e-05,9.329086178018367e-06,4.206900847126089e-06,3.084609868652924e-06,1.2433772466240674e-05,2.139870788862445e-06
1,-6782500.0,False,13,497dd_00000,2025-08-11_19-33-39,1754933619,2.6053881645202637,38.57358765602112,25863,Mac,127.0.0.1,38.57358765602112,13,3.3437733564951095,2.85556124928025e-05,3.343506059264449,3.18442633475603,0.15332503166625241,0.0013178125729568929,0.00252438266240939,-6782500.0,-9.5,12.0,250.0,7.055502048563903e-05,10.36823839457432,5000.0,2.2577351787303786e-05,6.419999999999999,10.5,20,4.6361198290121456e-05,-339125.0,0.007258321858011189,10.36823839457432,20,20.0,0.00784575878248607,2509.6521905654968,1,0,0,0,0,0,70.5,79.0,0.00016852444727047982,6.605801825546875e-05,-6782500.0,-6782500.0,6.419999999999999,6.419999999999999,5000.0,5000.0,78000,6000,31500,5250.0,5000.0,409500,6003,0,1669709.1403746917,319096.96428333654,318710.9665787016,1000.0,0.076408744,-0.010016203,0.00015232564,78000,6000,13.0,1.0,0.102780834,9.112503903452307e-05,0.0090570820258,28.251326,0.0002847858517,6003,0.5557562,0.038243223,0.012701628,319503.77516670834,20.0,0.19739828758973219,65400,0.000143395825317701,1.8371050242158796e-05,3.5479102401024865e-05,10.368238394574323,10.368238394574323,0.25,20,0.00678907451685518,-12.5,13.0,20,260,20,400,14.5,0.12048480543567869,0.25,0.00013048494308461484,400,400,5.190326626486442e-05,5200,5200,0.25,2.1312976642340505e-05,1.7148696736795705e-05,8.115062889475002e-07,6.961952333995285e-05,1.4420728483271645e-05,7.782751613281499e-06,4.415637778765799e-06,3.7369558725246048e-06,1.0195530478696884e-05,1.4420236836877452e-05,2.363383493695845e-06,7.93410799188252e-05,4.528528453252733e-06,0.013884560731692211,0.008914842617520439,0.046850783868158566,0.0494391325930995,0.0010834937488337355,1.3490658552986855e-05,7.078772742358298e-07,1.1813890807932908e-05,1.694286316518657e-05,1.3395133001459745e-05,7.145010049842506e-06,4.9935561523906585e-05,8.437828991220009e-06,3.2617706829435193e-06,2.6735747665004104e-06,1.0469386789558028e-05,2.0388696345996077e-06
1,-7400000.0,False,14,497dd_00000,2025-08-11_19-33-42,1754933622,2.6949729919433594,41.26856064796448,25863,Mac,127.0.0.1,41.26856064796448,14,3.3355566341799725,2.8323386226803394e-05,3.33528866617206,3.1746229830687667,0.15489945301973992,0.0013208069475545536,0.0025056791837033796,-7400000.0,-9.5,13.0,250.0,7.399261129344285e-05,10.36823839457432,5000.0,2.2862672495105564e-05,6.74,10.5,20,4.685018744988527e-05,-370000.0,0.007305440488737075,10.36823839457432,20,20.0,0.007837596131780426,2548.462567335847,1,0,0,0,0,0,69.86666666666666,79.16666666666667,0.0001686999129900822,6.658107370748458e-05,-7400000.0,-7400000.0,6.74,6.74,5000.0,5000.0,84000,6000,31500,5250.0,5000.0,441000,6003,0,1646020.3440626648,314516.27131723094,314156.1588546763,1000.0,-0.13544488,-0.008661389,5.3509495e-05,84000,6000,14.0,1.0,0.102780834,4.5562519517261535e-05,0.0090570820258,27.924404,0.0002847858517,6003,0.55434185,0.02852027,-0.19916476,314884.8435911666,20.0,0.1969607192940217,70400,0.0001428922874203953,1.910088122683296e-05,3.7642995500620655e-05,10.368238394574323,10.368238394574323,0.25,20,0.007091531229671091,-12.5,14.0,20,280,20,400,14.5,0.12200305238157776,0.25,0.0001466624364921177,400,400,5.2948674204654374e-05,5600,5600,0.25,2.101354050978383e-05,1.756614139589212e-05,8.365062214546432e-07,6.897194591203871e-05,1.4651692816377828e-05,7.812716607980886e-06,4.323028822171207e-06,3.829365832407866e-06,1.0254196386481794e-05,1.434209462742679e-05,2.4868994541618487e-06,8.034516825477356e-05,4.834072382577856e-06,0.013864626374404047,0.008930380861583386,0.04850841394989946,0.049304196687571314,0.0010816663106658307,1.3474501416486551e-05,8.039619396375398e-07,1.2343008485650108e-05,2.2738986099366863e-05,1.6097863060059518e-05,6.5442398847038075e-06,5.6264467454974884e-05,7.848505405112062e-06,3.5233420366857666e-06,2.854850073931617e-06,1.1421523442209917e-05,2.0607951517677576e-06
1,-8017500.0,False,15,497dd_00000,2025-08-11_19-33-45,1754933625,2.7986512184143066,44.067211866378784,25863,Mac,127.0.0.1,44.067211866378784,15,3.3282988653381422,2.8108902596993473e-05,3.3280313945105706,3.166731008237975,0.1555491243196164,0.0013167722075329235,0.0030101936906123663,-8017500.0,-9.5,14.0,250.0,7.83317339931034e-05,10.36823839457432,5000.0,2.482043109351493e-05,5.299999999999998,10.5,20,5.0653943496473695e-05,-400875.0,0.007857333815656602,10.36823839457432,20,20.0,0.008346900500885487,2430.6437416521467,1,0,0,0,0,0,72.4,79.5,0.00018159001793962318,7.031665655521956e-05,-8017500.0,-8017500.0,5.299999999999998,5.299999999999998,5000.0,5000.0,90000,6000,31500,5250.0,5000.0,472500,6003,0,1628089.8308572494,311041.40137246234,310702.2406618002,1000.0,0.11288011,-0.010147691,8.566789e-05,90000,6000,15.0,1.0,0.102780834,2.2781259758630767e-05,0.0090570820258,28.367601,0.0002847858517,6003,0.56008714,0.037139706,0.049212247,311368.4749990598,20.0,0.1967814508510788,75400,0.00014227253485192025,4.247905929856894e-05,6.993761428163166e-05,10.368238394574323,10.368238394574323,0.45,20,0.006920989175559953,-12.5,15.0,20,300,20,400,14.5,0.12278299602822886,0.45,0.00024856851210692393,400,400,9.308153107501324e-05,6000,6000,0.45,2.254646920725744e-05,1.888936653329698e-05,9.432132490027707e-07,7.56583191581984e-05,1.5301702197015776e-05,8.314157993894535e-06,4.841914265387806e-06,4.5877147306991656e-06,1.0739196888300478e-05,1.570486159209976e-05,2.6377260889844674e-06,8.033671680498196e-05,4.818231324146502e-06,0.013803701769986932,0.00890134080287807,0.049515557310239385,0.04917051722071684,0.001079117558011732,1.3445596556313862e-05,1.6886193629490997e-06,2.1622663797752886e-05,3.2071280224748156e-05,2.7538238148973994e-05,1.530752581965016e-05,9.707855147223543e-05,1.7045480202388944e-05,6.055314566094753e-06,5.332308627542585e-06,2.0404922997395002e-05,3.2516084705660877e-06
1,-8635000.0,False,16,497dd_00000,2025-08-11_19-33-48,1754933628,2.758843183517456,46.82605504989624,25863,Mac,127.0.0.1,46.82605504989624,16,3.320994536264757,2.7949063621165945e-05,3.320726656406031,3.1596915723255594,0.15530904807626472,0.0013094665754957299,0.0028425679224944015,-8635000.0,-9.5,15.0,250.0,7.570173352721893e-05,10.36823839457432,5000.0,2.538233807712157e-05,7.2200000000000015,10.5,20,5.258883296325294e-05,-431750.0,0.008236531818285583,10.36823839457432,20,20.0,0.00829960351310299,2427.5329317871156,1,0,0,0,0,0,73.825,79.25,0.0001913829061506356,7.258168366022133e-05,-8635000.0,-8635000.0,7.2200000000000015,7.2200000000000015,5000.0,5000.0,96000,6000,31500,5250.0,5000.0,504000,6003,0,1620670.12470305,309578.8824422437,309255.9898152864,1000.0,0.1160389,-0.009708047,0.0002683716,96000,6000,16.0,1.0,0.102780834,1.1390629879315384e-05,0.0090570820258,28.182589,0.0002847858517,6003,0.5402327,0.028915498,0.052191235,309866.08498027275,20.0,0.196299948841605,80400,0.00014245063892214966,2.1484588170103218e-05,3.953251492798331e-05,10.368238394574323,10.368238394574323,0.45,20,0.006873160005779937,-12.5,16.0,20,320,20,400,14.5,0.12270844023713828,0.45,0.00014497575478263634,400,400,5.778966930751052e-05,6400,6400,0.45,2.3881388574946878e-05,1.8814167285380426e-05,9.590644795940094e-07,8.087200994638776e-05,1.6017862841666005e-05,8.798200941410112e-06,4.781580413819981e-06,4.054045882232851e-06,1.1575406409254305e-05,1.654788156382094e-05,2.5956070501358752e-06,8.022460053487612e-05,4.8392183385217295e-06,0.013762906002619507,0.008890216554869566,0.049532238407476094,0.049133810378024306,0.0010769701327657732,1.3543640614890605e-05,9.883474056261323e-07,1.2380639278622372e-05,1.897618171212666e-05,1.5114040273198779e-05,7.852999020067272e-06,5.58547687695926e-05,8.437928659435625e-06,3.824333598062178e-06,3.6323598851160924e-06,1.2005842158937912e-05,2.210535050874334e-06
1,-9252500.0,False,17,497dd_00000,2025-08-11_19-33-51,1754933631,2.991485357284546,49.817540407180786,25863,Mac,127.0.0.1,49.817540407180786,17,3.31570887007222,2.7724572239598203e-05,3.3154415923420197,3.154946544102683,0.15479265009584933,0.0013026827505765674,0.002361840555925137,-9252500.0,-9.5,16.0,250.0,7.928416384865559e-05,10.36823839457432,5000.0,2.675333348572932e-05,7.299999999999996,10.5,20,7.618365338893718e-05,-462625.0,0.00911239230493084,10.36823839457432,20,20.0,0.009671550703164186,2276.788449954046,1,0,0,0,0,0,73.02,79.5,0.00020324936853739284,7.744668568521196e-05,-9252500.0,-9252500.0,7.299999999999996,7.299999999999996,5000.0,5000.0,102000,6000,31500,5250.0,5000.0,535500,6003,0,1619803.1454672457,309370.0665752892,309060.86249600194,1000.0,0.0059447605,-0.009091139,1.5957354e-05,102000,6000,17.0,1.0,0.102780834,5.695314939657692e-06,0.0090570820258,28.0247,0.0002847858517,6003,0.53536963,0.059529934,-0.057946958,309616.82122235897,20.0,0.1962356326825346,85400,0.00014364280204993862,2.5919789823462052e-05,4.949027524063794e-05,10.368238394574323,10.368238394574323,0.25,20,0.007317000002367422,-12.5,17.0,20,340,20,400,14.5,0.12236006333470871,0.25,0.00017334568165026197,400,400,6.657882188521315e-05,6800,6800,0.25,2.595699253327344e-05,1.9872504871340876e-05,1.1904393157236995e-06,8.314563821744236e-05,1.742280967974682e-05,1.1009637964263047e-05,5.517794422170627e-06,4.165744958199341e-06,1.228954787012544e-05,1.718392801111091e-05,2.6794680460401636e-06,8.042444481412821e-05,4.822076684127735e-06,0.01371180236278594,0.00886687271970961,0.049375223942847705,0.04901567102397443,0.001078851681437296,1.3522373879010593e-05,1.0247203825301242e-06,1.4700469326508085e-05,2.2018409019970825e-05,1.7546594226023633e-05,8.058652654591952e-06,7.019260357813842e-05,1.1888097070598262e-05,4.337376706394615e-06,3.7220797572514774e-06,1.511935748713489e-05,2.273351153743103e-06
1,-9870000.0,False,18,497dd_00000,2025-08-11_19-33-54,1754933634,3.350728988647461,53.16826939582825,25863,Mac,127.0.0.1,53.16826939582825,18,3.3091212226210915,2.751357614854749e-05,3.3088529822493595,3.147124813662086,0.15603448400497802,0.001298404263258396,0.0023133968237306667,-9870000.0,-9.5,17.0,250.0,7.467604864715324e-05,10.36823839457432,5000.0,2.4841621919285773e-05,6.980000000000003,10.5,20,5.1470863452796215e-05,-493500.0,0.007937158687505871,10.36823839457432,20,20.0,0.008602662421848609,2380.1645206716976,1,0,0,0,0,0,72.5,79.475,0.00018438894747090136,7.093387243149926e-05,-9870000.0,-9870000.0,6.980000000000003,6.980000000000003,5000.0,5000.0,108000,6000,31500,5250.0,5000.0,567000,6003,0,1620454.5334421878,309455.42740524205,309158.11568180716,1000.0,0.066107824,-0.009521961,2.4402636e-05,108000,6000,18.0,1.0,0.102780834,2.847657469828846e-06,0.0090570820258,28.109259,0.0002847858517,6003,0.53653073,0.088369146,0.002226621,309664.5521606605,20.0,0.20079741802637963,90400,0.0001429617930527742,8.902087647723679e-05,0.0003992056036623918,10.368238394574323,10.368238394574323,-0.15,20,0.012221716272179037,-12.5,18.0,20,360,20,400,14.5,0.12375051729159244,-0.15,0.0007648158960547269,400,400,0.000709241061671274,7200,7200,-0.15,2.3292147341367656e-05,1.8806158217497073e-05,9.517865323097158e-07,7.680417334926046e-05,1.556702299666488e-05,8.468398897132308e-06,4.845901307857304e-06,4.060738646409481e-06,1.1305393115156285e-05,1.576549517337722e-05,2.5142041003715506e-06,8.038562062962007e-05,4.809276443105521e-06,0.01367970141936264,0.008847110242456635,0.05077237170341774,0.04906347389311305,0.0010768440044759116,1.3521729744712078e-05,1.2646662477973745e-05,9.050844080875175e-05,9.978151668171052e-05,9.801025975755122e-05,4.0994918432057255e-05,0.00029725768478097784,2.8056385365644662e-05,1.2076485245925382e-05,1.528496387382419e-05,0.0003895520646198285,6.369189147170208e-06
1,-10487500.0,False,19,497dd_00000,2025-08-11_19-33-58,1754933638,3.6385810375213623,56.80685043334961,25863,Mac,127.0.0.1,56.80685043334961,19,3.3109804158158487,2.763677054468471e-05,3.310705876596676,3.1458918234456017,0.15910582124514494,0.0012948960506368816,0.00501978255685734,-10487500.0,-9.5,18.0,250.0,8.646318557745536e-05,10.36823839457432,5000.0,3.339185572459938e-05,7.2200000000000015,10.5,20,6.673135701336507e-05,-524375.0,0.010235713328234853,10.36823839457432,20,20.0,0.00962514388313943,2118.9438474711046,1,0,0,0,0,0,80.71666666666668,80.85,0.0002318072631304642,9.209260523127089e-05,-10487500.0,-10487500.0,7.2200000000000015,7.2200000000000015,5000.0,5000.0,114000,6000,31500,5250.0,5000.0,598500,6003,0,1614951.042507939,308357.07272868545,308081.0749362915,1000.0,-0.046195548,-0.008934259,2.0365662e-05,114000,6000,19.0,1.0,0.102780834,1.423828734914423e-06,0.0090570820258,27.96381,0.0002847858517,6003,0.52886456,0.020102326,-0.11014619,308529.65652578656,20.0,0.20008726426612025,95400,0.00014305050565902922,1.851569712181149e-05,3.8122907267926916e-05,10.368238394574323,10.368238394574323,-0.35,20,0.012008330018725246,-12.5,19.0,20,380,20,400,14.5,0.12682686502793042,-0.35,0.00012967364627554322,400,400,5.890720115026776e-05,7600,7600,-0.35,2.8520821477586626e-05,2.248078858168863e-05,1.1196759443429457e-06,0.00010200853736188412,1.912964679412672e-05,1.0529715644734328e-05,6.183460607127601e-06,5.1928456552155154e-06,1.3824735225637604e-05,2.4318128772220348e-05,4.146174413701593e-06,8.17580138231051e-05,4.809933758842713e-06,0.013676391904720862,0.0088887670598699,0.053762668826726645,0.04911020540424615,0.001076085154036186,1.3611103214439917e-05,8.236781060116607e-07,1.2243386826703183e-05,1.7212065529223473e-05,1.3990530249463978e-05,7.047998363480365e-06,4.805339343165101e-05,7.816806466118927e-06,3.3058327516943837e-06,2.72779214105261e-06,1.5930142428071363e-05,1.947500095388499e-06
1,-11105000.0,True,20,497dd_00000,2025-08-11_19-34-01,1754933641,3.6198208332061768,60.426671266555786,25863,Mac,127.0.0.1,60.426671266555786,20,3.3123648337377927,2.7428732812384185e-05,3.3120906795005216,3.147620180211528,0.1587762380327583,0.0012895774998033691,0.0038814380059485573,-11105000.0,-9.5,19.0,250.0,0.00010141063466580825,10.36823839457432,5000.0,3.470828236050723e-05,6.980000000000003,10.5,20,7.40804461061869e-05,-555250.0,0.011250400508288294,10.36823839457432,20,20.0,0.011876349428755286,1814.5844919666786,1,0,0,0,0,0,76.74,79.34,0.0002611160714322479,0.00010023289947017128,-11105000.0,-11105000.0,6.980000000000003,6.980000000000003,5000.0,5000.0,120000,6000,31500,5250.0,5000.0,630000,6003,0,1608807.8546723265,307145.85591524845,306885.90637321194,1000.0,0.06485634,-0.009521127,0.00048837345,120000,6000,20.0,1.0,0.102780834,7.119143674572115e-07,0.0090570820258,28.101835,0.0002847858517,6003,0.5163688,0.08865607,0.00079253514,307294.2229688015,20.0,0.19964534828332367,100400,0.00014391166997304548,1.9269753783091766e-05,3.807032478026605e-05,10.368238394574323,10.368238394574323,-0.95,20,0.011789240052457899,-12.5,20.0,20,400,20,400,14.5,0.12660840303839083,-0.95,0.0001533997495808329,400,400,5.456042464454951e-05,8000,8000,-0.95,3.2437602335841945e-05,2.4988796470143465e-05,1.3949049954297892e-06,0.00011518305908880359,2.092412192864843e-05,1.1898346267284677e-05,6.394454167670595e-06,5.653796888004908e-06,1.5648338959242815e-05,2.564145589172697e-05,3.440636053115213e-06,8.179252399145411e-05,4.794334086648711e-06,0.01364786215556662,0.00887456021985604,0.053695857558144475,0.04899760169092772,0.0010802455523176062,1.358957279865046e-05,7.597597653485774e-07,1.2340267219341991e-05,1.944048056845677e-05,1.4998732857417158e-05,7.389189132186049e-06,6.542095055936545e-05,8.09809332533676e-06,3.7731524175618702e-06,2.876933831955309e-06,1.1500571906136347e-05,2.0441801290642484e-06
