num_training_step_calls_per_iteration,num_env_steps_sampled_lifetime,done,training_iteration,trial_id,date,timestamp,time_this_iter_s,time_total_s,pid,hostname,node_ip,time_since_restore,iterations_since_restore,timers/training_iteration,timers/restore_env_runners,timers/training_step,timers/env_runner_sampling_timer,timers/learner_update_timer,timers/synch_weights,env_runners/num_episodes,env_runners/sample,env_runners/num_episodes_lifetime,env_runners/time_between_sampling,env_runners/env_to_module_sum_episodes_length_in,env_runners/episode_return_min,env_runners/episode_return_max,env_runners/num_env_steps_sampled_lifetime,env_runners/rlmodule_inference_timer,env_runners/episode_duration_sec_mean,env_runners/env_reset_timer,env_runners/episode_return_mean,env_runners/weights_seq_no,env_runners/episode_len_min,env_runners/env_step_timer,env_runners/episode_len_max,env_runners/num_env_steps_sampled,env_runners/env_to_module_sum_episodes_length_out,env_runners/episode_len_mean,env_runners/num_env_steps_sampled_lifetime_throughput,evaluation/num_healthy_workers,evaluation/actor_manager_num_outstanding_async_reqs,evaluation/num_remote_worker_restarts,fault_tolerance/num_healthy_workers,fault_tolerance/num_remote_worker_restarts,env_runner_group/actor_manager_num_outstanding_async_reqs,perf/cpu_util_percent,perf/ram_util_percent,env_runners/module_to_env_connector/connector_pipeline_timer,env_runners/agent_episode_returns_mean/default_agent,env_runners/num_module_steps_sampled_lifetime/default_policy,env_runners/env_to_module_connector/connector_pipeline_timer,env_runners/module_episode_returns_mean/default_policy,env_runners/num_agent_steps_sampled/default_agent,env_runners/num_agent_steps_sampled_lifetime/default_agent,env_runners/num_module_steps_sampled/default_policy,learners/__all_modules__/num_env_steps_trained_lifetime,learners/__all_modules__/num_non_trainable_parameters,learners/__all_modules__/learner_connector_sum_episodes_length_in,learners/__all_modules__/num_module_steps_trained,learners/__all_modules__/num_trainable_parameters,learners/__all_modules__/num_module_steps_trained_lifetime,learners/__all_modules__/num_env_steps_trained,learners/__all_modules__/learner_connector_sum_episodes_length_out,learners/__all_modules__/num_env_steps_trained_lifetime_throughput,learners/__all_modules__/num_module_steps_trained_throughput,learners/__all_modules__/num_module_steps_trained_lifetime_throughput,learners/default_policy/total_loss,learners/default_policy/diff_num_grad_updates_vs_sampler_policy,learners/default_policy/vf_loss,learners/default_policy/mean_kl_loss,learners/default_policy/curr_entropy_coeff,learners/default_policy/gradients_default_optimizer_global_norm,learners/default_policy/num_module_steps_trained,learners/default_policy/weights_seq_no,learners/default_policy/entropy,learners/default_policy/num_trainable_parameters,learners/default_policy/module_train_batch_size_mean,learners/default_policy/vf_loss_unclipped,learners/default_policy/num_module_steps_trained_lifetime,learners/default_policy/vf_explained_var,learners/default_policy/curr_kl_coeff,learners/default_policy/policy_loss,learners/default_policy/default_optimizer_learning_rate,learners/default_policy/num_module_steps_trained_lifetime_throughput,evaluation/env_runners/num_env_steps_sampled,evaluation/env_runners/num_episodes,evaluation/env_runners/rlmodule_inference_timer,evaluation/env_runners/num_env_steps_sampled_lifetime,evaluation/env_runners/env_reset_timer,evaluation/env_runners/episode_return_mean,evaluation/env_runners/weights_seq_no,evaluation/env_runners/env_step_timer,evaluation/env_runners/episode_len_max,evaluation/env_runners/episode_len_mean,evaluation/env_runners/sample,evaluation/env_runners/num_episodes_lifetime,evaluation/env_runners/episode_return_min,evaluation/env_runners/episode_return_max,evaluation/env_runners/episode_duration_sec_mean,evaluation/env_runners/episode_len_min,evaluation/env_runners/env_to_module_sum_episodes_length_out,evaluation/env_runners/env_to_module_sum_episodes_length_in,learners/__all_modules__/learner_connector/connector_pipeline_timer,evaluation/env_runners/module_episode_returns_mean/default_policy,evaluation/env_runners/module_to_env_connector/connector_pipeline_timer,evaluation/env_runners/agent_episode_returns_mean/default_agent,evaluation/env_runners/num_module_steps_sampled/default_policy,evaluation/env_runners/env_to_module_connector/connector_pipeline_timer,evaluation/env_runners/num_module_steps_sampled_lifetime/default_policy,evaluation/env_runners/num_agent_steps_sampled_lifetime/default_agent,evaluation/env_runners/num_agent_steps_sampled/default_agent,env_runners/module_to_env_connector/timers/connectors/un_batch_to_individual_items,env_runners/module_to_env_connector/timers/connectors/listify_data_for_vector_env,env_runners/module_to_env_connector/timers/connectors/get_actions,env_runners/module_to_env_connector/timers/connectors/normalize_and_clip_actions,env_runners/module_to_env_connector/timers/connectors/tensor_to_numpy,env_runners/module_to_env_connector/timers/connectors/remove_single_ts_time_rank_from_batch,env_runners/env_to_module_connector/timers/connectors/batch_individual_items,env_runners/env_to_module_connector/timers/connectors/add_observations_from_episodes_to_batch,env_runners/env_to_module_connector/timers/connectors/add_states_from_episodes_to_batch,env_runners/env_to_module_connector/timers/connectors/numpy_to_tensor,env_runners/env_to_module_connector/timers/connectors/add_time_dim_to_batch_and_zero_pad,learners/__all_modules__/learner_connector/timers/connectors/general_advantage_estimation,learners/__all_modules__/learner_connector/timers/connectors/add_columns_from_episodes_to_train_batch,learners/__all_modules__/learner_connector/timers/connectors/batch_individual_items,learners/__all_modules__/learner_connector/timers/connectors/add_observations_from_episodes_to_batch,learners/__all_modules__/learner_connector/timers/connectors/numpy_to_tensor,learners/__all_modules__/learner_connector/timers/connectors/add_states_from_episodes_to_batch,learners/__all_modules__/learner_connector/timers/connectors/add_time_dim_to_batch_and_zero_pad,learners/__all_modules__/learner_connector/timers/connectors/add_one_ts_to_episodes_and_truncate,evaluation/env_runners/module_to_env_connector/timers/connectors/remove_single_ts_time_rank_from_batch,evaluation/env_runners/module_to_env_connector/timers/connectors/listify_data_for_vector_env,evaluation/env_runners/module_to_env_connector/timers/connectors/get_actions,evaluation/env_runners/module_to_env_connector/timers/connectors/un_batch_to_individual_items,evaluation/env_runners/module_to_env_connector/timers/connectors/normalize_and_clip_actions,evaluation/env_runners/module_to_env_connector/timers/connectors/tensor_to_numpy,evaluation/env_runners/env_to_module_connector/timers/connectors/add_observations_from_episodes_to_batch,evaluation/env_runners/env_to_module_connector/timers/connectors/add_states_from_episodes_to_batch,evaluation/env_runners/env_to_module_connector/timers/connectors/numpy_to_tensor,evaluation/env_runners/env_to_module_connector/timers/connectors/add_time_dim_to_batch_and_zero_pad,evaluation/env_runners/env_to_module_connector/timers/connectors/batch_individual_items
1,252500.0,False,1,a54d5_00000,2025-08-11_17-22-43,1754925763,4.963442325592041,4.963442325592041,73571,DESKTOP-3SK5A41,192.168.40.242,4.963442325592041,1,4.21714130700002,1.4600000213249587e-05,4.216842107000048,3.8010382070006017,0.41231749999951717,0.0014333999997688807,100.0,0.039395698942892146,5050.0,0.0013865237455941942,26.762340024562445,-5.5,14.5,252500.0,0.00010247929934234583,0.03554354605998924,0.0002040979694469681,4.100000000000001,0.0,50,4.449707002597874e-05,50,5000.0,26.762340024562445,50.0,1270.9837521981567,1,0,0,0,0,0,11.412500000000001,87.75,0.0003639380532559477,4.100000000000001,252500.0,0.00012169809795554954,4.100000000000001,5000.0,252500.0,5000.0,30600,0,5000,6000,5909,6000,30600,5100,858759.1677293916,168980.37426581775,168871.34738447517,0.013075592,1.0,0.2484055,0.0035618502,0.0016790048723,0.30520925,6000,1.0,0.68792975,5909,1000.0,54.78037,6000,0.01456666,0.13089926540851593,-0.1260916,0.0008209260984,169338.6895949555,1000,20,9.404970373677302e-05,6000,0.0002122999994753627,-2.9,1.0,4.1342080913521026e-05,50,50.0,0.731099200999779,20,-14.5,17.5,0.035106365050023666,50,27.167134025045954,27.167134025045954,0.29299360000004526,-2.9,0.00033851723162906205,-2.9,1000,0.00011549555984176227,1000,1000,1000,1.452072181511584e-05,3.0690205100984664e-05,0.00016586309173619328,2.835978206620368e-05,4.6202014358816086e-05,1.4430929293677583e-06,1.8690955121401893e-05,6.584782766929604e-06,3.481505129243671e-06,3.10282362453054e-05,6.596157419619769e-06,0.013312899999618821,0.06906180000078166,0.20110609999937878,0.0008031999996092054,0.0001627000001462875,6.199999916134402e-06,2.3699999474047218e-05,0.00813930000003893,1.365872482424659e-06,3.0091198045106394e-05,0.0001522693317318991,1.4786200805951281e-05,2.105932323171642e-05,4.4500679476179326e-05,5.941254089838694e-06,3.2713631615041657e-06,2.8931261006876863e-05,6.15054366564863e-06,1.8051961251461933e-05
1,10000.0,False,2,a54d5_00000,2025-08-11_17-22-48,1754925768,4.8469014167785645,9.810343742370605,73571,DESKTOP-3SK5A41,192.168.40.242,9.810343742370605,2,4.215989923970028,1.4577000210920233e-05,4.215689779970053,3.8021853679705964,0.41001805499951843,0.0014327399997728207,100.0,0.03804410550161168,200.0,0.009021379065974517,27.16809333212661,-5.5,14.5,10000.0,0.0001002916697373994,0.0366132650399868,0.00013464567981231486,3.899999999999998,1.0,50,4.3902457485161964e-05,50,5000.0,27.16809333212661,50.0,1282.6905700727857,1,0,0,0,0,0,13.485714285714286,87.89999999999999,0.00036121639922217906,3.899999999999998,10000.0,0.00011928938049067392,3.899999999999998,5000.0,10000.0,5000.0,61200,0,5000.0,6000,5909,12000,30600,5100.0,857708.0274630557,168769.62392489883,168658.91688537697,0.34578782,1.0,0.2443529,0.001072175,0.0016790048723,0.09521248,6000,2.0,0.68952686,5909,1000.0,44.118385,12000,0.02581942,0.06544963270425797,0.20968953,0.0008209260984,169120.21720031006,1000,20,9.317702733883221e-05,11000,0.00021192099948166287,-1.9,2.0,4.137767827953305e-05,50,50.0,0.731075570999783,40,-16.5,17.5,0.035054335050153894,50,27.168093298253442,27.168093298253442,0.2915188630000466,-1.9,0.0003377326490261813,-1.9,1000,0.00011639329875379871,2000,2000,1000,1.4736607092566032e-05,3.11451012622538e-05,0.00016574880810729984,2.2484124851538935e-05,4.8505305925817506e-05,1.4379165549931046e-06,1.850247318313102e-05,6.679223802039961e-06,3.494675468191984e-06,3.121549869868882e-05,6.554637641767966e-06,0.013281575999626512,0.06906012200077384,0.1996661669993773,0.0008030589996087656,0.00016268000014861174,6.199999916134402e-06,2.370099948166171e-05,0.008138588000037998,1.3522895814485045e-06,2.9136794552882964e-05,0.00015003741442060707,1.4937371277358678e-05,2.1047425060858297e-05,4.38556666633227e-05,5.97960332804511e-06,3.5213837473341226e-06,2.9224588600571383e-05,5.882540186625469e-06,1.745621962825553e-05
1,-232500.0,False,3,a54d5_00000,2025-08-11_17-22-53,1754925773,4.95757532119751,14.767919063568115,73571,DESKTOP-3SK5A41,192.168.40.242,14.767919063568115,3,4.2159399604803225,1.4575230213904433e-05,4.2156387519203555,3.804346941980889,0.40780321650951856,0.0014325885997793191,100.0,0.03802876722352591,-4650.0,0.010378450476983693,27.16809333212661,-5.5,14.5,-232500.0,0.000133809693908136,0.03766204764001485,0.00010994054403817007,3.7,2.0,50,4.3572706167224084e-05,50,5000.0,27.16809333212661,50.0,1279.7448072835025,1,0,0,0,0,0,12.814285714285715,87.91428571428571,0.0003577860206525068,3.7,-232500.0,0.00011804831027055539,3.7,5000.0,-232500.0,5000.0,91800,0,5000.0,6000,5909,18000,30600,5100.0,854738.3665300813,168179.24554519786,168067.133303035,-0.028766911,1.0,0.24117686,0.0010041989,0.0016790048723,0.12466274,6000,3.0,0.6897564,5909,1000.0,55.722942,18000,0.044881582,0.03272481635212898,-0.16300799,0.0008209260984,168515.78097487154,1000,20,9.459695646564772e-05,16000,0.00021107578948340234,-1.5666666666666667,3.0,4.068167416792461e-05,50,50.0,0.731083303489793,60,-16.5,17.5,0.035091708700125915,50,27.168093332125434,27.168093332125434,0.2900647334100396,-1.5666666666666667,0.0003429620384457311,-1.5666666666666667,1000,0.00011777867339981271,3000,3000,1000,1.4580566917859089e-05,3.09582837830608e-05,0.00016449483542107054,2.212212672108575e-05,4.7888611036782756e-05,1.4214703843102523e-06,1.824465175390362e-05,6.4943420422093176e-06,3.4626270775750904e-06,3.105341792905998e-05,6.491343181015758e-06,0.013255989239634983,0.06904947880076652,0.1982472983393902,0.0008020904096078084,0.00016275620014521338,6.19599991296127e-06,2.3701989489200058e-05,0.008140833130039755,1.389274503032768e-06,3.060777350261439e-05,0.00015275244152326153,1.4963657215021453e-05,2.1449623265219113e-05,4.539870958703011e-05,6.24229442788057e-06,3.3668077410457264e-06,2.9111069738939873e-05,6.04698183873617e-06,1.8202516868226604e-05
1,-475000.0,False,4,a54d5_00000,2025-08-11_17-22-58,1754925778,4.948940753936768,19.716859817504883,73571,DESKTOP-3SK5A41,192.168.40.242,19.716859817504883,4,4.215893881005521,1.4556477905646717e-05,4.215591958531149,3.805122266601079,0.40698023143442025,0.0014326747137819735,100.0,0.03809104816832134,-9500.0,0.010919855071456515,27.16809333212661,-5.5,14.5,-475000.0,9.968746294541102e-05,0.0363030819699634,9.925242855207759e-05,6.299999999999996,3.0,50,4.3811949700374736e-05,50,5000.0,27.16809333212661,50.0,1286.7033307794354,1,0,0,0,0,0,12.842857142857143,87.94285714285715,0.000358341410881649,6.299999999999996,-475000.0,0.00011810508707666368,6.299999999999996,5000.0,-475000.0,5000.0,122400,0,5000.0,6000,5909,24000,30600,5100.0,851468.7347341939,167528.23871368883,167415.5952867121,0.017801486,1.0,0.24140182,0.005289247,0.0016790048723,0.0692629,6000,4.0,0.68294716,5909,1000.0,63.602272,24000,0.063907504,0.01636240817606449,-0.11668465,0.0008209260984,167847.45985367737,1000,20,9.272124949464728e-05,21000,0.0002102310315878731,-1.15,4.0,4.1299059491358026e-05,50,50.0,0.7310105945849031,80,-16.5,17.5,0.03501904668758016,50,27.168093332126602,27.168093332126602,0.2900438921559392,-1.15,0.00033858111775363883,-1.15,1000,0.00011474843474078298,4000,4000,1000,1.4606669380438847e-05,3.093520471340502e-05,0.00016467490684592918,2.214520853944558e-05,4.81135425213142e-05,1.4300053155156743e-06,1.836560071365659e-05,6.5072019721275616e-06,3.4246305502055e-06,3.097144706339117e-05,6.516070055014213e-06,0.013233242357233102,0.06903969503275408,0.1982599814059939,0.0008007745055078758,0.0001627556381452241,6.20103991468568e-06,2.3705969592221664e-05,0.008141978798739884,1.3796898571566224e-06,3.0420481296447443e-05,0.00015055938686910368,1.5001539005057837e-05,2.1338181634275205e-05,4.4299246289011386e-05,6.090354111470835e-06,3.226484175928835e-06,2.8814353987040105e-05,5.977805607347345e-06,1.7546561971245486e-05
1,-717500.0,False,5,a54d5_00000,2025-08-11_17-23-02,1754925782,4.831146478652954,24.548006296157837,73571,DESKTOP-3SK5A41,192.168.40.242,24.548006296157837,5,4.2146088367454615,1.4523913132102981e-05,4.214306129495836,3.806067374465067,0.4047488671400801,0.0014336569666444968,100.0,0.0376991162127294,-14350.0,0.011939948433935041,27.16809333212661,-5.5,14.5,-717500.0,9.962755740340537e-05,0.03641521650002687,9.70228537677621e-05,6.9,4.0,50,4.3776804077299856e-05,50,5000.0,27.16809333212661,50.0,1282.6013009124545,1,0,0,0,0,0,12.828571428571431,87.89999999999999,0.00036028576187886724,6.9,-717500.0,0.00011842253860255627,6.9,5000.0,-717500.0,5000.0,153000,0,5000.0,6000,5909,30000,30600,5100.0,847825.3348656325,166801.45218277085,166687.954721714,0.27561155,1.0,0.235244,0.0054557803,0.0016790048723,0.3747935,6000,5.0,0.65748405,5909,1000.0,57.498768,30000,0.08049959,0.008181204088032246,0.1446219,0.0008209260984,167101.8660269205,1000,20,9.16477163941998e-05,26000,0.00020939172127574048,-1.1,5.0,4.169395638187484e-05,50,50.0,0.731001425739053,100,-16.5,17.5,0.03503535145005117,50,27.168093332126602,27.168093332126602,0.28860014225437647,-1.1,0.00034325311412802443,-1.1,1000,0.0001175039331377572,5000,5000,1000,1.4749130222483317e-05,3.1089069052315474e-05,0.00016533968150490356,2.2481980657241786e-05,4.8233318781890354e-05,1.4559317769892174e-06,1.8313685279471487e-05,6.587029258729126e-06,3.4175277004964363e-06,3.1143010025808075e-05,6.5844272097895075e-06,0.013201169943664465,0.06903955609242607,0.19684795559193702,0.0007997807604462296,0.00016283808176968632,6.192029509834357e-06,2.3696909895269052e-05,0.008144190010759276,1.4159211248974027e-06,3.007855604734276e-05,0.00015323368925731535,1.518629085747021e-05,2.124812029848728e-05,4.414626791492855e-05,6.129117807040352e-06,3.5057939991156805e-06,2.9400826739643162e-05,5.964759245455747e-06,1.8075197918810385e-05
1,-960000.0,False,6,a54d5_00000,2025-08-11_17-23-07,1754925787,4.965261697769165,29.513267993927002,73571,DESKTOP-3SK5A41,192.168.40.242,29.513267993927002,6,4.2147367056180025,1.4499674003546e-05,4.214433458440869,3.8070374805704166,0.40390671384867766,0.0014336173969759477,100.0,0.0375325004614634,-19200.0,0.011490641927177785,27.16809333212661,-5.5,14.5,-960000.0,0.00010039390596130278,0.03648689069998909,9.592798799839689e-05,6.700000000000004,5.0,50,4.3830791901336144e-05,50,5000.0,27.16809333212661,50.0,1284.161535837283,1,0,0,0,0,0,12.428571428571429,87.91428571428571,0.0003601013097899056,6.700000000000004,-960000.0,0.00011867382706582798,6.700000000000004,5000.0,-960000.0,5000.0,183600,0,5000.0,6000,5909,36000,30600,5100.0,846052.9123020717,166437.79175561375,166324.43851907758,-0.041196875,1.0,0.2414526,0.0015615851,0.0016790048723,0.0657014,6000,6.0,0.64909834,5909,1000.0,70.28053,36000,0.09436107,0.004090602044016123,-0.17560802,0.0008209260984,166716.89565641005,1000,20,9.320827044162353e-05,31000,0.00020851180406651187,-1.1,6.0,4.08673808969648e-05,50,50.0,0.7309302573416642,120,-16.5,17.5,0.03496720424004707,50,27.168093332126602,27.168093332126602,0.28859698717183135,-1.1,0.0003424515448518936,-1.1,1000,0.00011705114195726565,6000,6000,1000,1.4663096785420632e-05,3.110037355667937e-05,0.0001655621842925265,2.2378192165373435e-05,4.829720568532555e-05,1.453882430987017e-06,1.8338430435010666e-05,6.536339901646338e-06,3.419789885107089e-06,3.12060985302994e-05,6.548353461400786e-06,0.013156901254235945,0.0690362916115052,0.1968917752760133,0.0007987919528426022,0.00016284770095535724,6.184109216646039e-06,2.3674940796341975e-05,0.008146254120656978,1.4409571166368366e-06,3.0179387577272285e-05,0.00015255892508446355,1.5022863185890505e-05,2.126861160377926e-05,4.461852315734882e-05,6.187621809883165e-06,3.3903287250533917e-06,2.9055263245446206e-05,5.949351857946032e-06,1.793955821222544e-05
1,-1202500.0,False,7,a54d5_00000,2025-08-11_17-23-12,1754925792,4.813784599304199,34.3270525932312,73571,DESKTOP-3SK5A41,192.168.40.242,34.3270525932312,7,4.213317375391828,1.4467677259928324e-05,4.21301280268646,3.8078145275947177,0.4017078797101935,0.0014329522230031636,100.0,0.037493261451692905,-24050.0,0.012156653723389704,27.16809333212661,-5.5,14.5,-1202500.0,9.962755120884655e-05,0.0363024915700771,9.454360375664168e-05,8.299999999999997,6.0,50,4.37338477312558e-05,50,5000.0,27.16809333212661,50.0,1285.2953854287066,1,0,0,0,0,0,12.957142857142857,87.91428571428571,0.00035789432929806005,8.299999999999997,-1202500.0,0.00011862031541038027,8.299999999999997,5000.0,-1202500.0,5000.0,214200,0,5000.0,6000,5909,42000,30600,5100.0,843637.600382704,165947.0973585013,165834.2143522388,0.114593305,1.0,0.24029326,0.0013858575,0.0016790048723,0.02020007,6000,7.0,0.6296502,5909,1000.0,69.84105,42000,0.09564263,0.0020453010220080614,-0.01919285,0.0008209260984,166204.94554099435,1000,20,9.279446096015552e-05,36000,0.00020765168603128044,-0.9,7.0,4.055684772887867e-05,50,50.0,0.7308840167782447,140,-16.5,17.5,0.03494960223996713,50,27.168093332126602,27.168093332126602,0.2871718953001111,-0.9,0.0003405303152238453,-0.9,1000,0.0001152541170184686,7000,7000,1000,1.459943209050708e-05,3.098487565167617e-05,0.00016436073639531095,2.2151222899909463e-05,4.8200853036253037e-05,1.417381926743073e-06,1.841267087048595e-05,6.481303796533924e-06,3.474934974891768e-06,3.1110636837000274e-05,6.551482978744462e-06,0.013134104241696814,0.0690333336953889,0.1954939505232518,0.0007976910333137275,0.00016278122395254656,6.172268123216473e-06,2.366719139496266e-05,0.008146723579444093,1.4043147552406682e-06,2.9527463795898714e-05,0.00015125657915502556,1.531081484648985e-05,2.1974457706635075e-05,4.384385099548327e-05,6.047843142255236e-06,3.4154870939244863e-06,2.8264165064184342e-05,5.818759202947223e-06,1.7919327777230453e-05
1,-1445000.0,False,8,a54d5_00000,2025-08-11_17-23-17,1754925797,4.991543292999268,39.31859588623047,73571,DESKTOP-3SK5A41,192.168.40.242,39.31859588623047,8,4.21372807579791,1.4430000492629547e-05,4.213422997819596,3.8089532744687684,0.40097820792309397,0.0014326567007693046,100.0,0.03754349978224551,-28900.0,0.011526145940739821,27.16809333212661,-5.5,14.5,-1445000.0,0.00010109202143346596,0.036667899150015726,9.473821356991884e-05,9.299999999999997,7.0,50,4.4258061128830874e-05,50,5000.0,27.16809333212661,50.0,1278.649342007528,1,0,0,0,0,0,12.685714285714287,88.0,0.00036150204390597937,9.299999999999997,-1445000.0,0.00011914967196127003,9.299999999999997,5000.0,-1445000.0,5000.0,244800,0,5000.0,6000,5909,48000,30600,5100.0,840965.4938136728,165407.63452851592,165295.62386554363,0.17086774,1.0,0.24021325,0.0025018475,0.0016790048723,0.33326977,6000,8.0,0.6002963,5909,1000.0,71.12124,48000,0.09773803,0.0010226505110040307,0.03707777,0.0008209260984,165644.15089414254,1000,20,9.235691525718494e-05,41000,0.00020681316917534534,-1.5,8.0,4.0587370214458735e-05,50,50.0,0.7307989606404645,160,-16.5,17.5,0.03486025206993872,50,27.168093332126602,27.168093332126602,0.28721241535711195,-1.5,0.0003383353961727637,-1.5,1000,0.00011487456414819723,8000,8000,1000,1.4755380970252155e-05,3.1332476196646064e-05,0.00016603940824584082,2.2362424668795907e-05,4.85945669375864e-05,1.435347589471684e-06,1.8475469712586346e-05,6.567990273986988e-06,3.4898085709858544e-06,3.131493990864024e-05,6.596719714171392e-06,0.013100680199282627,0.06902927035844063,0.1955739930280193,0.0007967091229839617,0.00016276941171257904,6.161545448335694e-06,2.3647519478077737e-05,0.008146560343645377,1.3736975295167105e-06,2.988973728675939e-05,0.0001511231863711021,1.4969848373513195e-05,2.095256659022262e-05,4.41157128918139e-05,6.147992073224517e-06,3.2926085836710516e-06,2.858031290914713e-05,6.115260513979007e-06,1.7714911640912777e-05
1,-1687500.0,False,9,a54d5_00000,2025-08-11_17-23-22,1754925802,4.800790071487427,44.119385957717896,73571,DESKTOP-3SK5A41,192.168.40.242,44.119385957717896,9,4.212237384219927,1.4393700491523303e-05,4.2119313550214,3.809638473894076,0.39880075685386346,0.0014313441337671805,100.0,0.03749396210229958,-33750.0,0.012175391927820807,27.16809333212661,-5.5,14.5,-1687500.0,9.890517172213314e-05,0.03622039016001509,9.460836935416024e-05,10.900000000000007,8.0,50,4.372833771971859e-05,50,5000.0,27.16809333212661,50.0,1287.2800137697761,1,0,0,0,0,0,12.728571428571428,88.0,0.00035792619063039174,10.900000000000007,-1687500.0,0.00011817525298558116,10.900000000000007,5000.0,-1687500.0,5000.0,275400,0,5000.0,6000,5909,54000,30600,5100.0,838024.818371619,164816.44812538667,164704.70568602622,0.12008357,1.0,0.24372819,0.0001450026,0.0016790048723,0.02270054,6000,9.0,0.60419834,5909,1000.0,78.914055,54000,0.09923965,0.0005113252555020154,-0.015667254,0.0008209260984,165031.01574929705,1000,20,9.133384579779446e-05,46000,0.00020596503748733288,-1.1,9.0,4.033502995865228e-05,50,50.0,0.7307076430740543,180,-16.5,17.5,0.034833636979965374,50,27.168093332126602,27.168093332126602,0.2857946832135413,-1.1,0.0003382133027948377,-1.1,1000,0.00011483156533443127,9000,9000,1000,1.4565372152628737e-05,3.098152306930087e-05,0.00016475282357979813,2.2184113752576894e-05,4.788758227473661e-05,1.4317570237951232e-06,1.8309873385407623e-05,6.532665133646789e-06,3.4090002286599067e-06,3.10579932452046e-05,6.5258453758567105e-06,0.013071981397294798,0.06902683966485589,0.19418942009773735,0.0007956260317581147,0.00016293771759228303,6.148929994069685e-06,2.3610044279724987e-05,0.00814707574021192,1.3711722103236707e-06,2.9488157854308075e-05,0.0001520464988300436,1.5073033001416823e-05,2.125994690064879e-05,4.3816256303876115e-05,5.922158356901615e-06,3.2865482123042447e-06,2.8340946596968985e-05,6.013715712795561e-06,1.758730511045487e-05
1,-1930000.0,False,10,a54d5_00000,2025-08-11_17-23-27,1754925807,4.9717631340026855,49.09114909172058,73571,DESKTOP-3SK5A41,192.168.40.242,49.09114909172058,10,4.21245499761773,1.4354763485774536e-05,4.212148290711183,3.8106671133751377,0.3979803073053293,0.0014324166924340911,100.0,0.03744711183211824,-38600.0,0.011496849945046413,27.16809333212661,-5.5,14.5,-1930000.0,0.00010089980034726928,0.03658237622000342,9.524306501920144e-05,11.099999999999993,9.0,50,4.401293290746929e-05,50,5000.0,27.16809333212661,50.0,1281.839008098738,1,0,0,0,0,0,12.599999999999998,88.0,0.0003612869562974889,11.099999999999993,-1930000.0,0.00011889579408444595,11.099999999999993,5000.0,-1930000.0,5000.0,306000,0,5000.0,6000,5909,60000,30600,5100.0,836943.2529794776,164595.3692657606,164483.71848790467,-0.05371263,1.0,0.24722818,0.0014304802,0.0016790048723,0.06732805,6000,10.0,0.586935,5909,1000.0,85.46782,60000,0.096640885,0.0002556626277510077,-0.191457,0.0008209260984,164788.4748016183,1000,20,9.250095563086628e-05,51000,0.0002050863871102736,-1.3,10.0,4.040351515867499e-05,50,50.0,0.7306316906933177,200,-16.5,17.5,0.03476418091999221,50,27.168093332126602,27.168093332126602,0.28579007640140713,-1.3,0.0003387941343174827,-1.3,1000,0.0001155605482624173,10000,10000,1000,1.4717314916160545e-05,3.1235243858260694e-05,0.00016596063887821654,2.2373105112862435e-05,4.8544538725135094e-05,1.428912546738182e-06,1.839788769969867e-05,6.55333372827263e-06,3.4340812472787405e-06,3.1223455314518045e-05,6.559876680280175e-06,0.013025240583322759,0.0690168652782061,0.1942443269067601,0.0007949067714403381,0.0001629803404148673,6.14744069625124e-06,2.3588943836953348e-05,0.008146249982807986,1.4014539039063113e-06,2.9721091500259855e-05,0.0001504527561631858,1.4880794722205095e-05,2.1199676310855888e-05,4.459430632932933e-05,6.024747822830988e-06,3.3387789310313496e-06,2.8810183531229064e-05,6.123074681459016e-06,1.7716763027197698e-05
1,-2172500.0,False,11,a54d5_00000,2025-08-11_17-23-32,1754925812,4.839145183563232,53.93029427528381,73571,DESKTOP-3SK5A41,192.168.40.242,53.93029427528381,11,4.211322266871555,1.4319215854736843e-05,4.211014745034074,3.8117226624613916,0.39578863624227284,0.0014341045255152533,100.0,0.03760919909282654,-43450.0,0.012125352701586014,27.16809333212661,-5.5,14.5,-2172500.0,9.99924861583342e-05,0.03657355922002352,9.600896734488832e-05,12.5,10.0,50,4.3958168271546696e-05,50,5000.0,27.16809333212661,50.0,1277.0412676326455,1,0,0,0,0,0,12.571428571428571,87.95714285714287,0.0003608233010002005,12.5,-2172500.0,0.00011941564166470624,12.5,5000.0,-2172500.0,5000.0,336600,0,5000.0,6000,5909,66000,30600,5100.0,836846.9764245582,164565.77417740083,164454.45016558602,-0.040818762,1.0,0.2489846,0.0010148084,0.0016790048723,0.032792583,6000,11.0,0.56968856,5909,1000.0,89.54303,66000,0.099686325,0.00012783131387550384,-0.1795772,0.0008209260984,164737.3587343619,1000,20,9.418173798111022e-05,56000,0.00020434152323382717,-0.9,11.0,4.218073262569105e-05,50,50.0,0.7305852558263826,220,-16.5,17.5,0.034790567159998315,50,27.168093332126602,27.168093332126602,0.2843930576473987,-0.9,0.00034401108931779244,-0.9,1000,0.00011737122480712573,11000,11000,1000,1.465752981832606e-05,3.1179158974709706e-05,0.0001657536216831266,2.237055246547528e-05,4.863329406574293e-05,1.4421393417331695e-06,1.8520572068338374e-05,6.58403484554246e-06,3.477460448132204e-06,3.132692770192705e-05,6.552695295990907e-06,0.012982023177486363,0.06902244263542062,0.19288524863769474,0.0007942477037200348,0.00016293453701217637,6.135966288025622e-06,2.3560054401358108e-05,0.008148184482978419,1.4000170373487178e-06,3.0346754454570903e-05,0.0001536930359649893,1.5184094454565245e-05,2.183253279898252e-05,4.452170798520134e-05,6.111445546344936e-06,3.502228098579347e-06,2.86230864210117e-05,5.967309608236619e-06,1.8291710149297316e-05
1,-2415000.0,False,12,a54d5_00000,2025-08-11_17-23-37,1754925817,4.96939492225647,58.89968919754028,73571,DESKTOP-3SK5A41,192.168.40.242,58.89968919754028,12,4.211503763432843,1.4278023690702355e-05,4.211195890813734,3.812641178046776,0.3950517768998495,0.0014331654802551405,100.0,0.03764290110335372,-48300.0,0.011485670444412469,27.16809333212661,-5.5,14.5,-2415000.0,0.00010079514310209064,0.03649792619997244,9.58999098986841e-05,13.099999999999993,11.0,50,4.402378094785579e-05,50,5000.0,27.16809333212661,50.0,1278.4749736378492,1,0,0,0,0,0,12.900000000000002,88.0,0.0003601005657521112,13.099999999999993,-2415000.0,0.00011883057548450414,13.099999999999993,5000.0,-2415000.0,5000.0,367200,0,5000.0,6000,5909,72000,30600,5100.0,835706.5159516053,164330.4442370535,164219.03198146253,0.039053246,1.0,0.24898684,0.0012286394,0.0016790048723,0.074992225,6000,12.0,0.5417259,5909,1000.0,89.69674,72000,0.10005665,6.391565693775192e-05,-0.0997533,0.0008209260984,164482.3238149858,1000,20,9.267748975004292e-05,61000,0.0002035601079976205,-1.3,12.0,4.1395763156154074e-05,50,50.0,0.7305305423081182,240,-16.5,17.5,0.034777205190011956,50,27.168093332126602,27.168093332126602,0.2844009140909241,-1.3,0.0003393072164282851,-1.3,1000,0.00011444109333321782,12000,12000,1000,1.4706546383701344e-05,3.1121233225138965e-05,0.00016582199265530333,2.223325194060587e-05,4.836410627645065e-05,1.4216653630122594e-06,1.8405120960787892e-05,6.54271323179193e-06,3.45115245981992e-06,3.1322594413442535e-05,6.584328823580999e-06,0.012937080945709343,0.06901307321906229,0.19294937016131747,0.0007936762266843471,0.00016290819164266855,6.127606628535845e-06,2.354245385292878e-05,0.008148112638142047,1.3421726487820392e-06,3.0511900784212645e-05,0.00015135011540485838,1.4570716710382167e-05,2.1096966993618533e-05,4.421272128151271e-05,5.942707452037427e-06,3.384499083822263e-06,2.8602965365786873e-05,5.995413864949183e-06,1.7605604191331452e-05
1,-2657500.0,False,13,a54d5_00000,2025-08-11_17-23-42,1754925822,4.822027206420898,63.72171640396118,73571,DESKTOP-3SK5A41,192.168.40.242,63.72171640396118,13,4.210184128568514,1.4245243454654475e-05,4.209875421675596,3.8134818630863054,0.3928884080808576,0.0014321818254548137,100.0,0.03750820430577938,-53150.0,0.012144861033427979,27.16809333212661,-5.5,14.5,-2657500.0,0.00010011290992333832,0.036401221869991784,9.494091595803298e-05,12.299999999999997,12.0,50,4.3841494555709234e-05,50,5000.0,27.16809333212661,50.0,1285.0861815313658,1,0,0,0,0,0,12.628571428571428,88.0,0.00035906862111661423,12.299999999999997,-2657500.0,0.00011863869735123745,12.299999999999997,5000.0,-2657500.0,5000.0,397800,0,5000.0,6000,5909,78000,30600,5100.0,834980.3822041004,164174.9520547168,164064.2466713059,-0.06239481,1.0,0.24898909,0.0018517576,0.0016790048723,0.094064154,6000,13.0,0.50578916,5909,1000.0,89.89663,78000,0.10008645,3.195782846887596e-05,-0.20126294,0.0008209260984,164308.14306945074,1000,20,9.344979581874687e-05,66000,0.0002027115069156706,-0.7,13.0,4.152908653958876e-05,50,50.0,0.7305077916550365,260,-16.5,17.5,0.0348324749400399,50,27.168093332126602,27.168093332126602,0.2830050189100196,-0.7,0.0003433432538409313,-0.7,1000,0.000115805044487187,13000,13000,1000,1.4672402760749759e-05,3.0968425395589826e-05,0.00016505430250964115,2.2261895821658982e-05,4.817601030092635e-05,1.4341229888752513e-06,1.843891175936061e-05,6.551418917777327e-06,3.460291198378672e-06,3.113829175779307e-05,6.563104203671005e-06,0.012892969136249927,0.06901501646687055,0.19159580743970753,0.0007927304644177018,0.00016290110972601207,6.117330559506927e-06,2.3522029314425103e-05,0.008150163511759368,1.390426675755796e-06,3.013847830467677e-05,0.00015291925724797274,1.5760199394014075e-05,2.1828285174169765e-05,4.554170795924434e-05,5.976747057848236e-06,3.3492581217705097e-06,2.922310784934374e-05,5.854214651733668e-06,1.759535521383121e-05
1,-2900000.0,False,14,a54d5_00000,2025-08-11_17-23-47,1754925827,4.938651084899902,68.66036748886108,73571,DESKTOP-3SK5A41,192.168.40.242,68.66036748886108,14,4.210090390002821,1.420979101631349e-05,4.209781035178841,3.814064139275437,0.39220856390005066,0.0014311210072039603,100.0,0.03741384214573695,-58000.0,0.011489137596998194,27.16809333212661,-5.5,14.5,-2900000.0,9.948213080757914e-05,0.03619294288001583,9.42915015784429e-05,12.099999999999993,13.0,50,4.3656423995095405e-05,50,5000.0,27.16809333212661,50.0,1289.8801440386903,1,0,0,0,0,0,12.357142857142858,88.0,0.00035704125608219077,12.099999999999993,-2900000.0,0.00011785270637119058,12.099999999999993,5000.0,-2900000.0,5000.0,428400,0,5000.0,6000,5909,84000,30600,5100.0,833671.2903909088,163903.78251411882,163793.86853526862,-0.0826516,1.0,0.24898654,0.0011685078,0.0016790048723,0.1143717,6000,14.0,0.4736806,5909,1000.0,89.915794,84000,0.09945607,1.597891423443798e-05,-0.2215721,0.0008209260984,164020.6493218674,1000,20,9.296200481693367e-05,71000,0.0002018643918458084,-1.7,14.0,4.104652287961814e-05,50,50.0,0.7304422065184949,280,-16.5,17.5,0.03485589069002344,50,27.168093332126602,27.168093332126602,0.28305370763092286,-1.7,0.00033841165980426753,-1.7,1000,0.0001140587901108732,14000,14000,1000,1.4566794960425605e-05,3.075514502270168e-05,0.000164161600271754,2.2050971518039418e-05,4.8021256956162063e-05,1.4167631973692758e-06,1.8208856028624588e-05,6.474437639203138e-06,3.386606185483523e-06,3.10209027666698e-05,6.484953935447119e-06,0.012862834444890947,0.06900701628219533,0.19168463029531174,0.0007918751597720407,0.00016287109862619278,6.1091572573023376e-06,2.349780901813333e-05,0.008150594876643075,1.3762705861262897e-06,2.9970273175430623e-05,0.0001508739525006722,1.5036063985229312e-05,2.1421244564498312e-05,4.424421912459342e-05,5.861569054919676e-06,3.3399585944910247e-06,2.8136716507151367e-05,5.791750082842389e-06,1.7682290359400007e-05
1,-3142500.0,False,15,a54d5_00000,2025-08-11_17-23-52,1754925832,4.826975107192993,73.48734259605408,73571,DESKTOP-3SK5A41,192.168.40.242,73.48734259605408,15,4.208876231862792,1.4170693108277728e-05,4.208566207587056,3.8148871647026827,0.3901701232010489,0.0014309757971236673,100.0,0.037434315995388816,-62850.0,0.012149085903325916,27.16809333212661,-5.5,14.5,-3142500.0,0.00010010560951924312,0.036393488909989176,9.399893254305695e-05,13.099999999999993,14.0,50,4.3877224563912496e-05,50,5000.0,27.16809333212661,50.0,1283.2238674786545,1,0,0,0,0,0,12.214285714285714,87.98571428571428,0.0003592023626307319,13.099999999999993,-3142500.0,0.00011830566401520762,13.099999999999993,5000.0,-3142500.0,5000.0,459000,0,5000.0,6000,5909,90000,30600,5100.0,831483.8547315774,163459.9006578336,163350.91511482428,0.21292548,1.0,0.24747895,0.0026221406,0.0016790048723,0.1651341,6000,15.0,0.42024568,5909,1000.0,86.28974,90000,0.09526628,7.98945711721899e-06,0.07476122,0.0008209260984,163561.71918477598,1000,20,9.2432740514599e-05,76000,0.0002014977479190867,-1.9,15.0,4.024165650304241e-05,50,50.0,0.7303681862333078,300,-16.5,17.5,0.03485447344000022,50,27.168093332126602,27.168093332126602,0.28171544950462235,-1.9,0.0003383468829577513,-1.9,1000,0.0001149631116033448,15000,15000,1000,1.4694562117066863e-05,3.091539813352881e-05,0.0001651392931272207,2.231678722941117e-05,4.828972978134412e-05,1.448384573437011e-06,1.828879795700167e-05,6.5726476534065796e-06,3.4339873096897945e-06,3.099899947208496e-05,6.540647899096842e-06,0.012844889100444647,0.06901417509937119,0.19035567097236034,0.0007913564081783744,0.00016285438764541063,6.1040656836784334e-06,2.3477830927977607e-05,0.008153558917882898,1.400992741884639e-06,3.0154225674854366e-05,0.00014995183315132812,1.5555170678021706e-05,2.1255088440706973e-05,4.461634332858039e-05,6.060259324725838e-06,3.361037021273506e-06,2.8868412877253425e-05,5.945611249750141e-06,1.7700690739027228e-05
1,-3385000.0,False,16,a54d5_00000,2025-08-11_17-23-57,1754925837,4.952418565750122,78.4397611618042,73571,DESKTOP-3SK5A41,192.168.40.242,78.4397611618042,16,4.208822583784171,1.4139986176573642e-05,4.208511983751187,3.815437144335652,0.3895641629290405,0.0014312250391535304,100.0,0.03732987717388722,-67700.0,0.011530621496595344,27.16809333212661,-5.5,14.5,-3385000.0,9.960728192191997e-05,0.03618790933997844,9.422513621545986e-05,13.900000000000007,15.0,50,4.366625586017624e-05,50,5000.0,27.16809333212661,50.0,1291.9472654776464,1,0,0,0,0,0,12.02857142857143,88.0,0.0003571133528852665,13.900000000000007,-3385000.0,0.00011766861203611444,13.900000000000007,5000.0,-3385000.0,5000.0,489600,0,5000.0,6000,5909,96000,30600,5100.0,828450.3132293383,162853.04796565665,162744.9534754451,-0.04819039,1.0,0.25074005,0.00010274335,0.0016790048723,0.0286224,6000,16.0,0.42551485,5909,1000.0,93.90916,96000,0.11821884,3.994728558609495e-06,-0.18817568,0.0008209260984,162939.93103202982,1000,20,9.178588300838225e-05,81000,0.00020096077044366755,-2.3,16.0,4.115137045354243e-05,50,50.0,0.7304027352809744,320,-16.5,17.5,0.03492888030997165,50,27.168093332126602,27.168093332126602,0.2817986669695803,-2.3,0.0003404252610928114,-2.3,1000,0.00011596300837242778,16000,16000,1000,1.4497893095275343e-05,3.084451052967018e-05,0.00016419618942998117,2.214002088282659e-05,4.8010535507014806e-05,1.4263111967240893e-06,1.822742800346394e-05,6.47898148780536e-06,3.401518898023176e-06,3.100699296003239e-05,6.455288633857478e-06,0.012822510199446491,0.06901485233837432,0.19046212024263737,0.0007902698440940196,0.0001628328437727436,6.0930250255785425e-06,2.3449052613857632e-05,0.008154006328704106,1.4377640436631168e-06,2.9905127089711936e-05,0.00015235535392187468,1.5032138428931312e-05,2.118871614174589e-05,4.437710531372466e-05,6.014421390831421e-06,3.545200596452436e-06,2.8657216525524585e-05,5.8198288546978175e-06,1.795923598818819e-05
1,-3627500.0,False,17,a54d5_00000,2025-08-11_17-24-02,1754925842,4.801887273788452,83.24164843559265,73571,DESKTOP-3SK5A41,192.168.40.242,83.24164843559265,17,4.2073212374563305,1.4106586318627958e-05,4.2070101804236675,3.8159793494222964,0.387519941279753,0.0014299557887610108,100.0,0.03725183929457063,-72550.0,0.012260942798518313,27.16809333212661,-5.5,14.5,-3627500.0,9.875486006622367e-05,0.03614241058007792,9.37991457135334e-05,13.7,16.0,50,4.3561346631769686e-05,50,5000.0,27.16809333212661,50.0,1292.6019476218157,1,0,0,0,0,0,12.542857142857144,88.0,0.0003570253289843231,13.7,-3627500.0,0.00011784258829815387,13.7,5000.0,-3627500.0,5000.0,520200,0,5000.0,6000,5909,102000,30600,5100.0,824769.1022237553,162120.80316974997,162013.9337523831,-0.074043564,1.0,0.25074005,0.00036243282,0.0016790048723,0.04126867,6000,17.0,0.4063515,5909,1000.0,94.10529,102000,0.11844176,1.9973642793047475e-06,-0.21406102,0.0008209260984,162193.09331733276,1000,20,9.424171301356923e-05,86000,0.0002001981627393794,-1.9,17.0,4.072048763842843e-05,50,50.0,0.7303842028881615,340,-16.5,17.5,0.034960208230004355,50,27.168093332126602,27.168093332126602,0.2804329752798838,-1.9,0.00034145209369164424,-1.9,1000,0.00011604809242549613,17000,17000,1000,1.4573689736797737e-05,3.0838909129555456e-05,0.00016386319262081742,2.215671897572101e-05,4.805818804564284e-05,1.4254346937625388e-06,1.827645158192499e-05,6.544900054235104e-06,3.403138557294357e-06,3.095403858743969e-05,6.457203429970716e-06,0.012794636097452981,0.06900668680499017,0.18913466803021398,0.000789251145657072,0.0001629605153364944,6.083094781674144e-06,2.3446562089861796e-05,0.008153459265418465,1.4195914189703566e-06,3.0189577210957625e-05,0.00015135999309573477,1.5199921810240913e-05,2.1831886648826088e-05,4.444099006087313e-05,6.040703663343037e-06,3.3626661483094402e-06,2.892977864579654e-05,5.890505064922452e-06,1.7787820541970803e-05
1,-3870000.0,False,18,a54d5_00000,2025-08-11_17-24-07,1754925847,4.931638240814209,88.17328667640686,73571,DESKTOP-3SK5A41,192.168.40.242,88.17328667640686,18,4.207100693131772,1.407852046095441e-05,4.206789209669425,3.8164429629680776,0.3868334368769497,0.0014317772308721484,100.0,0.03718842113595491,-77400.0,0.011585854205865338,27.16809333212661,-5.5,14.5,-3870000.0,9.911394567095724e-05,0.036109535040040996,9.268708179314794e-05,13.5,17.0,50,4.353735904934177e-05,50,5000.0,27.16809333212661,50.0,1294.8455254607015,1,0,0,0,0,0,12.614285714285714,88.0,0.00035658176421984254,13.5,-3870000.0,0.00011772239909256453,13.5,5000.0,-3870000.0,5000.0,550800,0,5000.0,6000,5909,108000,30600,5100.0,823292.9829017641,161820.27856383196,161714.0553363192,0.013754611,1.0,0.24898705,0.0013319253,0.0016790048723,0.026778612,6000,18.0,0.36456656,5909,1000.0,92.20857,108000,0.11535233,9.986821396523737e-07,-0.12534934,0.0008209260984,161876.04243147178,1000,20,9.501249146441439e-05,91000,0.00019940318110768767,-1.9,18.0,4.164414746476368e-05,50,50.0,0.730404239859285,360,-16.5,17.5,0.034997308450019776,50,27.168093332126602,27.168093332126602,0.280500903537087,-1.9,0.0003452203748341499,-1.9,1000,0.00011619347763370016,18000,18000,1000,1.4547363601167332e-05,3.060425033148961e-05,0.0001640819503303092,2.1962675069725235e-05,4.7796453560740914e-05,1.4202566075704322e-06,1.8214138303063404e-05,6.517285862042596e-06,3.398723644873437e-06,3.098339543962643e-05,6.465600073614398e-06,0.012751926736481414,0.06900586693694052,0.18924545835991577,0.0007882546342049186,0.00016303391019031215,6.076263826672482e-06,2.342009647025702e-05,0.008155764672761788,1.3917112476441986e-06,3.073654421427684e-05,0.00015340337515013926,1.5196236339551745e-05,2.162336981347501e-05,4.488749113580827e-05,6.121292039742479e-06,3.3633254239300532e-06,2.9452874367314353e-05,5.997305361276156e-06,1.7563122144952516e-05
1,-4112500.0,False,19,a54d5_00000,2025-08-11_17-24-12,1754925852,4.812806129455566,92.98609280586243,73571,DESKTOP-3SK5A41,192.168.40.242,92.98609280586243,19,4.205703375330454,1.4045735260164919e-05,4.205391555702726,3.817087855458402,0.38479001351817893,0.00143092945855784,100.0,0.03722635490675803,-82250.0,0.012209804446529984,27.16809333212661,-5.5,14.5,-4112500.0,9.936518568196326e-05,0.03625873311998475,9.313079780169568e-05,13.7,18.0,50,4.364950067738325e-05,50,5000.0,27.16809333212661,50.0,1290.0323458779535,1,0,0,0,0,0,12.37142857142857,88.0,0.00035810017070277746,13.7,-4112500.0,0.00011816505009110594,13.7,5000.0,-4112500.0,5000.0,581400,0,5000.0,6000,5909,114000,30600,5100.0,821250.8443071868,161410.72956048363,161305.37946735974,-0.07294705,1.0,0.25074005,0.0003186204,0.0016790048723,0.02188569,6000,19.0,0.34613943,5909,1000.0,94.628845,114000,0.119541526,4.993410698261869e-07,-0.2130656,0.0008209260984,161451.30128159307,1000,20,9.510071852957822e-05,96000,0.0001986411492916813,-1.3,19.0,4.146403816347191e-05,50,50.0,0.7304068535106969,380,-16.5,17.5,0.03506335571001728,50,27.168093332126602,27.168093332126602,0.2791470045117187,-1.3,0.0003447842885930788,-1.3,1000,0.00011681722598350696,19000,19000,1000,1.459958563060762e-05,3.0882900050785035e-05,0.0001643236335328769,2.2312964968085048e-05,4.816745760790611e-05,1.4196632369394065e-06,1.8329928161924797e-05,6.522280732360591e-06,3.392543563604849e-06,3.104583672740547e-05,6.500840311568716e-06,0.012718081469116337,0.06900076926757742,0.18793121778631844,0.0007872590878624208,0.00016302357109114013,6.069501190315783e-06,2.3421895510870324e-05,0.008156678026039341,1.3719803224029098e-06,3.0392782256831742e-05,0.00015406145887152833,1.5220894565595116e-05,2.1167415261044202e-05,4.515978065181723e-05,6.056584325102097e-06,3.3139604823324125e-06,2.8941607709686003e-05,6.022276477972048e-06,1.7851392443453747e-05
1,-4355000.0,True,20,a54d5_00000,2025-08-11_17-24-17,1754925857,4.971873044967651,97.95796585083008,73571,DESKTOP-3SK5A41,192.168.40.242,97.95796585083008,20,4.205971480867145,1.4010277906729736e-05,4.205659200435701,3.8179248301738222,0.38422115840299625,0.0014297311639706507,100.0,0.03742822689300138,-87100.0,0.01155610607822316,27.16809333212661,-5.5,14.5,-4355000.0,0.00010016085525280128,0.0364717322699562,9.449130811124285e-05,13.3,19.0,50,4.392942301816375e-05,50,5000.0,27.16809333212661,50.0,1281.7046367252021,1,0,0,0,0,0,12.000000000000002,88.0,0.00035981220404774104,13.3,-4355000.0,0.00011894093660186018,13.3,5000.0,-4355000.0,5000.0,612000,0,5000.0,6000,5909,120000,30600,5100.0,819195.283465794,160998.16893129548,160893.75935210774,0.43922263,1.0,0.24548736,0.0005711292,0.0016790048723,0.1311051,6000,20.0,0.3035208,5909,1000.0,82.52418,120000,0.088665724,2.4967053491309343e-07,0.30198002,0.0008209260984,161024.86075976316,1000,20,9.276640935150025e-05,101000,0.0001978717377978519,-0.9,20.0,4.0891472533539484e-05,50,50.0,0.730342429025595,400,-14.5,17.5,0.03507289797003068,50,27.168093332126602,27.168093332126602,0.2792602844865992,-0.9,0.00034234634161678433,-0.9,1000,0.00011616445471268985,20000,20000,1000,1.4593166072866128e-05,3.081820978106254e-05,0.0001657380236452186,2.2257321389966287e-05,4.820716221374702e-05,1.433381281315241e-06,1.8327655347325427e-05,6.526612628761427e-06,3.4646447970813427e-06,3.1313312622230786e-05,6.521771671655108e-06,0.012697801654424372,0.06899197257490264,0.18807604162845504,0.0007861494969759302,0.00016304533538106006,6.063806178842197e-06,2.3406676549865416e-05,0.008155868245775032,1.464054699698419e-06,2.9684450612616847e-05,0.000152832786761636,1.5374021526188576e-05,2.1778804784524518e-05,4.4591365681684586e-05,5.880868477815661e-06,3.674658622322615e-06,2.9370392318775277e-05,5.8091060507434964e-06,1.7792241039429978e-05
