num_training_step_calls_per_iteration,num_env_steps_sampled_lifetime,done,training_iteration,trial_id,date,timestamp,time_this_iter_s,time_total_s,pid,hostname,node_ip,time_since_restore,iterations_since_restore,timers/training_iteration,timers/restore_env_runners,timers/training_step,timers/env_runner_sampling_timer,timers/learner_update_timer,timers/synch_weights,env_runners/episode_return_mean,env_runners/episode_return_max,env_runners/episode_len_min,env_runners/num_env_steps_sampled_lifetime,env_runners/sample,env_runners/env_to_module_sum_episodes_length_out,env_runners/num_env_steps_sampled,env_runners/env_step_timer,env_runners/rlmodule_inference_timer,env_runners/num_episodes_lifetime,env_runners/episode_duration_sec_mean,env_runners/episode_return_min,env_runners/time_between_sampling,env_runners/episode_len_mean,env_runners/episode_len_max,env_runners/env_reset_timer,env_runners/num_episodes,env_runners/weights_seq_no,env_runners/env_to_module_sum_episodes_length_in,env_runners/num_env_steps_sampled_lifetime_throughput,evaluation/num_healthy_workers,evaluation/actor_manager_num_outstanding_async_reqs,evaluation/num_remote_worker_restarts,fault_tolerance/num_healthy_workers,fault_tolerance/num_remote_worker_restarts,env_runner_group/actor_manager_num_outstanding_async_reqs,perf/cpu_util_percent,perf/ram_util_percent,env_runners/env_to_module_connector/connector_pipeline_timer,env_runners/num_module_steps_sampled/default_policy,env_runners/module_to_env_connector/connector_pipeline_timer,env_runners/num_module_steps_sampled_lifetime/default_policy,env_runners/num_agent_steps_sampled/default_agent,env_runners/module_episode_returns_mean/default_policy,env_runners/num_agent_steps_sampled_lifetime/default_agent,env_runners/agent_episode_returns_mean/default_agent,learners/default_policy/mean_kl_loss,learners/default_policy/vf_loss_unclipped,learners/default_policy/curr_kl_coeff,learners/default_policy/default_optimizer_learning_rate,learners/default_policy/num_module_steps_trained_lifetime,learners/default_policy/num_trainable_parameters,learners/default_policy/entropy,learners/default_policy/num_module_steps_trained,learners/default_policy/total_loss,learners/default_policy/weights_seq_no,learners/default_policy/diff_num_grad_updates_vs_sampler_policy,learners/default_policy/vf_loss,learners/default_policy/gradients_default_optimizer_global_norm,learners/default_policy/curr_entropy_coeff,learners/default_policy/policy_loss,learners/default_policy/vf_explained_var,learners/default_policy/module_train_batch_size_mean,learners/default_policy/num_module_steps_trained_lifetime_throughput,learners/__all_modules__/num_trainable_parameters,learners/__all_modules__/learner_connector_sum_episodes_length_in,learners/__all_modules__/num_non_trainable_parameters,learners/__all_modules__/num_env_steps_trained_lifetime,learners/__all_modules__/learner_connector_sum_episodes_length_out,learners/__all_modules__/num_module_steps_trained,learners/__all_modules__/num_module_steps_trained_lifetime,learners/__all_modules__/num_env_steps_trained,learners/__all_modules__/num_env_steps_trained_lifetime_throughput,learners/__all_modules__/num_module_steps_trained_throughput,learners/__all_modules__/num_module_steps_trained_lifetime_throughput,evaluation/env_runners/episode_len_max,evaluation/env_runners/env_to_module_sum_episodes_length_in,evaluation/env_runners/sample,evaluation/env_runners/num_env_steps_sampled,evaluation/env_runners/num_episodes,evaluation/env_runners/weights_seq_no,evaluation/env_runners/episode_return_max,evaluation/env_runners/num_env_steps_sampled_lifetime,evaluation/env_runners/num_episodes_lifetime,evaluation/env_runners/episode_len_mean,evaluation/env_runners/episode_len_min,evaluation/env_runners/env_to_module_sum_episodes_length_out,evaluation/env_runners/episode_duration_sec_mean,evaluation/env_runners/env_reset_timer,evaluation/env_runners/episode_return_mean,evaluation/env_runners/env_step_timer,evaluation/env_runners/episode_return_min,evaluation/env_runners/rlmodule_inference_timer,learners/__all_modules__/learner_connector/connector_pipeline_timer,evaluation/env_runners/env_to_module_connector/connector_pipeline_timer,evaluation/env_runners/agent_episode_returns_mean/default_agent,evaluation/env_runners/num_module_steps_sampled_lifetime/default_policy,evaluation/env_runners/module_to_env_connector/connector_pipeline_timer,evaluation/env_runners/num_module_steps_sampled/default_policy,evaluation/env_runners/num_agent_steps_sampled/default_agent,evaluation/env_runners/num_agent_steps_sampled_lifetime/default_agent,evaluation/env_runners/module_episode_returns_mean/default_policy,env_runners/env_to_module_connector/timers/connectors/add_time_dim_to_batch_and_zero_pad,env_runners/env_to_module_connector/timers/connectors/batch_individual_items,env_runners/env_to_module_connector/timers/connectors/numpy_to_tensor,env_runners/env_to_module_connector/timers/connectors/add_states_from_episodes_to_batch,env_runners/env_to_module_connector/timers/connectors/add_observations_from_episodes_to_batch,env_runners/module_to_env_connector/timers/connectors/tensor_to_numpy,env_runners/module_to_env_connector/timers/connectors/un_batch_to_individual_items,env_runners/module_to_env_connector/timers/connectors/listify_data_for_vector_env,env_runners/module_to_env_connector/timers/connectors/remove_single_ts_time_rank_from_batch,env_runners/module_to_env_connector/timers/connectors/get_actions,env_runners/module_to_env_connector/timers/connectors/normalize_and_clip_actions,learners/__all_modules__/learner_connector/timers/connectors/add_states_from_episodes_to_batch,learners/__all_modules__/learner_connector/timers/connectors/general_advantage_estimation,learners/__all_modules__/learner_connector/timers/connectors/add_observations_from_episodes_to_batch,learners/__all_modules__/learner_connector/timers/connectors/add_columns_from_episodes_to_train_batch,learners/__all_modules__/learner_connector/timers/connectors/add_one_ts_to_episodes_and_truncate,learners/__all_modules__/learner_connector/timers/connectors/add_time_dim_to_batch_and_zero_pad,learners/__all_modules__/learner_connector/timers/connectors/batch_individual_items,learners/__all_modules__/learner_connector/timers/connectors/numpy_to_tensor,evaluation/env_runners/env_to_module_connector/timers/connectors/add_observations_from_episodes_to_batch,evaluation/env_runners/env_to_module_connector/timers/connectors/add_time_dim_to_batch_and_zero_pad,evaluation/env_runners/env_to_module_connector/timers/connectors/batch_individual_items,evaluation/env_runners/env_to_module_connector/timers/connectors/numpy_to_tensor,evaluation/env_runners/env_to_module_connector/timers/connectors/add_states_from_episodes_to_batch,evaluation/env_runners/module_to_env_connector/timers/connectors/tensor_to_numpy,evaluation/env_runners/module_to_env_connector/timers/connectors/listify_data_for_vector_env,evaluation/env_runners/module_to_env_connector/timers/connectors/get_actions,evaluation/env_runners/module_to_env_connector/timers/connectors/normalize_and_clip_actions,evaluation/env_runners/module_to_env_connector/timers/connectors/un_batch_to_individual_items,evaluation/env_runners/module_to_env_connector/timers/connectors/remove_single_ts_time_rank_from_batch
1,252500.0,False,1,470e3_00000,2025-08-11_16-32-31,1754922751,4.920731067657471,4.920731067657471,31233,DESKTOP-3SK5A41,192.168.40.242,4.920731067657471,1,4.185067379999964,1.5200000007098424e-05,4.184835380000095,3.780310772999883,0.4011391070000627,0.0014717000001382985,5.299999999999998,14.5,50,252500.0,0.03873367415183296,26.762340024562445,5000.0,4.3529809899534817e-05,0.0001037565021114577,5050.0,0.03536304776999941,-5.5,0.0011775305967216734,50.0,50,0.00017847325006095156,100.0,0.0,26.762340024562445,1281.9289116245418,1,0,0,0,0,0,11.237499999999999,89.5,0.00011934986710889026,5000.0,0.00036303210699592634,252500.0,5000.0,5.299999999999998,252500.0,5.299999999999998,0.12509827,68.065895,0.5404796600341797,0.0654205676289,6000,6082,0.59637433,6000,0.22201529,1.0,1.0,0.30105492,1.0516444,0.0136959126664,-0.007683534,-0.001501441,1000.0,213746.16801899666,6082,5000,0,30600,5100,6000,6000,30600,1081737.1284513534,213169.9902161958,212972.86704323793,50,27.167134025045954,0.7196821130000899,1000,20,1.0,17.5,6000,20,50.0,50,27.167134025045954,0.034512185549999685,0.00023160000000643777,2.1,4.1864853119833726e-05,-16.5,9.551336484606943e-05,0.2916022049998901,0.00011307860862873861,2.1,1000,0.0003407491176252452,1000,1000,1000,2.1,6.608727456653322e-06,1.8354199545545985e-05,3.0363443050685332e-05,3.41893760163196e-06,6.378304229571284e-06,4.6716353264431865e-05,1.4593181403307203e-05,3.089825464898686e-05,1.6113915750379468e-06,0.00016487525229505085,2.8403192603731062e-05,5.8999999055231456e-06,0.012451699999928678,0.0008190999999442283,0.07005460100003802,0.008387699999957476,2.5000000050567905e-05,0.19941600399988602,0.00015940000002956367,5.873086191510882e-06,5.265816721836302e-06,1.873829335706406e-05,2.9179634168020773e-05,3.4835422386359162e-06,4.457046356195945e-05,2.968166316050604e-05,0.00015516459197748605,2.228531514664829e-05,1.572251350381528e-05,1.3851954427570868e-06
1,10000.0,False,2,470e3_00000,2025-08-11_16-32-36,1754922756,4.761066913604736,9.681797981262207,31233,DESKTOP-3SK5A41,192.168.40.242,9.681797981262207,2,4.183526160949963,1.5175000007729976e-05,4.183292690950093,3.7809665789798825,0.39893840997006236,0.001470672000136801,-2.1,14.5,50,10000.0,0.037484823188629945,27.16809333212661,5000.0,4.253045704856235e-05,9.977997650135731e-05,200.0,0.035960237659983255,-5.5,0.008783790043871125,50.0,50,0.0001230772149031396,100.0,1.0,27.16809333212661,1303.2007224062177,1,0,0,0,0,0,11.416666666666666,89.3,0.00011749744235706683,5000.0,0.00035418806544588067,10000.0,5000.0,-2.1,10000.0,-2.1,0.06897712,42.713352,0.8107194900512695,0.0654205676289,12000,6082,0.24122961,6000,0.3083858,2.0,1.0,0.30105492,0.5552155,0.0136959126664,0.08161754,0.0024847984,1000.0,212978.9235011967,6082,5000.0,0,61200,5100.0,6000,12000,30600,1077926.2808273397,212412.08601164978,212215.76665944938,50,27.168093298253442,0.7196436110000878,1000,20,2.0,17.5,11000,40,50.0,50,27.168093298253442,0.03443973807499674,0.00023056100000758305,0.6,4.051857116857007e-05,-16.5,9.108259092080042e-05,0.2901335239798914,0.00011249411317478704,0.6,2000,0.00033467828950541653,1000,1000,2000,0.6,6.383206882578243e-06,1.821852103506075e-05,3.036431318144658e-05,3.444783223276239e-06,6.283242231716886e-06,4.828719141575441e-05,1.4433232317664652e-05,3.068739711236731e-05,1.579615741432494e-06,0.000160892604209988,2.1912436651056986e-05,5.90599990573537e-06,0.012421333999930085,0.0008184659999460563,0.07003404100003763,0.008385933009958536,2.498700005162391e-05,0.1980006709698887,0.00015937400002940193,6.064716130970921e-06,5.2221027415487825e-06,1.8506722953637472e-05,2.8294587025443775e-05,3.4301415291833273e-06,4.381899283401447e-05,2.8929095966568456e-05,0.00015343446347039608,2.1312647752822814e-05,1.5423087009338944e-05,1.3560100104306058e-06
1,-232500.0,False,3,470e3_00000,2025-08-11_16-32-40,1754922760,4.913882493972778,14.595680475234985,31233,DESKTOP-3SK5A41,192.168.40.242,14.595680475234985,3,4.183562910760465,1.5159250008673552e-05,4.183327834460593,3.7831423126100834,0.3967920428703605,0.0014701892801345364,-4.3,14.5,50,-232500.0,0.037604548623433896,27.16809333212661,5000.0,4.273502709239024e-05,0.00013395362473342707,-4650.0,0.03747395241001415,-5.5,0.010183931253648854,50.0,50,0.00010228362172175556,100.0,2.0,27.16809333212661,1288.3020515206586,1,0,0,0,0,0,12.3,89.29999999999998,0.00011789551211039433,5000.0,0.00035592297737555316,-232500.0,5000.0,-4.3,-232500.0,-4.3,0.020815633,35.961853,0.8107194900512695,0.0654205676289,18000,6082,0.3849936,6000,0.2915389,3.0,1.0,0.30105492,0.27084288,0.0136959126664,0.08714472,-0.0015712976,1000.0,211612.79777812862,6082,5000.0,0,91800,5100.0,6000,18000,30600,1071139.8577867956,211063.07865595896,210868.9761651719,50,27.168093332125434,0.7195697099100876,1000,20,3.0,17.5,16000,60,50.0,50,27.168093332125434,0.03436105541665787,0.00022973439000752475,2.1,4.031781262716288e-05,-16.5,9.39766556320619e-05,0.2887081137400922,0.0001091035999885822,2.1,3000,0.0003369450095835228,1000,1000,3000,2.1,6.469439602175301e-06,1.830535429193667e-05,3.0364974889926405e-05,3.4514598826449206e-06,6.294178693103308e-06,4.861546189280872e-05,1.4453108071302057e-05,3.0929790880266335e-05,1.5894222809023653e-06,0.0001615463979990378,2.198467719924533e-05,5.901939904833852e-06,0.0123982706599312,0.0008173643399470165,0.07002354159003805,0.008388537679857564,2.4995130051138404e-05,0.19660722726018917,0.00015937726002950966,5.752464330843565e-06,5.101013222309459e-06,1.7767877555715803e-05,2.8390494519808428e-05,3.2539853779173743e-06,4.486640847596763e-05,3.0003511454928753e-05,0.00015160819736326523,2.2028392965925702e-05,1.5593799623033025e-05,1.4810959756488387e-06
1,-475000.0,False,4,470e3_00000,2025-08-11_16-32-45,1754922765,4.911923885345459,19.507604360580444,31233,DESKTOP-3SK5A41,192.168.40.242,19.507604360580444,4,4.183593852732861,1.5144657508127237e-05,4.183357513195988,3.7838980455639826,0.39606339444165767,0.0014689013873332025,1.9,14.5,50,-475000.0,0.037783175670435494,27.16809333212661,5000.0,4.266804003698307e-05,0.00010021849829482385,-9500.0,0.0360891830799983,-5.5,0.010699556379692858,50.0,50,9.622577473218552e-05,100.0,3.0,27.16809333212661,1293.941780574965,1,0,0,0,0,0,12.0625,89.3,0.00011771800882631124,5000.0,0.00035624567831158733,-475000.0,5000.0,1.9,-475000.0,1.9,0.02560674,63.488625,0.8107194900512695,0.0654205676289,24000,6082,0.6281384,6000,-0.01617403,4.0,1.0,0.30105492,0.77905834,0.0136959126664,-0.22112232,-0.014481068,1000.0,209925.15716786444,6082,5000.0,0,122400,5100.0,6000,24000,30600,1062765.7251855345,209397.22182581658,209204.94476851466,50,27.168093332126602,0.7194800968309861,1000,20,4.0,17.5,21000,80,50.0,50,27.168093332126602,0.03430326033748941,0.0002286920461071231,1.35,4.0934305890589e-05,-16.5,9.339124822811885e-05,0.28869580260269206,0.00010848764198714905,1.35,4000,0.0003365653621381971,1000,1000,4000,1.35,6.381522304154768e-06,1.8212054132807555e-05,3.0346676884886846e-05,3.4365582353486113e-06,6.2955463365179865e-06,4.8576376509108264e-05,1.4442980378905194e-05,3.082917400018458e-05,1.5963886598829752e-06,0.0001618064374260846,2.1986347789203462e-05,5.925920505689645e-06,0.012378135953330722,0.0008163126965470728,0.06999444617413715,0.008389895303057615,2.5100178750299166e-05,0.19664416498758808,0.0001593764874287169,5.993341377686206e-06,5.125042774933809e-06,1.7675170624848505e-05,2.7820334587973123e-05,3.1753718681349473e-06,4.4693144979253484e-05,3.0499419261192706e-05,0.00015107308491684167,2.198552482169181e-05,1.575796245168377e-05,1.4048263129712324e-06
1,-717500.0,False,5,470e3_00000,2025-08-11_16-32-50,1754922770,4.763956069946289,24.271560430526733,31233,DESKTOP-3SK5A41,192.168.40.242,24.271560430526733,5,4.182125504355532,1.5112210931949711e-05,4.1818866322140265,3.7846394232983442,0.39384380245724027,0.001470928373459958,5.299999999999998,14.5,50,-717500.0,0.03736736349972497,27.16809333212661,5000.0,4.264769026731876e-05,9.957666708650822e-05,-14350.0,0.03604924122999818,-5.5,0.011771335381689153,50.0,50,9.44416133495803e-05,100.0,4.0,27.16809333212661,1295.6193238807314,1,0,0,0,0,0,12.633333333333333,89.3,0.0001180540263908878,5000.0,0.00035584936396994136,-717500.0,5000.0,5.299999999999998,-717500.0,5.299999999999998,0.016102161,73.28731,0.8107194900512695,0.0654205676289,30000,6082,0.64115727,6000,-0.035009854,5.0,1.0,0.30105492,0.5104734,0.0136959126664,-0.23207434,-0.020053506,1000.0,208421.45038407668,6082,5000.0,0,153000,5100.0,6000,30000,30600,1055415.3103663053,207921.41523428343,207732.24083540408,50,27.168093332126602,0.7194198607026746,1000,20,5.0,17.5,26000,100,50.0,50,27.168093332126602,0.034285061119990135,0.0002286721256458989,1.5,4.0445300627597e-05,-16.5,9.313325798787742e-05,0.2872375185466666,0.00011022887502824028,1.5,5000,0.0003342666806281748,1000,1000,5000,1.5,6.3898961011519735e-06,1.825390647134951e-05,3.0374764308750954e-05,3.4250861394518818e-06,6.38922879013853e-06,4.8521114708953496e-05,1.4409556035666048e-05,3.089359071426734e-05,1.5966287325797266e-06,0.00016150054729551294,2.188750583253683e-05,5.9236613026488875e-06,0.01234339459379771,0.0008149945695819415,0.0699627556923957,0.008387566350026868,2.5064176962821786e-05,0.19525568532771215,0.00015950272255236088,5.832750597525178e-06,5.294234497628353e-06,1.828648091552598e-05,2.8767827246629577e-05,3.2623193661691883e-06,4.443645022436349e-05,2.946009906419993e-05,0.00015055355107851872,2.1831767761476128e-05,1.5451890005206975e-05,1.3900892038727206e-06
1,-960000.0,False,6,470e3_00000,2025-08-11_16-32-55,1754922775,4.908932209014893,29.180492639541626,31233,DESKTOP-3SK5A41,192.168.40.242,29.180492639541626,6,4.182091786191975,1.5084088822433354e-05,4.181851632771886,3.7853923890953607,0.39305431328266843,0.0014710590897265446,3.5,14.5,50,-960000.0,0.03721571850982622,27.16809333212661,5000.0,4.260269714251235e-05,0.00010023993826092398,-19200.0,0.036085999099991564,-5.5,0.011233354232483776,50.0,50,9.261856938872757e-05,100.0,5.0,27.16809333212661,1296.3921283695568,1,0,0,0,0,0,12.299999999999999,89.35714285714286,0.00011766960578889449,5000.0,0.0003561273246027203,-960000.0,5000.0,3.5,-960000.0,3.5,0.00593513,57.73868,0.40535974502563477,0.0654205676289,36000,6082,0.6897722,6000,0.26485297,6.0,1.0,0.30105492,0.1617203,0.0136959126664,0.07669695,-0.011719108,1000.0,207010.282718043,6082,5000.0,0,183600,5100.0,6000,36000,30600,1048537.1345602922,206537.85277306987,206352.0148664556,50,27.168093332126602,0.7193930527556474,1000,20,6.0,17.5,31000,120,50.0,50,27.168093332126602,0.034268896669989314,0.00022762540438858294,0.9,4.0264902608755275e-05,-16.5,9.233206253978984e-05,0.2872006672311987,0.00011140100933767294,0.9,6000,0.0003357608253384347,1000,1000,6000,0.9,6.394635118785634e-06,1.8251679302193864e-05,3.049136191977656e-05,3.4125723133817353e-06,6.3045684199720114e-06,4.86150723073193e-05,1.4454963555937983e-05,3.104263116090651e-05,1.5898459258480634e-06,0.0001615103855144295,2.1922180465862328e-05,5.918424689258688e-06,0.012303463647858205,0.0008138036238859464,0.06993549910547263,0.008386331676528035,2.5001535192264163e-05,0.1952890393844353,0.00015948969532670847,5.76500124336952e-06,5.200185620416002e-06,1.858445210360444e-05,2.934656558770718e-05,3.3113210181743445e-06,4.482655702413643e-05,2.940076363667252e-05,0.00015147183638909806,2.199620592856838e-05,1.5601045406795926e-05,1.346131492397812e-06
1,-1202500.0,False,7,470e3_00000,2025-08-11_16-33-00,1754922780,4.777200937271118,33.957693576812744,31233,DESKTOP-3SK5A41,192.168.40.242,33.957693576812744,7,4.180769625440054,1.5042247934274883e-05,4.180528383554168,3.786166144404408,0.3909542400598403,0.0014703894988310046,3.899999999999998,14.5,50,-1202500.0,0.03716816914669563,27.16809333212661,5000.0,4.2782577061145895e-05,9.999260799139039e-05,-24050.0,0.03610217632000741,-5.5,0.011937590616264456,50.0,50,9.22175834856944e-05,100.0,6.0,27.16809333212661,1295.013516415355,1,0,0,0,0,0,12.571428571428571,89.34285714285714,0.00011804371774000507,5000.0,0.0003559819377565667,-1202500.0,5000.0,3.899999999999998,-1202500.0,3.899999999999998,0.003199458,57.58329,0.20267987251281738,0.0654205676289,42000,6082,0.69051653,6000,0.30053094,7.0,1.0,0.30105492,0.110432826,0.0136959126664,0.11589988,-0.0068416595,1000.0,205325.44013587708,6082,5000.0,0,214200,5100.0,6000,42000,30600,1040267.4213715767,204882.24244440757,204698.96477966235,50,27.168093332126602,0.7193282288880906,1000,20,7.0,17.5,36000,140,50.0,50,27.168093332126602,0.03424341620999258,0.00022657115034320347,1.7,4.1563033343566543e-05,-16.5,9.244922573028061e-05,0.28579212248888675,0.00011152346011978205,1.7,7000,0.0003371993436713246,1000,1000,7000,1.7,6.373355108817056e-06,1.834411924120942e-05,3.0492396743197393e-05,3.393173395327861e-06,6.4010938589421005e-06,4.836716857697384e-05,1.4495806453190353e-05,3.071089927665758e-05,1.5799620165736236e-06,0.00016170127278934823,2.204419159610946e-05,5.914240442795673e-06,0.01228286301137998,0.0008130755876454315,0.06991580608441823,0.008386744349762906,2.4956519841529252e-05,0.1939206139605907,0.00015953779837395436,5.903777909454393e-06,5.447591542935667e-06,1.7969761323381274e-05,2.872996453976825e-05,3.4398009524945657e-06,4.484577254961308e-05,2.9495029973766692e-05,0.00015220782627984556,2.160998218183351e-05,1.5876026452852524e-05,1.4459966033830737e-06
1,-1445000.0,False,8,470e3_00000,2025-08-11_16-33-05,1754922785,4.90934157371521,38.867035150527954,31233,DESKTOP-3SK5A41,192.168.40.242,38.867035150527954,8,4.180777596595655,1.5008825456796787e-05,4.180535328128625,3.786902009350363,0.39022437667924154,0.0014690136038426958,4.7,14.5,50,-1445000.0,0.03711030103582964,27.16809333212661,5000.0,4.264044927642951e-05,0.00010014422212060432,-28900.0,0.036076894410000476,-5.5,0.011355365358916729,50.0,50,9.202023388907047e-05,100.0,7.0,27.16809333212661,1296.7672102389827,1,0,0,0,0,0,12.585714285714285,89.39999999999999,0.00011772694748821244,5000.0,0.00035598738870669714,-1445000.0,5000.0,4.7,-1445000.0,4.7,0.00036588716,60.631065,0.10133993625640869,0.0654205676289,48000,6082,0.69082314,6000,0.27173296,8.0,1.0,0.30105492,0.09178571,0.0136959126664,0.0883289,-0.0043632984,1000.0,203701.77856225445,6082,5000.0,0,244800,5100.0,6000,48000,30600,1032302.1667522199,203287.8614700951,203106.95972343028,50,27.168093332126602,0.7192600686392091,1000,20,8.0,17.5,41000,160,50.0,50,27.168093332126602,0.034247604229992706,0.00022550343883970264,0.3,4.108051777961485e-05,-16.5,9.2322452180804e-05,0.2857781082739968,0.00010942435272398301,0.3,8000,0.0003340217710977246,1000,1000,8000,0.3,6.376764188788206e-06,1.8279162467134485e-05,3.030813100729748e-05,3.442950636094898e-06,6.323729445629521e-06,4.851439409872507e-05,1.4564396907287523e-05,3.102480362337249e-05,1.5972604295465112e-06,0.00016121446378374146,2.200671444382997e-05,5.9060980378978935e-06,0.012243787381265159,0.0008116578317691952,0.06990317002357493,0.008385230906266309,2.491195464202795e-05,0.19396131783098472,0.00015951842038987378,5.7685945617075344e-06,5.209180714796766e-06,1.7839906358175063e-05,2.8422137500034545e-05,3.25324694584498e-06,4.358384270385534e-05,2.9392147353740516e-05,0.00015114554402193722,2.2118356762798846e-05,1.5479875672676825e-05,1.5730449920783054e-06
1,-1687500.0,False,9,470e3_00000,2025-08-11_16-33-10,1754922790,4.7518980503082275,43.61893320083618,31233,DESKTOP-3SK5A41,192.168.40.242,43.61893320083618,9,4.179247586869697,1.4977737203406302e-05,4.1790042750873395,3.7875276504868594,0.3880660799224489,0.0014688684678056314,6.100000000000001,14.5,50,-1687500.0,0.03706899524865894,27.16809333212661,5000.0,4.282896294833028e-05,9.947397959688614e-05,-33750.0,0.03595788023001434,-5.5,0.012002013681423711,50.0,50,9.173454691491952e-05,100.0,8.0,27.16809333212661,1298.2790360652891,1,0,0,0,0,0,12.571428571428573,89.39999999999999,0.00011724068514342299,5000.0,0.0003549296154288959,-1687500.0,5000.0,6.100000000000001,-1687500.0,6.100000000000001,0.0017976243,63.36006,0.050669968128204346,0.0654205676289,54000,6082,0.67954826,6000,0.3155003,9.0,1.0,0.30105492,0.15759452,0.0136959126664,0.13183379,-0.0030884743,1000.0,202228.97299372512,6082,5000.0,0,275400,5100.0,6000,54000,30600,1025077.1805993657,201843.4843246208,201662.44572928478,50,27.168093332126602,0.719177023992817,1000,20,9.0,17.5,46000,180,50.0,50,27.168093332126602,0.03424991424999689,0.00022443740445091847,-0.3,4.0031931298201016e-05,-16.5,9.44057795171787e-05,0.2843471362012563,0.00010958116778492885,-0.3,9000,0.000336695974147667,1000,1000,9000,-0.3,6.376949492380756e-06,1.8191719963121455e-05,3.0262536684526257e-05,3.4034804340593356e-06,6.3105010371872e-06,4.844057610700075e-05,1.440967649395271e-05,3.068118022719078e-05,1.6039900614808111e-06,0.00016104080097241642,2.2018663537625068e-05,5.903037056468034e-06,0.012205442507452901,0.0008106502534520857,0.06987028633333933,0.008383828597203526,2.4866835096002114e-05,0.19260411265267507,0.00015948723618520956,5.849473343753296e-06,5.248179727951125e-06,1.7790311807896954e-05,2.8088481070794372e-05,3.3571289667697423e-06,4.419083467390485e-05,2.926529872777639e-05,0.00015119597795863111,2.2290435979612626e-05,1.625365108302499e-05,1.444567426144069e-06
1,-1930000.0,False,10,470e3_00000,2025-08-11_16-33-15,1754922795,4.930346488952637,48.54927968978882,31233,DESKTOP-3SK5A41,192.168.40.242,48.54927968978882,10,4.179451900981,1.494095983006376e-05,4.179207561316465,3.788368666961991,0.38742531612322295,0.0014691427831285643,9.5,14.5,50,-1930000.0,0.0371055588333349,27.16809333212661,5000.0,4.281758569587733e-05,0.00010072144890626637,-38600.0,0.036200699980015544,-5.5,0.011294679780493432,50.0,50,9.341655940082072e-05,100.0,9.0,27.16809333212661,1293.1567892116332,1,0,0,0,0,0,12.214285714285717,89.39999999999999,0.00011824243670820264,5000.0,0.00035742762642443723,-1930000.0,5000.0,9.5,-1930000.0,9.5,0.0011175907,73.89948,0.025334984064102173,0.0654205676289,60000,6082,0.6544718,6000,0.29493034,10.0,1.0,0.30105492,0.032855224,0.0136959126664,0.11104597,-0.0001860857,1000.0,200600.7546311546,6082,5000.0,0,306000,5100.0,6000,60000,30600,1017060.9827809362,200243.53075514597,200063.93865746065,50,27.168093332126602,0.7191479857428905,1000,20,10.0,17.5,51000,200,50.0,50,27.168093332126602,0.03428762739000149,0.00022336503040617874,-1.1,4.1830992263951585e-05,-16.5,9.244983490959239e-05,0.2843730728392451,0.00011165374101603579,-1.1,10000,0.0003381978855638864,1000,1000,10000,-1.1,6.446345658798592e-06,1.8261141963625392e-05,3.0578223240186276e-05,3.436440145050498e-06,6.370910970974541e-06,4.8789805527638065e-05,1.4443191241638166e-05,3.084961706213575e-05,1.5684627548426973e-06,0.00016254211694605614,2.190249544052594e-05,5.89700668474636e-06,0.012189983082378114,0.0008094207509182783,0.06984541147000725,0.008382110311231067,2.482716674485548e-05,0.19267303852614887,0.0001594683638230164,5.890251174219638e-06,5.293048298873419e-06,1.795979675465359e-05,2.875133282727818e-05,3.3241303878903874e-06,4.587613243799182e-05,2.93235475415772e-05,0.00015273990677678107,2.228732482798274e-05,1.5696127373345504e-05,1.3771959241707487e-06
1,-2172500.0,False,11,470e3_00000,2025-08-11_16-33-20,1754922800,4.759182691574097,53.308462381362915,31233,DESKTOP-3SK5A41,192.168.40.242,53.308462381362915,11,4.178007034121191,1.4905550231247924e-05,4.177761531853301,3.788942118412371,0.3853981249919898,0.0014725753552956304,5.5,14.5,50,-2172500.0,0.03711074519979718,27.16809333212661,5000.0,4.256568482399187e-05,9.953029294025718e-05,-43450.0,0.035933608120005844,-5.5,0.012031247557887051,50.0,50,9.341447207025787e-05,100.0,10.0,27.16809333212661,1298.9205098934,1,0,0,0,0,0,12.62857142857143,89.39999999999999,0.0001170006260657243,5000.0,0.00035505288834399864,-2172500.0,5000.0,5.5,-2172500.0,5.5,0.0009740132,73.982216,0.012667492032051086,0.0654205676289,66000,6082,0.65352386,6000,-0.11045132,11.0,1.0,0.30105492,0.08778743,0.0136959126664,-0.29431674,0.0021964908,1000.0,198779.5006656509,6082,5000.0,0,336600,5100.0,6000,66000,30600,1008065.1140264343,198450.94734261642,198273.92361464904,50,27.168093332126602,0.7190583019954622,1000,20,11.0,17.5,56000,220,50.0,50,27.168093332126602,0.03422424883000076,0.0002223733801005728,-0.9,4.078152519312441e-05,-16.5,9.147953054936739e-05,0.28299593913085347,0.00011075031277079078,-0.9,11000,0.0003356133995316945,1000,1000,11000,-0.9,6.331841501907633e-06,1.809331350890026e-05,3.0283839225403578e-05,3.3773498502982513e-06,6.307179729359082e-06,4.843753309250451e-05,1.4558387106299672e-05,3.0587750293999846e-05,1.6098770917101715e-06,0.00016107155699607593,2.2124117366167817e-05,5.892036617535187e-06,0.012180057251555616,0.0008085415434073641,0.06982512336530494,0.008380638208118097,2.478789507722031e-05,0.19132792515088756,0.00015960368018382902,6.01457801049532e-06,5.2523627039348895e-06,1.8015932614799196e-05,2.8065329449227206e-05,3.3020048885069156e-06,4.4912088801329184e-05,2.9347879178491695e-05,0.00015247690943966745,2.1788968881634538e-05,1.5302517124196542e-05,1.3489541414448857e-06
1,-2415000.0,False,12,470e3_00000,2025-08-11_16-33-24,1754922804,4.907557725906372,58.21602010726929,31233,DESKTOP-3SK5A41,192.168.40.242,58.21602010726929,12,4.17803486638998,1.4873494728526361e-05,4.1777884221447685,3.789580687788248,0.38478475079206953,0.0014715306017430347,7.5,14.5,50,-2415000.0,0.037052471210738756,27.16809333212661,5000.0,4.262814631339481e-05,9.95280742526654e-05,-48300.0,0.03600711749999845,-5.5,0.011378194978695362,50.0,50,9.294895637289453e-05,100.0,11.0,27.16809333212661,1298.9345204441972,1,0,0,0,0,0,12.571428571428571,89.39999999999999,0.00011752290471727369,5000.0,0.0003555624320607279,-2415000.0,5000.0,7.5,-2415000.0,7.5,0.0032661292,72.080444,0.006333746016025543,0.0654205676289,72000,6082,0.64577764,6000,0.13951752,12.0,1.0,0.30105492,0.034903664,0.0136959126664,-0.04447068,0.002752304,1000.0,196917.98343157332,6082,5000.0,0,367200,5100.0,6000,72000,30600,998847.1375786972,196613.83324626437,196439.6477704751,50,27.168093332126602,0.7189930510855068,1000,20,12.0,17.5,61000,240,50.0,50,27.168093332126602,0.034219689269993976,0.00022136964629876062,-1.7,4.0587881392186066e-05,-16.5,9.327967347487504e-05,0.2830395957895461,0.00011170928121284774,-1.7,12000,0.00033731891436991016,1000,1000,12000,-1.7,6.359873078627556e-06,1.814275188695333e-05,3.0340709620884227e-05,3.39747899553334e-06,6.297913188432654e-06,4.848943178423177e-05,1.4502057781633029e-05,3.0837165534816855e-05,1.5862325345478715e-06,0.0001615154162440816,2.1912809788563102e-05,5.882116251577182e-06,0.01216248268904079,0.0008080551279737727,0.06980826814165174,0.00838257683603576,2.4743016126049267e-05,0.19140437091937929,0.0001597486433829384,5.780277188191289e-06,5.175747041295322e-06,1.7950194306319294e-05,2.9330556293370996e-05,3.3975336234674616e-06,4.489995867803019e-05,2.933147766147538e-05,0.0001533715098719909,2.1552295029352616e-05,1.568331910138979e-05,1.4932720681019523e-06
1,-2657500.0,False,13,470e3_00000,2025-08-11_16-33-29,1754922809,4.780338764190674,62.99635887145996,31233,DESKTOP-3SK5A41,192.168.40.242,62.99635887145996,13,4.176785648916081,1.4840759782312467e-05,4.1765382421133195,3.790347097100366,0.38276667928414837,0.0014702152957258787,8.5,14.5,50,-2657500.0,0.037090893622670484,27.16809333212661,5000.0,4.2627695368803165e-05,9.989069071392609e-05,-53150.0,0.036126374179996215,-5.5,0.012035485198787908,50.0,50,9.281029357670475e-05,100.0,12.0,27.16809333212661,1294.6001051575045,1,0,0,0,0,0,12.142857142857142,89.42857142857143,0.00011816587747980261,5000.0,0.00035685910961359756,-2657500.0,5000.0,8.5,-2657500.0,8.5,0.008365076,77.92834,0.0031668730080127716,0.0654205676289,78000,6082,0.63791114,6000,0.030655952,13.0,1.0,0.30105492,0.18584573,0.0136959126664,-0.15345162,0.0038703084,1000.0,195056.23684086942,6082,5000.0,0,397800,5100.0,6000,78000,30600,989634.0643146313,194777.94815028278,194607.1395353296,50,27.168093332126602,0.7189282755746529,1000,20,13.0,17.5,66000,260,50.0,50,27.168093332126602,0.03421913722999989,0.00022036594983612865,-1.9,4.079471240296282e-05,-16.5,9.292289242415885e-05,0.2816730878316513,0.00010977489813378494,-1.9,13000,0.0003354216098082576,1000,1000,13000,-1.9,6.458326692005025e-06,1.8223895848948925e-05,3.046006504383423e-05,3.4241948705365314e-06,6.376701889472576e-06,4.852759454262947e-05,1.4554476076639013e-05,3.090769663855438e-05,1.6031955445567894e-06,0.0001621273047360814,2.205639834825413e-05,5.875295087111134e-06,0.01214643786215212,0.0008070705766933996,0.06979095846023435,0.008381292067676988,2.4692585966451447e-05,0.19007344621018585,0.00015976015694993523,5.792228920768195e-06,5.105366687334104e-06,1.7997423192779618e-05,2.828056355836567e-05,3.2965758922156437e-06,4.42065347470921e-05,2.9884599299946817e-05,0.0001511623463031943,2.1790106942772136e-05,1.5908788287430642e-05,1.3721231294556196e-06
1,-2900000.0,False,14,470e3_00000,2025-08-11_16-33-34,1754922814,4.917212247848511,67.91357111930847,31233,DESKTOP-3SK5A41,192.168.40.242,67.91357111930847,14,4.17689656744692,1.4798352184449092e-05,4.1766483207121885,3.7910449991493635,0.3821777414913066,0.0014691071427681771,10.900000000000007,14.5,50,-2900000.0,0.0371382336587059,27.16809333212661,5000.0,4.265130083457687e-05,0.00010057778215187209,-58000.0,0.036108979020013976,-5.5,0.011380885832880334,50.0,50,9.256533025396428e-05,100.0,13.0,27.16809333212661,1295.4163811115468,1,0,0,0,0,0,12.471428571428572,89.41428571428571,0.0001179938621938507,5000.0,0.0003564982150116205,-2900000.0,5000.0,10.900000000000007,-2900000.0,10.900000000000007,0.005008876,85.67842,0.0015834365040063858,0.0654205676289,84000,6082,0.5895879,6000,-0.02785,14.0,1.0,0.30105492,0.08795539,0.0136959126664,-0.21258228,0.0026156902,1000.0,193214.63876304223,6082,5000.0,0,428400,5100.0,6000,84000,30600,980504.2277409621,192961.2293626469,192793.58502518214,50,27.168093332126602,0.7188834908189066,1000,20,14.0,17.5,71000,280,50.0,50,27.168093332126602,0.03425650018999704,0.00021936829033722361,-1.5,4.1783162250514845e-05,-16.5,9.449399799234618e-05,0.28172685295333294,0.00011332008905712152,-1.5,14000,0.00033754430783467003,1000,1000,14000,-1.5,6.414371912663294e-06,1.8316027493706177e-05,3.0361117175886476e-05,3.410352774891017e-06,6.316181710873557e-06,4.876338209911909e-05,1.4487581555150453e-05,3.096379356864988e-05,1.590667868828847e-06,0.00016158913822135912,2.1996387503917945e-05,5.872542137462878e-06,0.012131803483530317,0.0008057958709265878,0.06977595287563224,0.008380027147000533,2.4650660105700925e-05,0.1901591577480825,0.0001597565553807315,6.1618364529355256e-06,5.17345790688852e-06,1.8578126101345427e-05,2.900204936715121e-05,3.3306578997616067e-06,4.410001910379877e-05,2.976808561550417e-05,0.00015366021562214822,2.1810356138179422e-05,1.543846949400628e-05,1.3478774309271173e-06
1,-3142500.0,False,15,470e3_00000,2025-08-11_16-33-39,1754922819,4.765430688858032,72.6790018081665,31233,DESKTOP-3SK5A41,192.168.40.242,72.6790018081665,15,4.175484457732452,1.4756368662564351e-05,4.175235390465066,3.791712212117869,0.3800987170763945,0.0014665760713393529,9.5,14.5,50,-3142500.0,0.03711567095471955,27.16809333212661,5000.0,4.266201347075469e-05,0.00010044707437175632,-62850.0,0.0360550919599882,-5.5,0.012033732093229499,50.0,50,9.251854841508399e-05,100.0,14.0,27.16809333212661,1296.6701249329028,1,0,0,0,0,0,12.742857142857146,89.39999999999999,0.00011746811001297748,5000.0,0.00035587424158202186,-3142500.0,5000.0,9.5,-3142500.0,9.5,0.0011583107,91.614876,0.0007917182520031929,0.0654205676289,90000,6082,0.61144334,6000,-0.39863655,15.0,1.0,0.30105492,0.019566791,0.0136959126664,-0.58305556,0.00068569183,1000.0,191829.02019543527,6082,5000.0,0,459000,5100.0,6000,90000,30600,973719.3529047169,191601.60127467883,191437.0554538428,50,27.168093332126602,0.7188458259107171,1000,20,15.0,17.5,76000,300,50.0,50,27.168093332126602,0.03424458419999155,0.00021836460743198378,-1.5,4.052879443227317e-05,-16.5,9.3012881946923e-05,0.2803473544237996,0.00010997171745568622,-1.5,15000,0.00033514899641431093,1000,1000,15000,-1.5,6.3702396463981805e-06,1.8229815021649336e-05,3.0346438292177756e-05,3.374231977925592e-06,6.350327840830495e-06,4.8579780057300705e-05,1.4560942231655046e-05,3.0833522318036e-05,1.5758294584034563e-06,0.00016158452565861173,2.1913102407952258e-05,5.8658167164117096e-06,0.012097245448696517,0.0008045229122178129,0.06975794534687683,0.00837774787553014,2.4598153503926737e-05,0.18883561417060155,0.0001597709898278565,5.750934835840832e-06,5.2789800805760175e-06,1.755977878048671e-05,2.8693613644143072e-05,3.242336189247215e-06,4.423239924952418e-05,3.001127380823425e-05,0.00015154441458860204,2.2021455804262774e-05,1.5452157920795297e-05,1.4393009235201998e-06
1,-3385000.0,False,16,470e3_00000,2025-08-11_16-33-44,1754922824,4.911710023880005,77.59071183204651,31233,DESKTOP-3SK5A41,192.168.40.242,77.59071183204651,16,4.175575460125128,1.4721804974630229e-05,4.175325471530417,3.793767012966691,0.3781319119056306,0.0014656463106244757,8.9,14.5,50,-3385000.0,0.03729613478187732,27.16809333212661,5000.0,4.272866643716275e-05,0.00012112545263744058,-67700.0,0.03744478497000957,-5.5,0.011339110093261337,50.0,50,9.266108108283101e-05,100.0,15.0,27.16809333212661,1291.426336267068,1,0,0,0,0,0,12.157142857142857,89.39999999999999,0.00011775183468617554,5000.0,0.0003561853293288166,-3385000.0,5000.0,8.9,-3385000.0,8.9,0.00042292345,65.34217,0.00039585912600159645,0.0654205676289,96000,6082,0.59811306,6000,0.5592709,16.0,1.0,0.30105492,0.02450613,0.0136959126664,0.37467098,-0.0003863573,1000.0,190335.90555224303,6082,5000.0,0,489600,5100.0,6000,96000,30600,966364.901216101,190132.1994493262,189969.82532142347,50,27.168093332126602,0.7187850416516084,1000,20,16.0,17.5,81000,320,50.0,50,27.168093332126602,0.03426622109999016,0.0002173969613582318,-1.7,4.101564756163205e-05,-16.5,9.254367509941154e-05,0.2790065448795622,0.00011113996515382799,-1.7,16000,0.0003367222133522184,1000,1000,16000,-1.7,6.421184847593474e-06,1.8239983672029084e-05,3.0255410624414094e-05,3.3909332461078363e-06,6.322524332151326e-06,4.877003570800898e-05,1.4469193566788844e-05,3.077986437258227e-05,1.6042207705157903e-06,0.00016142827924874568,2.2108503769290442e-05,5.8581585487777694e-06,0.012080210994209294,0.0008035356830944133,0.06974065689340683,0.008378337396776587,2.4558171968594744e-05,0.18752939402889598,0.0001597772799309852,5.759015447449828e-06,5.210155688258437e-06,1.8121318492843445e-05,2.9239995820619313e-05,3.2205358753651234e-06,4.482874539368411e-05,2.9475004731412082e-05,0.00015080101006536144,2.1943666243044224e-05,1.5693293332901694e-05,1.380262213019211e-06
1,-3627500.0,False,17,470e3_00000,2025-08-11_16-33-49,1754922829,4.905941009521484,82.496652841568,31233,DESKTOP-3SK5A41,192.168.40.242,82.496652841568,17,4.175609726523876,1.4692586925268126e-05,4.175358471815115,3.7943166318370265,0.3776088777865737,0.00146684284751811,10.1,14.5,50,-3627500.0,0.037826223970270446,27.16809333212661,5000.0,4.239885195388898e-05,0.00010007679207224743,-72550.0,0.03598687699998891,-5.5,0.011133322631825995,50.0,50,9.251187236958274e-05,100.0,16.0,27.16809333212661,1292.7754108865342,1,0,0,0,0,0,12.357142857142858,89.39999999999999,0.00011753647007854553,5000.0,0.00035524126734083096,-3627500.0,5000.0,10.1,-3627500.0,10.1,0.0016941081,79.73079,0.00019792956300079823,0.0654205676289,102000,6082,0.5718439,6000,0.12496561,17.0,1.0,0.30105492,0.05069946,0.0136959126664,-0.0599945,-0.001511097,1000.0,188853.8345316513,6082,5000.0,0,520200,5100.0,6000,102000,30600,959047.2766808799,188673.31346240873,188512.5296142851,50,27.168093332126602,0.7187204432350913,1000,20,17.0,17.5,86000,340,50.0,50,27.168093332126602,0.03426490299999614,0.0002169189917462792,-1.9,4.0594826493163545e-05,-14.5,9.193948968042108e-05,0.2791212754307646,0.0001118028858379467,-1.9,17000,0.00033603113130032725,1000,1000,17000,-1.9,6.42778596816119e-06,1.8157733088719197e-05,3.0246088074766323e-05,3.412592555675809e-06,6.313909939126778e-06,4.855766251840082e-05,1.4451097535260472e-05,3.097521397737133e-05,1.582907089965212e-06,0.00016131929850204973,2.1830622916078287e-05,5.850576962820169e-06,0.012048694884267103,0.0008025953262620405,0.06972750732447311,0.008379663022808015,2.4511590247610563e-05,0.18768784708860517,0.00016003950713152677,6.083938346085204e-06,5.20679932152426e-06,1.811288190943783e-05,2.8654473309148714e-05,3.3649224050705295e-06,4.532814929319813e-05,2.9012671194549016e-05,0.00015234128186704236,2.170750749988325e-05,1.5546613339486967e-05,1.416715838290527e-06
1,-3870000.0,False,18,470e3_00000,2025-08-11_16-33-54,1754922834,4.770555019378662,87.26720786094666,31233,DESKTOP-3SK5A41,192.168.40.242,87.26720786094666,18,4.174250324068637,1.4680661056243037e-05,4.173997897906962,3.794900610338656,0.37566269799870633,0.0014657594190421678,10.900000000000007,14.5,50,-3870000.0,0.03735986227467205,27.16809333212661,5000.0,4.2696665040309124e-05,9.960167306546007e-05,-77400.0,0.03600568183000405,-5.5,0.011934585050568698,50.0,50,9.329864342114313e-05,100.0,17.0,27.16809333212661,1297.204556292531,1,0,0,0,0,0,12.257142857142856,89.39999999999999,0.00011737655190936666,5000.0,0.0003557081480564864,-3870000.0,5000.0,10.900000000000007,-3870000.0,10.900000000000007,0.0010036847,79.804245,9.896478150039911e-05,0.0654205676289,108000,6082,0.60069,6000,0.22344786,18.0,1.0,0.30105492,0.025942517,0.0136959126664,0.038883314,-0.0023308992,1000.0,187310.9706260297,6082,5000.0,0,550800,5100.0,6000,108000,30600,951408.5222563213,187153.33984505569,186994.9469643585,50,27.168093332126602,0.7186956457627416,1000,20,18.0,17.5,91000,360,50.0,50,27.168093332126602,0.03429795996999019,0.00021594580182943476,-1.1,4.047691835240466e-05,-16.5,9.287501903830597e-05,0.27778607966645746,0.00011073257027496726,-1.1,18000,0.00033346422002023186,1000,1000,18000,-1.1,6.347308846687884e-06,1.8186281364959128e-05,3.0268001696254552e-05,3.4180407421026163e-06,6.24913772756307e-06,4.8432769080819564e-05,1.4554838592163251e-05,3.075939102298067e-05,1.5773868481971118e-06,0.0001616801483652854,2.19395800877858e-05,5.848071194414823e-06,0.012022803935425706,0.0008016243729980926,0.06971424624122706,0.00837666739257909,2.4464474345316676e-05,0.18639559761771907,0.00016003911206071935,5.938072243732724e-06,5.119404258168448e-06,1.7728236759937685e-05,2.8940669657637584e-05,3.25496046811657e-06,4.423268297147316e-05,2.944308655179955e-05,0.00015046846930445588,2.1542453559057358e-05,1.5380559940487943e-05,1.3529119548817037e-06
1,-4112500.0,False,19,470e3_00000,2025-08-11_16-33-59,1754922839,4.911563158035278,92.17877101898193,31233,DESKTOP-3SK5A41,192.168.40.242,92.17877101898193,19,4.17430381260795,1.4648854445958693e-05,4.174050172707894,3.7955635410052704,0.37505087702871936,0.0014653238248515366,11.099999999999993,14.5,50,-4112500.0,0.03719999135172657,27.16809333212661,5000.0,4.261476658014918e-05,0.00010028242516097876,-82250.0,0.03610867880999649,-5.5,0.0113602320331156,50.0,50,9.264523742836167e-05,100.0,18.0,27.16809333212661,1295.9229103092346,1,0,0,0,0,0,11.428571428571429,89.42857142857143,0.00011758696564918673,5000.0,0.00035689916967756625,-4112500.0,5000.0,11.099999999999993,-4112500.0,11.099999999999993,0.002161581,85.40854,4.9482390750199556e-05,0.0654205676289,114000,6082,0.57248116,6000,-0.01702082,19.0,1.0,0.30105492,0.053326342,0.0136959126664,-0.20197174,-0.0021704435,1000.0,186262.34070237214,6082,5000.0,0,581400,5100.0,6000,114000,30600,946237.7695909463,186125.87088142478,185964.7327301412,50,27.168093332126602,0.7186798573451159,1000,20,19.0,17.5,96000,380,50.0,50,27.168093332126602,0.03431385100999023,0.00021519534381019782,-1.1,4.20005164166299e-05,-16.5,9.280617185243016e-05,0.2778531138797934,0.00011013283379991862,-1.1,19000,0.0003385736556044667,1000,1000,19000,-1.1,6.348078372441372e-06,1.8233634257672885e-05,3.0289889686501067e-05,3.4212334404366333e-06,6.302225962682393e-06,4.882758323362505e-05,1.4454388570507446e-05,3.093119825308522e-05,1.6027673854885465e-06,0.00016181875802032984,2.198136728673702e-05,5.840590482000852e-06,0.01198861389607091,0.0008005791292683604,0.06969845577881394,0.008375722718652695,2.4419829601358558e-05,0.1865146996515402,0.00016001072094114547,5.919623154796825e-06,5.190882570986046e-06,1.7751813449520582e-05,2.8748767282178897e-05,3.199163255691926e-06,4.4673873713390046e-05,2.979841494783654e-05,0.00015325957980261785,2.1630397435140165e-05,1.5523291899449358e-05,1.4027404351028022e-06
1,-4355000.0,True,20,470e3_00000,2025-08-11_16-34-04,1754922844,4.770642995834351,96.94941401481628,31233,DESKTOP-3SK5A41,192.168.40.242,96.94941401481628,20,4.173005672701869,1.4621365900402853e-05,4.1727506352008135,3.7961759108052173,0.3731374942684324,0.0014642755866044832,10.1,14.5,50,-4355000.0,0.03715232398075186,27.16809333212661,5000.0,4.264623587510294e-05,9.989664571816474e-05,-87100.0,0.03605556718999198,-5.5,0.011998229598074263,50.0,50,9.08998131138085e-05,100.0,19.0,27.16809333212661,1296.0999645738261,1,0,0,0,0,0,11.742857142857142,89.39999999999999,0.00011773536989081471,5000.0,0.00035608861569717153,-4355000.0,5000.0,10.1,-4355000.0,10.1,0.00057237427,85.41242,2.4741195375099778e-05,0.0654205676289,120000,6082,0.57473975,6000,-0.11082047,20.0,1.0,0.30105492,0.009477796,0.0136959126664,-0.29574025,-0.0015774965,1000.0,185093.2702501969,6082,5000.0,0,612000,5100.0,6000,120000,30600,940448.7902086934,184976.06517341753,184812.9834429279,50,27.168093332126602,0.7186090808116644,1000,20,20.0,17.5,101000,400,50.0,50,27.168093332126602,0.034283485049998036,0.00021423539037181483,-1.1,4.083753992954464e-05,-16.5,9.284279261604936e-05,0.2765419737509964,0.00010931812518456482,-1.1,20000,0.0003363627371217808,1000,1000,20000,-1.1,6.368419422831414e-06,1.8242755282150162e-05,3.024817824688487e-05,3.367078498782135e-06,6.3700425124499e-06,4.876033772278299e-05,1.4407462357161801e-05,3.075840439299112e-05,1.5920704107142114e-06,0.0001616383196577336,2.194761798461234e-05,5.837184577610415e-06,0.011957919757110568,0.000799993337975133,0.06969379623102567,0.008375610491465874,2.4412631304632918e-05,0.18523901665502673,0.0001601506137318884,5.956939092917009e-06,5.1821386605733235e-06,1.7781389262876915e-05,2.838142918654803e-05,3.1979936341400392e-06,4.397865867872016e-05,2.948863582766624e-05,0.00015332255598058856,2.1866117908168486e-05,1.5201868911381996e-05,1.641292278025685e-06
