num_training_step_calls_per_iteration,num_env_steps_sampled_lifetime,done,training_iteration,trial_id,date,timestamp,time_this_iter_s,time_total_s,pid,hostname,node_ip,time_since_restore,iterations_since_restore,timers/training_iteration,timers/restore_env_runners,timers/training_step,timers/env_runner_sampling_timer,timers/learner_update_timer,timers/synch_weights,env_runners/episode_return_mean,env_runners/time_between_sampling,env_runners/num_env_steps_sampled_lifetime,env_runners/episode_len_max,env_runners/env_to_module_sum_episodes_length_out,env_runners/episode_return_min,env_runners/episode_duration_sec_mean,env_runners/num_episodes,env_runners/env_reset_timer,env_runners/env_step_timer,env_runners/num_env_steps_sampled,env_runners/episode_len_min,env_runners/episode_return_max,env_runners/rlmodule_inference_timer,env_runners/episode_len_mean,env_runners/env_to_module_sum_episodes_length_in,env_runners/num_episodes_lifetime,env_runners/weights_seq_no,env_runners/sample,env_runners/num_env_steps_sampled_lifetime_throughput,__all_modules__/learner_connector_sum_episodes_length_in,__all_modules__/learner_connector_sum_episodes_length_out,learners/IntrinsicAttentionMask,evaluation/num_healthy_workers,evaluation/actor_manager_num_outstanding_async_reqs,evaluation/num_remote_worker_restarts,fault_tolerance/num_healthy_workers,fault_tolerance/num_remote_worker_restarts,env_runner_group/actor_manager_num_outstanding_async_reqs,perf/cpu_util_percent,perf/ram_util_percent,env_runners/env_to_module_connector/connector_pipeline_timer,env_runners/module_to_env_connector/connector_pipeline_timer,env_runners/module_episode_returns_mean/default_policy,env_runners/agent_episode_returns_mean/default_agent,env_runners/num_agent_steps_sampled/default_agent,env_runners/num_agent_steps_sampled_lifetime/default_agent,env_runners/num_module_steps_sampled/default_policy,env_runners/num_module_steps_sampled_lifetime/default_policy,__all_modules__/learner_connector/connector_pipeline_timer,learners/default_policy/num_module_steps_trained_lifetime,learners/default_policy/curr_kl_coeff,learners/default_policy/total_loss,learners/default_policy/num_trainable_parameters,learners/default_policy/diff_num_grad_updates_vs_sampler_policy,learners/default_policy/weights_seq_no,learners/default_policy/entropy,learners/default_policy/module_train_batch_size_mean,learners/default_policy/mean_kl_loss,learners/default_policy/vf_explained_var,learners/default_policy/policy_loss,learners/default_policy/use_intrinsic_rewards,learners/default_policy/vf_loss_unclipped,learners/default_policy/vf_loss,learners/default_policy/curr_entropy_coeff,learners/default_policy/num_module_steps_trained,learners/default_policy/num_module_steps_trained_lifetime_throughput,learners/intrinsic_reward_module/default_optimizer_learning_rate,learners/intrinsic_reward_module/curr_entropy_coeff,learners/intrinsic_reward_module/num_module_steps_trained,learners/intrinsic_reward_module/total_loss,learners/intrinsic_reward_module/num_trainable_parameters,learners/intrinsic_reward_module/diff_num_grad_updates_vs_sampler_policy,learners/intrinsic_reward_module/weights_seq_no,learners/intrinsic_reward_module/num_module_steps_trained_lifetime,learners/intrinsic_reward_module/module_train_batch_size_mean,learners/intrinsic_reward_module/gradients_default_optimizer_global_norm,learners/intrinsic_reward_module/num_module_steps_trained_lifetime_throughput,learners/__all_modules__/num_trainable_parameters,learners/__all_modules__/num_module_steps_trained_lifetime,learners/__all_modules__/num_non_trainable_parameters,learners/__all_modules__/num_env_steps_trained,learners/__all_modules__/num_module_steps_trained,learners/__all_modules__/num_env_steps_trained_lifetime,learners/__all_modules__/num_env_steps_trained_lifetime_throughput,learners/__all_modules__/num_module_steps_trained_throughput,learners/__all_modules__/num_module_steps_trained_lifetime_throughput,evaluation/env_runners/env_to_module_sum_episodes_length_out,evaluation/env_runners/episode_return_min,evaluation/env_runners/sample,evaluation/env_runners/episode_duration_sec_mean,evaluation/env_runners/weights_seq_no,evaluation/env_runners/episode_len_min,evaluation/env_runners/episode_return_max,evaluation/env_runners/env_to_module_sum_episodes_length_in,evaluation/env_runners/num_episodes_lifetime,evaluation/env_runners/episode_return_mean,evaluation/env_runners/num_env_steps_sampled_lifetime,evaluation/env_runners/episode_len_max,evaluation/env_runners/num_episodes,evaluation/env_runners/env_step_timer,evaluation/env_runners/env_reset_timer,evaluation/env_runners/num_env_steps_sampled,evaluation/env_runners/rlmodule_inference_timer,evaluation/env_runners/episode_len_mean,evaluation/env_runners/module_episode_returns_mean/default_policy,evaluation/env_runners/num_agent_steps_sampled_lifetime/default_agent,evaluation/env_runners/env_to_module_connector/connector_pipeline_timer,evaluation/env_runners/module_to_env_connector/connector_pipeline_timer,evaluation/env_runners/agent_episode_returns_mean/default_agent,evaluation/env_runners/num_agent_steps_sampled/default_agent,evaluation/env_runners/num_module_steps_sampled_lifetime/default_policy,evaluation/env_runners/num_module_steps_sampled/default_policy,env_runners/env_to_module_connector/timers/connectors/batch_individual_items,env_runners/env_to_module_connector/timers/connectors/add_observations_from_episodes_to_batch,env_runners/env_to_module_connector/timers/connectors/add_states_from_episodes_to_batch,env_runners/env_to_module_connector/timers/connectors/add_time_dim_to_batch_and_zero_pad,env_runners/env_to_module_connector/timers/connectors/numpy_to_tensor,env_runners/module_to_env_connector/timers/connectors/remove_single_ts_time_rank_from_batch,env_runners/module_to_env_connector/timers/connectors/get_actions,env_runners/module_to_env_connector/timers/connectors/normalize_and_clip_actions,env_runners/module_to_env_connector/timers/connectors/un_batch_to_individual_items,env_runners/module_to_env_connector/timers/connectors/listify_data_for_vector_env,env_runners/module_to_env_connector/timers/connectors/tensor_to_numpy,__all_modules__/learner_connector/timers/connectors/add_one_ts_to_episodes_and_truncate,__all_modules__/learner_connector/timers/connectors/add_observations_from_episodes_to_batch,__all_modules__/learner_connector/timers/connectors/add_columns_from_episodes_to_train_batch,__all_modules__/learner_connector/timers/connectors/add_time_dim_to_batch_and_zero_pad,__all_modules__/learner_connector/timers/connectors/add_states_from_episodes_to_batch,__all_modules__/learner_connector/timers/connectors/batch_individual_items,__all_modules__/learner_connector/timers/connectors/numpy_to_tensor,learners/differentiable_learners/intrinsic_attention_ppo_learner/default_policy/module_train_batch_size_mean,learners/differentiable_learners/intrinsic_attention_ppo_learner/default_policy/policy_loss,learners/differentiable_learners/intrinsic_attention_ppo_learner/default_policy/use_intrinsic_rewards,learners/differentiable_learners/intrinsic_attention_ppo_learner/default_policy/vf_loss_unclipped,learners/differentiable_learners/intrinsic_attention_ppo_learner/default_policy/mean_kl_loss,learners/differentiable_learners/intrinsic_attention_ppo_learner/default_policy/vf_explained_var,learners/differentiable_learners/intrinsic_attention_ppo_learner/default_policy/vf_loss,learners/differentiable_learners/intrinsic_attention_ppo_learner/default_policy/num_module_steps_trained,learners/differentiable_learners/intrinsic_attention_ppo_learner/default_policy/total_loss,learners/differentiable_learners/intrinsic_attention_ppo_learner/default_policy/diff_num_grad_updates_vs_sampler_policy,learners/differentiable_learners/intrinsic_attention_ppo_learner/default_policy/weights_seq_no,learners/differentiable_learners/intrinsic_attention_ppo_learner/default_policy/num_module_steps_trained_lifetime,learners/differentiable_learners/intrinsic_attention_ppo_learner/default_policy/entropy,learners/differentiable_learners/intrinsic_attention_ppo_learner/intrinsic_reward_module/total_loss,learners/differentiable_learners/intrinsic_attention_ppo_learner/intrinsic_reward_module/diff_num_grad_updates_vs_sampler_policy,learners/differentiable_learners/intrinsic_attention_ppo_learner/intrinsic_reward_module/weights_seq_no,learners/differentiable_learners/intrinsic_attention_ppo_learner/intrinsic_reward_module/num_module_steps_trained_lifetime,learners/differentiable_learners/intrinsic_attention_ppo_learner/intrinsic_reward_module/module_train_batch_size_mean,learners/differentiable_learners/intrinsic_attention_ppo_learner/intrinsic_reward_module/num_module_steps_trained,learners/differentiable_learners/intrinsic_attention_ppo_learner/__all_modules__/num_module_steps_trained,learners/differentiable_learners/intrinsic_attention_ppo_learner/__all_modules__/num_env_steps_trained_lifetime,learners/differentiable_learners/intrinsic_attention_ppo_learner/__all_modules__/num_module_steps_trained_lifetime,learners/differentiable_learners/intrinsic_attention_ppo_learner/__all_modules__/num_env_steps_trained,learners/differentiable_learners/intrinsic_attention_ppo_learner/__all_modules__/num_env_steps_trained_lifetime_throughput,evaluation/env_runners/env_to_module_connector/timers/connectors/add_time_dim_to_batch_and_zero_pad,evaluation/env_runners/env_to_module_connector/timers/connectors/add_observations_from_episodes_to_batch,evaluation/env_runners/env_to_module_connector/timers/connectors/numpy_to_tensor,evaluation/env_runners/env_to_module_connector/timers/connectors/batch_individual_items,evaluation/env_runners/env_to_module_connector/timers/connectors/add_states_from_episodes_to_batch,evaluation/env_runners/module_to_env_connector/timers/connectors/tensor_to_numpy,evaluation/env_runners/module_to_env_connector/timers/connectors/listify_data_for_vector_env,evaluation/env_runners/module_to_env_connector/timers/connectors/un_batch_to_individual_items,evaluation/env_runners/module_to_env_connector/timers/connectors/remove_single_ts_time_rank_from_batch,evaluation/env_runners/module_to_env_connector/timers/connectors/get_actions,evaluation/env_runners/module_to_env_connector/timers/connectors/normalize_and_clip_actions
1,252500.0,False,1,66b4f_00000,2025-08-11_17-11-24,1754925084,14.073666095733643,14.073666095733643,8033,Mac,127.0.0.1,14.073666095733643,1,13.808651249972172,7.874914444983006e-06,13.808511832961813,1.3738174579339102,12.318451666971669,0.0007790839299559593,5.5,0.0005099582184728602,252500.0,50,26.762340024562445,-5.5,0.012784326662076637,100.0,9.76518474185898e-05,1.4045199864339566e-05,5000.0,50,14.5,3.3221291687100295e-05,50.0,26.762340024562445,5050.0,0.0,0.014252646949514707,3417.716916466571,5000,5100,"[array([[0.00920646, 0.02162157, 0.02174485, ..., 0.01721906, 0.01063783,
        0.01786841],
       [0.01771019, 0.01994911, 0.01996493, ..., 0.01932577, 0.01807065,
        0.01942578],
       [0.01778486, 0.01993545, 0.01995061, ..., 0.01933775, 0.01813183,
        0.0194337 ],
       ...,
       [0.01493905, 0.02046984, 0.02051282, ..., 0.01882075, 0.01575709,
        0.01907954],
       [0.01031563, 0.02139345, 0.02149762, ..., 0.01761187, 0.01167117,
        0.01817776],
       [0.0153615 , 0.02038874, 0.02042721, ..., 0.0189061 , 0.01611555,
        0.01913961]], dtype=float32), array([[0.02038742, 0.01646381, 0.01651565, ..., 0.01855138, 0.02506458,
        0.01893497],
       [0.02071688, 0.01438999, 0.01446731, ..., 0.01763801, 0.02946086,
        0.01826429],
       [0.02071341, 0.01441949, 0.0144965 , ..., 0.01765232, 0.02939295,
        0.01827523],
       ...,
       [0.02055624, 0.01553185, 0.01559599, ..., 0.01816365, 0.02694979,
        0.01865767],
       [0.01989413, 0.01858301, 0.01860165, ..., 0.01930422, 0.02124879,
        0.01943065],
       [0.02052274, 0.01573184, 0.01579346, ..., 0.01824991, 0.02653344,
        0.0187204 ]], dtype=float32), array([[0.00926285, 0.01396003, 0.01403963, ..., 0.02699689, 0.01667852,
        0.02801498],
       [0.0127297 , 0.01619228, 0.01624637, ..., 0.02384039, 0.01797346,
        0.02436369],
       [0.01278494, 0.01622436, 0.01627803, ..., 0.02379751, 0.01799072,
        0.02431471],
       ...,
       [0.02073438, 0.02007977, 0.02007085, ..., 0.01907031, 0.0198023 ,
        0.01901518],
       [0.0145622 , 0.01720955, 0.01724944, ..., 0.02251169, 0.01850273,
        0.0228536 ],
       [0.0212913 , 0.02030594, 0.02029261, ..., 0.01881634, 0.01989284,
        0.01873604]], dtype=float32), array([[0.00950939, 0.022333  , 0.01441331, ..., 0.02771544, 0.01098785,
        0.01845635],
       [0.01779568, 0.02004541, 0.01885808, ..., 0.02065809, 0.01815789,
        0.01951955],
       [0.01298119, 0.02131477, 0.0165279 , ..., 0.0241628 , 0.0141178 ,
        0.01908041],
       ...,
       [0.02069214, 0.01935558, 0.02002996, ..., 0.01903147, 0.02045959,
        0.01964635],
       [0.01060884, 0.02200153, 0.01513461, ..., 0.0264587 , 0.01200291,
        0.01869443],
       [0.0155364 , 0.02062087, 0.01783371, ..., 0.0221515 , 0.01629904,
        0.01935753]], dtype=float32), array([[0.01984561, 0.02048074, 0.02054522, ..., 0.01805836, 0.02439846,
        0.01843175],
       [0.01983464, 0.02040254, 0.0204601 , ..., 0.01822618, 0.02386738,
        0.01856354],
       [0.01983336, 0.02039457, 0.02045144, ..., 0.01824285, 0.02381481,
        0.01857657],
       ...,
       [0.01985941, 0.02069689, 0.02078237, ..., 0.01754792, 0.02603622,
        0.0180252 ],
       [0.01971559, 0.01991469, 0.01993466, ..., 0.01913098, 0.0210581 ,
        0.01925628],
       [0.01985884, 0.02065234, 0.02073324, ..., 0.01765953, 0.02567509,
        0.0181148 ]], dtype=float32), array([[0.0199132 , 0.02055049, 0.02061519, ..., 0.02315624, 0.02448156,
        0.01849453],
       [0.01989774, 0.02046745, 0.02052519, ..., 0.02277845, 0.02394331,
        0.0186226 ],
       [0.01989599, 0.02045897, 0.02051602, ..., 0.02274085, 0.02389001,
        0.01863523],
       ...,
       [0.01980483, 0.02012081, 0.02015262, ..., 0.0213647 , 0.0219706 ,
        0.01908283],
       [0.01974301, 0.01994238, 0.01996238, ..., 0.02071635, 0.02108738,
        0.01928305],
       [0.01993463, 0.02073117, 0.02081237, ..., 0.02404943, 0.02577309,
        0.01818394]], dtype=float32), array([[0.01929413, 0.01558092, 0.0199743 , ..., 0.01755655, 0.02372047,
        0.01791956],
       [0.01892596, 0.01314601, 0.0200775 , ..., 0.01611325, 0.02691406,
        0.01668539],
       [0.01934286, 0.01600642, 0.01994565, ..., 0.01779168, 0.02322584,
        0.01811715],
       ...,
       [0.01914557, 0.01446597, 0.02003535, ..., 0.01691716, 0.02510035,
        0.01737728],
       [0.01953613, 0.01824861, 0.01975321, ..., 0.01895685, 0.02086642,
        0.01908099],
       [0.01917971, 0.01470234, 0.02002421, ..., 0.01705562, 0.02479707,
        0.01749532]], dtype=float32), array([[0.00888928, 0.02087666, 0.02099569, ..., 0.01662582, 0.01600587,
        0.02688514],
       [0.01762427, 0.01985233, 0.01986808, ..., 0.01923202, 0.01913038,
        0.02056498],
       [0.01770213, 0.01984271, 0.0198578 , ..., 0.01924779, 0.01915024,
        0.02052524],
       ...,
       [0.01474746, 0.02020733, 0.02024976, ..., 0.01857939, 0.01832074,
        0.02218373],
       [0.01431074, 0.02026079, 0.02030775, ..., 0.01846679, 0.01818322,
        0.02245897],
       [0.02139887, 0.01938906, 0.01937633, ..., 0.01990578, 0.01999335,
        0.01883071]], dtype=float32), array([[0.00906659, 0.01366425, 0.01374216, ..., 0.02642488, 0.01632513,
        0.0274214 ],
       [0.0125557 , 0.01597096, 0.01602431, ..., 0.02351452, 0.01772779,
        0.02403067],
       [0.01261168, 0.0160045 , 0.01605744, ..., 0.02347501, 0.01774691,
        0.02398521],
       ...,
       [0.02077725, 0.0201213 , 0.02011235, ..., 0.01910975, 0.01984324,
        0.0190545 ],
       [0.01441877, 0.01704005, 0.01707955, ..., 0.02228996, 0.01832049,
        0.02262851],
       [0.02135673, 0.02036835, 0.02035498, ..., 0.01887416, 0.01995398,
        0.01879363]], dtype=float32), array([[0.02032755, 0.01641546, 0.01646714, ..., 0.02363808, 0.03193716,
        0.02412684],
       [0.02052145, 0.01425424, 0.01433084, ..., 0.02654126, 0.04433202,
        0.02748368],
       [0.02052067, 0.01428532, 0.01436161, ..., 0.02649878, 0.04412322,
        0.02743386],
       ...,
       [0.02002946, 0.01798969, 0.01801813, ..., 0.02160702, 0.02513392,
        0.02183037],
       [0.01909458, 0.02120198, 0.02116936, ..., 0.01773442, 0.01530424,
        0.01755754],
       [0.01997956, 0.01820561, 0.01823053, ..., 0.02133484, 0.02431842,
        0.02152563]], dtype=float32), array([[0.01992323, 0.01608895, 0.02062557, ..., 0.01812899, 0.02449389,
        0.01850384],
       [0.0199467 , 0.01385502, 0.02116035, ..., 0.01698229, 0.02836561,
        0.01758529],
       [0.0199039 , 0.01647068, 0.02052417, ..., 0.01830773, 0.0238995 ,
        0.01864264],
       ...,
       [0.01995387, 0.0150767 , 0.02088122, ..., 0.01763138, 0.02616005,
        0.01811093],
       [0.01974406, 0.01844283, 0.01996344, ..., 0.0191586 , 0.0210885 ,
        0.01928407],
       [0.01994995, 0.01529277, 0.02082836, ..., 0.01774055, 0.02579289,
        0.01819792]], dtype=float32)]",1,0,0,0,0,0,21.32857142857143,74.53333333333333,6.011245425599517e-05,0.00012142842570589106,5.5,5.5,5000.0,252500.0,5000.0,252500.0,0.10063033306505531,10659,0.05605646222829819,0.302933007478714,16710,1.0,1.0,0.6928239464759827,969.0,0.00016698204854037613,2.980232238769531e-07,0.0005955359665676951,0.0,29.428558349609375,0.32364848256111145,0.0019038214046,10659,877.726006830324,0.0001250483832,0.0019038214046,10659,0.0,3170,1.0,1.0,10659,969.0,0.0,877.739822729249,19880,21318,0,56100,21318,56100,4619.716141190329,23874626.838911086,13040658.10024238,27.167134025045954,-14.5,0.25731937505770475,0.012304139434127137,1.0,50,13.5,27.167134025045954,20,1.1,6000,50,20,1.2832359402344731e-05,0.00017308304086327553,1000,2.958441864962341e-05,50.0,1.1,1000,5.4656379242690074e-05,0.00010751092301552479,1.1,1000,1000,1000,1.2399704379066651e-05,2.7955912790605618e-06,2.7020005408796873e-06,6.849979274922909e-06,1.2649532329333295e-05,1.1772172035027859e-05,4.2370914759139086e-05,9.323398828159914e-06,6.481842774301395e-06,1.0274699781133412e-05,1.5132274033561505e-05,0.004681542050093412,0.0003120419569313526,0.03808724996633828,0.05479833297431469,0.0016342089511454105,0.0009244170505553484,7.787509821355343e-05,969.0,0.00010318605200154707,1.0,32.178794860839844,0.00017384221428073943,3.5762786865234375e-07,0.3283899426460266,63954,0.30688968,11.0,11.0,63954,0.6928873658180237,0.0,11.0,11.0,63954,969.0,63954,127908,336600,127908,336600,57843.33917490804,6.282491221758621e-06,2.5944634282711693e-06,1.1225470117802605e-05,1.1368168733699193e-05,2.561441281509667e-06,1.4192742480493143e-05,9.648347884893264e-06,6.099915374682028e-06,1.1211983549561733e-05,3.448172694398984e-05,7.492708235646048e-06
1,10000.0,False,2,66b4f_00000,2025-08-11_17-11-39,1754925099,14.055201053619385,28.128867149353027,8033,Mac,127.0.0.1,28.128867149353027,2,13.808473693722625,7.862414931878448e-06,13.808333796302323,1.3742218908539507,12.317852104892953,0.0007806797605007887,3.7,0.08119553177474469,10000.0,50,27.16809333212661,-5.5,0.013231157526606691,100.0,5.767657938827279e-05,1.311082023401828e-05,5000.0,50,14.5,4.3288570370283443e-05,50.0,27.16809333212661,200.0,1.0,0.013733823980108141,3650.7963870838275,5000.0,5100.0,"[array([[0.01956228, 0.02018834, 0.0158472 , ..., 0.01780055, 0.02405013,
        0.01816861],
       [0.01958049, 0.02014111, 0.0162128 , ..., 0.01799264, 0.02356155,
        0.01832567],
       [0.01936373, 0.02042544, 0.01355191, ..., 0.01650209, 0.02747769,
        0.01708441],
       ...,
       [0.01948962, 0.0203115 , 0.01478674, ..., 0.01722117, 0.0255514 ,
        0.01768956],
       [0.01962508, 0.01982326, 0.01835008, ..., 0.01904315, 0.02096142,
        0.01916786],
       [0.01950766, 0.02028713, 0.0150123 , ..., 0.01734724, 0.02522105,
        0.01779447]], dtype=float32), array([[0.00879905, 0.01326105, 0.02078259, ..., 0.01645707, 0.01016708,
        0.01707769],
       [0.01234641, 0.01570474, 0.02043997, ..., 0.01782522, 0.01343858,
        0.01821648],
       [0.01768086, 0.0186776 , 0.01983394, ..., 0.01922467, 0.01802579,
        0.01932005],
       ...,
       [0.01469622, 0.01709719, 0.02017939, ..., 0.01851483, 0.01550097,
        0.01876941],
       [0.00992531, 0.01409088, 0.02068419, ..., 0.01694547, 0.01122957,
        0.01748995],
       [0.01513727, 0.01734283, 0.02012904, ..., 0.01863014, 0.01588032,
        0.01886023]], dtype=float32), array([[0.00924072, 0.02170203, 0.02182576, ..., 0.01728313, 0.01663868,
        0.02794806],
       [0.0177116 , 0.0199507 , 0.01996652, ..., 0.01932731, 0.01922518,
        0.02066688],
       [0.01778617, 0.01993691, 0.01995207, ..., 0.01933917, 0.01924116,
        0.02062268],
       ...,
       [0.01494719, 0.020481  , 0.020524  , ..., 0.01883101, 0.01856886,
        0.02248417],
       [0.01452578, 0.02056522, 0.02061289, ..., 0.01874427, 0.01845645,
        0.02279642],
       [0.02131444, 0.01931256, 0.01929988, ..., 0.01982724, 0.01991447,
        0.01875641]], dtype=float32), array([[0.02021716, 0.01632632, 0.02092987, ..., 0.01839645, 0.02485524,
        0.01877684],
       [0.02045457, 0.01420778, 0.02169912, ..., 0.01741468, 0.02908783,
        0.01803303],
       [0.02016341, 0.01668543, 0.02079177, ..., 0.01854643, 0.02421111,
        0.01888571],
       ...,
       [0.0203421 , 0.01537004, 0.02128749, ..., 0.01797443, 0.02666902,
        0.0184633 ],
       [0.01983561, 0.01852835, 0.02005602, ..., 0.01924744, 0.02118629,
        0.0193735 ],
       [0.02031769, 0.01557465, 0.02121229, ..., 0.01806756, 0.02626832,
        0.01853336]], dtype=float32), array([[0.0194057 , 0.02002676, 0.01572036, ..., 0.01765808, 0.0304888 ,
        0.0230327 ],
       [0.01944617, 0.02000295, 0.01610158, ..., 0.01786922, 0.02915166,
        0.02267355],
       [0.01902083, 0.02006374, 0.01331192, ..., 0.01620987, 0.04089826,
        0.02542875],
       ...,
       [0.01925768, 0.02006978, 0.01461077, ..., 0.01701622, 0.03482367,
        0.02410888],
       [0.01955482, 0.01925543, 0.0216796 , ..., 0.02047988, 0.01567314,
        0.01798074],
       [0.01957137, 0.01984141, 0.01785807, ..., 0.01878421, 0.02382158,
        0.02108585]], dtype=float32), array([[0.01950799, 0.02013232, 0.01580323, ..., 0.01775115, 0.03064951,
        0.02315411],
       [0.0195373 , 0.02009669, 0.01617703, ..., 0.01795295, 0.02928826,
        0.0227798 ],
       [0.01919852, 0.02025118, 0.01343628, ..., 0.0163613 , 0.04128032,
        0.0256663 ],
       ...,
       [0.01939373, 0.02021157, 0.01471399, ..., 0.01713644, 0.03506969,
        0.02427921],
       [0.01951135, 0.01921262, 0.02163141, ..., 0.02043435, 0.0156383 ,
        0.01794077],
       [0.01961415, 0.01988478, 0.0178971 , ..., 0.01882527, 0.02387365,
        0.02113194]], dtype=float32), array([[0.00927115, 0.0217735 , 0.02189764, ..., 0.01734005, 0.01071259,
        0.01799396],
       [0.01773116, 0.01997273, 0.01998857, ..., 0.01934866, 0.01809206,
        0.01944878],
       [0.01780508, 0.01995811, 0.01997328, ..., 0.01935973, 0.01815244,
        0.01945578],
       ...,
       [0.01498387, 0.02053127, 0.02057437, ..., 0.01887723, 0.01580438,
        0.01913679],
       [0.01037994, 0.0215268 , 0.02163162, ..., 0.01772165, 0.01174395,
        0.01829106],
       [0.01540324, 0.02044413, 0.02048272, ..., 0.01895748, 0.01615935,
        0.01919162]], dtype=float32), array([[0.00892074, 0.01344444, 0.02107   , ..., 0.01668467, 0.0103077 ,
        0.01731387],
       [0.01245788, 0.01584653, 0.02062452, ..., 0.01798615, 0.01355991,
        0.01838095],
       [0.01772097, 0.01871997, 0.01987894, ..., 0.01926828, 0.01806669,
        0.01936388],
       ...,
       [0.01478389, 0.01719919, 0.02029978, ..., 0.01862529, 0.01559345,
        0.01888138],
       [0.01004735, 0.01426412, 0.02093849, ..., 0.01715381, 0.01136765,
        0.01770498],
       [0.0152191 , 0.01743658, 0.02023785, ..., 0.01873085, 0.01596617,
        0.01896218]], dtype=float32), array([[0.01963402, 0.0158554 , 0.02032617, ..., 0.0228316 , 0.02413831,
        0.01823524],
       [0.01945486, 0.01351338, 0.02063858, ..., 0.0251618 , 0.02766614,
        0.01715167],
       [0.01964799, 0.01625891, 0.02026028, ..., 0.02245739, 0.0235922 ,
        0.01840294],
       ...,
       [0.01966314, 0.01766067, 0.02000844, ..., 0.02121184, 0.0218134 ,
        0.0189463 ],
       [0.01965289, 0.01835765, 0.01987126, ..., 0.0206218 , 0.02099113,
        0.01919502],
       [0.01958997, 0.01501682, 0.02045253, ..., 0.02363363, 0.02532745,
        0.01786955]], dtype=float32), array([[0.0096707 , 0.01457471, 0.01465781, ..., 0.01808734, 0.01741293,
        0.02924852],
       [0.01305856, 0.0166106 , 0.01666609, ..., 0.01885339, 0.01843782,
        0.02499313],
       [0.01311198, 0.0166394 , 0.01669444, ..., 0.01886272, 0.01845096,
        0.02493672],
       ...,
       [0.01522522, 0.01771262, 0.01774981, ..., 0.01918129, 0.01891427,
        0.0229024 ],
       [0.01482282, 0.01751754, 0.01755814, ..., 0.01912757, 0.01883387,
        0.02326257],
       [0.02118479, 0.02020436, 0.0201911 , ..., 0.01970663, 0.01979332,
        0.01864232]], dtype=float32), array([[0.01992731, 0.02056505, 0.01614291, ..., 0.02317266, 0.02449888,
        0.01850763],
       [0.01990912, 0.02047916, 0.01648491, ..., 0.02279148, 0.02395698,
        0.01863325],
       [0.01995888, 0.02105323, 0.01396843, ..., 0.02577333, 0.02832219,
        0.01760951],
       ...,
       [0.01980846, 0.0201245 , 0.01781932, ..., 0.02136862, 0.02197462,
        0.01908633],
       [0.01974448, 0.01994387, 0.01846171, ..., 0.02071791, 0.02108896,
        0.01928448],
       [0.0199562 , 0.02075359, 0.01535747, ..., 0.02407546, 0.02580093,
        0.01820361]], dtype=float32)]",1,0,0,0,0,0,19.61,74.48000000000002,5.622946817197158e-05,0.00011234562431755209,3.7,3.7,5000.0,10000.0,5000.0,10000.0,0.10061031431425363,21318,0.028028231114149094,0.30202731490135193,16710,1.0,2.0,0.6927322149276733,969.0,0.0012012526858597994,2.980232238769531e-07,-0.002322193467989564,0.0,30.730783462524414,0.325741171836853,0.0019038214046,10659,876.7558390764516,0.0001250483832,0.0019038214046,10659,0.0,3170,1.0,2.0,21318,969.0,0.0,876.7693243685889,19880,42636,0,56100,21318,112200,4614.607708554287,23475111.151239056,13027610.70754507,27.168093298253442,-16.5,0.2573224188073072,0.012320004019420594,2.0,50,17.5,27.168093298253442,40,1.1,11000,50,20,1.2894340872759334e-05,0.00017209262121468784,1000,2.9429514095852703e-05,50.0,1.1,2000,5.555123854071904e-05,0.00010845438931992274,1.1,1000,2000,1000,1.1794081452125288e-05,2.6607084046777278e-06,2.5732342457012757e-06,6.543337789124056e-06,1.1614877953096804e-05,1.1378946719006678e-05,3.73154681819226e-05,7.6097317165810405e-06,6.196991131248043e-06,9.95275854151111e-06,1.4592033095012437e-05,0.004677202049642801,0.0003119402879383415,0.03807871829718351,0.05479384256526828,0.001632076451787725,0.0009247020492330194,7.763593690469861e-05,969.0,-0.0017010433366522193,1.0,26.721939086914062,0.0011877785436809063,4.172325134277344e-07,0.3196938633918762,63954,0.29704073,21.0,22.0,127908,0.6928353905677795,0.0,21.0,22.0,127908,969.0,63954,127908,673200,255816,336600,57358.126359168185,6.479564072288103e-06,2.6114031829273096e-06,1.1427060150857945e-05,1.1691258242656345e-05,2.5424038408059006e-06,1.4539549382266382e-05,9.830905587561041e-06,6.074799165218682e-06,1.1220796449710268e-05,3.4829054034787205e-05,7.489268974364465e-06
1,-232500.0,False,3,66b4f_00000,2025-08-11_17-11-53,1754925113,13.94331407546997,42.072181224823,8033,Mac,127.0.0.1,42.072181224823,3,13.807196211785275,7.852961274329573e-06,13.807055849168986,1.3739800527862622,12.316767207174607,0.0007809925427660346,4.7,0.11033489097226959,-232500.0,50,27.16809333212661,-5.5,0.012584494203329086,100.0,4.090233861649728e-05,1.3232214165340753e-05,5000.0,50,14.5,3.0332628669307e-05,50.0,27.16809333212661,-4650.0,2.0,0.013538817027859851,3679.3457223308687,5000.0,5100.0,"[array([[0.0196488 , 0.02027763, 0.01591729, ..., 0.02284879, 0.03087072,
        0.02332124],
       [0.019668  , 0.02023114, 0.01628526, ..., 0.02251545, 0.02948419,
        0.0229322 ],
       [0.01938036, 0.02044298, 0.01356354, ..., 0.02502627, 0.04167127,
        0.02590939],
       ...,
       [0.01969117, 0.02000534, 0.01771381, ..., 0.02124209, 0.0247094 ,
        0.02146166],
       [0.01940828, 0.01911114, 0.02151714, ..., 0.01802578, 0.01555571,
        0.017846  ],
       [0.01968729, 0.01995893, 0.01796384, ..., 0.02102275, 0.02396267,
        0.02121074]], dtype=float32), array([[0.00934251, 0.0219411 , 0.01416038, ..., 0.01747352, 0.01682201,
        0.02825594],
       [0.01775247, 0.01999675, 0.01881229, ..., 0.01937192, 0.01926955,
        0.02071458],
       [0.01284941, 0.0210984 , 0.01636011, ..., 0.01848497, 0.01808147,
        0.02443733],
       ...,
       [0.01503057, 0.02059526, 0.01752289, ..., 0.01893606, 0.01867246,
        0.02260961],
       [0.01461381, 0.02068983, 0.01731056, ..., 0.01885786, 0.0185683 ,
        0.02293454],
       [0.02126993, 0.01927223, 0.02027225, ..., 0.01978583, 0.01987287,
        0.01871724]], dtype=float32), array([[0.02021288, 0.02085976, 0.02092543, ..., 0.02350473, 0.02484995,
        0.01877286],
       [0.02016501, 0.02074237, 0.02080088, ..., 0.02308441, 0.02426489,
        0.01887273],
       [0.02016003, 0.02073049, 0.02078829, ..., 0.02304265, 0.02420703,
        0.01888254],
       ...,
       [0.01995162, 0.02026995, 0.02030199, ..., 0.02152305, 0.02213343,
        0.01922427],
       [0.01983517, 0.02003547, 0.02005557, ..., 0.02081307, 0.02118583,
        0.01937306],
       [0.02031116, 0.02112273, 0.02120547, ..., 0.02450368, 0.02625984,
        0.0185274 ]], dtype=float32), array([[0.02010322, 0.0162343 , 0.01628541, ..., 0.01829278, 0.02471514,
        0.01867101],
       [0.0202394 , 0.01405832, 0.01413386, ..., 0.01723148, 0.02878179,
        0.01784333],
       [0.02023869, 0.01408901, 0.01416425, ..., 0.01724774, 0.02871923,
        0.01785637],
       ...,
       [0.02018534, 0.01525159, 0.01531458, ..., 0.01783591, 0.02646346,
        0.01832101],
       [0.01980348, 0.01849831, 0.01851687, ..., 0.01921626, 0.02115198,
        0.0193421 ],
       [0.02017048, 0.0154618 , 0.01552237, ..., 0.01793665, 0.02607796,
        0.01839907]], dtype=float32), array([[0.00883877, 0.0133209 , 0.01339685, ..., 0.02576092, 0.01591498,
        0.0267324 ],
       [0.01239273, 0.01576366, 0.01581632, ..., 0.02320933, 0.01749772,
        0.02371878],
       [0.01244991, 0.0157992 , 0.01585146, ..., 0.02317391, 0.0175193 ,
        0.02367756],
       ...,
       [0.02080444, 0.02014763, 0.02013867, ..., 0.01913475, 0.01986921,
        0.01907944],
       [0.01429706, 0.01689619, 0.01693535, ..., 0.02210174, 0.01816583,
        0.02243743],
       [0.02139722, 0.02040697, 0.02039357, ..., 0.01890995, 0.0199918 ,
        0.01882926]], dtype=float32), array([[0.02014097, 0.01626478, 0.01631599, ..., 0.02342111, 0.03164397,
        0.02390539],
       [0.0202141 , 0.01404074, 0.01411619, ..., 0.02614376, 0.04366796,
        0.02707205],
       [0.02021498, 0.0140725 , 0.01414765, ..., 0.02610403, 0.04346584,
        0.02702519],
       ...,
       [0.01993471, 0.01790459, 0.01793288, ..., 0.0215048 , 0.02501499,
        0.02172709],
       [0.01918606, 0.02130353, 0.02127076, ..., 0.01781939, 0.0153776 ,
        0.01764167],
       [0.01989749, 0.01813082, 0.01815563, ..., 0.0212472 , 0.0242185 ,
        0.02143719]], dtype=float32), array([[0.00913496, 0.02145364, 0.02157596, ..., 0.01708532, 0.01055523,
        0.01772963],
       [0.01768894, 0.01992519, 0.01994099, ..., 0.0193026 , 0.01804899,
        0.01940248],
       [0.01776439, 0.01991251, 0.01992765, ..., 0.0193155 , 0.01811097,
        0.01941133],
       ...,
       [0.01489265, 0.02040627, 0.02044911, ..., 0.0187623 , 0.01570817,
        0.01902028],
       [0.01024573, 0.02124843, 0.02135189, ..., 0.01749249, 0.01159211,
        0.01805454],
       [0.01531845, 0.0203316 , 0.02036997, ..., 0.01885313, 0.0160704 ,
        0.01908598]], dtype=float32), array([[0.00883877, 0.0133209 , 0.01339685, ..., 0.02576092, 0.01591498,
        0.02673239],
       [0.01239273, 0.01576366, 0.01581632, ..., 0.02320934, 0.01749773,
        0.02371878],
       [0.01244991, 0.0157992 , 0.01585146, ..., 0.02317391, 0.0175193 ,
        0.02367756],
       ...,
       [0.02080444, 0.02014763, 0.02013867, ..., 0.01913475, 0.01986921,
        0.01907944],
       [0.01429706, 0.01689619, 0.01693536, ..., 0.02210175, 0.01816583,
        0.02243743],
       [0.02139722, 0.02040697, 0.02039357, ..., 0.01890995, 0.0199918 ,
        0.01882926]], dtype=float32), array([[0.00956738, 0.02246921, 0.02259732, ..., 0.0178941 , 0.01722691,
        0.02893604],
       [0.01779785, 0.02004786, 0.02006375, ..., 0.01942143, 0.01931881,
        0.02076752],
       [0.0178692 , 0.02002999, 0.02004522, ..., 0.01942946, 0.019331  ,
        0.02071896],
       ...,
       [0.01514076, 0.02074623, 0.02078979, ..., 0.01907488, 0.01880935,
        0.02277535],
       [0.0147336 , 0.02085941, 0.02090775, ..., 0.01901242, 0.01872049,
        0.02312251],
       [0.02122908, 0.01923521, 0.01922258, ..., 0.01974783, 0.0198347 ,
        0.0186813 ]], dtype=float32), array([[0.0196488 , 0.02027763, 0.01591729, ..., 0.02284879, 0.03087071,
        0.02332124],
       [0.01966801, 0.02023114, 0.01628526, ..., 0.02251546, 0.02948418,
        0.0229322 ],
       [0.01938036, 0.02044298, 0.01356353, ..., 0.02502627, 0.04167124,
        0.02590939],
       ...,
       [0.01969117, 0.02000534, 0.01771381, ..., 0.02124209, 0.02470939,
        0.02146166],
       [0.01940829, 0.01911114, 0.02151713, ..., 0.01802579, 0.01555573,
        0.01784601],
       [0.01968729, 0.01995893, 0.01796384, ..., 0.02102275, 0.02396266,
        0.02121074]], dtype=float32), array([[0.01941272, 0.02003399, 0.02009707, ..., 0.01766445, 0.03049979,
        0.02304102],
       [0.01945182, 0.02000877, 0.02006521, ..., 0.01787441, 0.0291601 ,
        0.02268014],
       [0.01945549, 0.020006  , 0.02006178, ..., 0.01789527, 0.02902933,
        0.02264416],
       ...,
       [0.0192696 , 0.02008221, 0.02016515, ..., 0.01702676, 0.03484519,
        0.02412381],
       [0.01955651, 0.0192571 , 0.01922747, ..., 0.02048165, 0.01567453,
        0.01798231],
       [0.01957272, 0.01984277, 0.01986992, ..., 0.0187855 , 0.0238232 ,
        0.02108729]], dtype=float32)]",1,0,0,0,0,0,20.026315789473685,74.43157894736842,5.672311682558556e-05,0.00011311733474698368,4.7,4.7,5000.0,-232500.0,5000.0,-232500.0,0.10062111076056027,31977,0.014014115557074547,0.3061273396015167,16710,1.0,3.0,0.6916038990020752,969.0,0.0003899236617144197,3.5762786865234375e-07,0.00185991614125669,0.0,30.691957473754883,0.3257113993167877,0.0019038214046,10659,875.360730041137,0.0001250483832,0.0019038214046,10659,0.0,3170,1.0,3.0,31977,969.0,0.0,875.3737153674825,19880,63954,0,56100,21318,168300,4607.261541730313,22964630.175752454,13004277.401796618,27.168093332125434,-16.5,0.2573101654595113,0.012304586040166517,3.0,50,17.5,27.168093332125434,60,0.7666666666666667,16000,50,20,1.2887272745424186e-05,0.00017123002517037094,1000,2.967484911707258e-05,50.0,0.7666666666666667,3000,5.537333996580338e-05,0.00010845022701219582,0.7666666666666667,1000,3000,1000,1.199198572540022e-05,2.692372620514331e-06,2.6136974209795547e-06,6.536095810703228e-06,1.1736444096668564e-05,1.1456122376324692e-05,3.760445484362672e-05,7.672246618004518e-06,6.238366182731475e-06,1.0014759488961445e-05,1.4713110129391065e-05,0.004674157109484076,0.0003118713052594103,0.03807419028421864,0.05481331996889785,0.0016301631881273351,0.0009260266889818013,7.754290753509849e-05,969.0,-0.0008028020383790135,1.0,34.790138244628906,0.00030241074273362756,2.980232238769531e-07,0.3325173556804657,63954,0.3098726,31.0,33.0,191862,0.6916898488998413,0.0,31.0,33.0,191862,969.0,63954,127908,1009800,383724,336600,56612.05093169989,6.357046021256235e-06,2.597935022046819e-06,1.1323847573879616e-05,1.1510195361742083e-05,2.5456373010098518e-06,1.4474200064065035e-05,9.71495276788122e-06,6.096228356072061e-06,1.1194422549347213e-05,3.468612625474642e-05,7.479222201801126e-06
1,-475000.0,False,4,66b4f_00000,2025-08-11_17-12-06,1754925126,13.77951717376709,55.85169839859009,8033,Mac,127.0.0.1,55.85169839859009,4,13.804266583418269,7.84277211211156e-06,13.80412580609765,1.3736242851784026,12.314174631772934,0.0007809626172073185,5.899999999999999,0.12070787573917213,-475000.0,50,27.16809333212661,-5.5,0.012468908734153954,100.0,3.436740506353609e-05,1.3108642424234454e-05,5000.0,50,14.5,2.9933175829643796e-05,50.0,27.16809333212661,-9500.0,3.0,0.013188616851309516,3693.88875846512,5000.0,5100.0,"[array([[0.02022436, 0.01633212, 0.02093731, ..., 0.02351807, 0.02486402,
        0.01878352],
       [0.02047592, 0.0142226 , 0.02172176, ..., 0.02648238, 0.02911805,
        0.01805184],
       [0.02016903, 0.01669007, 0.02079756, ..., 0.02305294, 0.0242178 ,
        0.01889097],
       ...,
       [0.0199545 , 0.01792237, 0.02030492, ..., 0.02152616, 0.02213661,
        0.01922705],
       [0.01983633, 0.01852898, 0.02005675, ..., 0.02081431, 0.02118708,
        0.01937418],
       [0.02032891, 0.01558325, 0.021224  , ..., 0.02452509, 0.02628274,
        0.01854359]], dtype=float32), array([[0.0197805 , 0.01597369, 0.01602397, ..., 0.01799912, 0.03107754,
        0.02347754],
       [0.01963532, 0.01363872, 0.013712  , ..., 0.01671718, 0.04241746,
        0.02629691],
       [0.0196391 , 0.0136716 , 0.01374462, ..., 0.01673677, 0.04222742,
        0.0262553 ],
       ...,
       [0.01974437, 0.0149184 , 0.01498002, ..., 0.01744627, 0.0357036 ,
        0.02471817],
       [0.01937197, 0.02150993, 0.02147684, ..., 0.02028836, 0.01552669,
        0.01781265],
       [0.01973574, 0.01798343, 0.01800804, ..., 0.01894196, 0.0240216 ,
        0.02126293]], dtype=float32), array([[0.0091174 , 0.01374082, 0.02153448, ..., 0.01705248, 0.01641676,
        0.02757507],
       [0.01260662, 0.01603573, 0.02087077, ..., 0.0182009 , 0.01779979,
        0.02412815],
       [0.01776391, 0.01876534, 0.01992712, ..., 0.01931498, 0.01921711,
        0.02059689],
       ...,
       [0.01488935, 0.01732187, 0.02044457, ..., 0.01875814, 0.01849706,
        0.02239716],
       [0.01446275, 0.01709195, 0.0205233 , ..., 0.01866284, 0.01837633,
        0.0226973 ],
       [0.02133445, 0.0203471 , 0.01931799, ..., 0.01984585, 0.01993314,
        0.01877402]], dtype=float32), array([[0.00936037, 0.021983  , 0.02210834, ..., 0.01750691, 0.01081577,
        0.01816711],
       [0.01775296, 0.0199973 , 0.02001316, ..., 0.01937245, 0.01811432,
        0.0194727 ],
       [0.01782605, 0.01998163, 0.01999683, ..., 0.01938255, 0.01817385,
        0.01947871],
       ...,
       [0.01503377, 0.02059962, 0.02064288, ..., 0.01894009, 0.01585706,
        0.01920051],
       [0.01046409, 0.02170114, 0.0218068 , ..., 0.01786522, 0.01183922,
        0.01843924],
       [0.01544917, 0.02050509, 0.02054379, ..., 0.01901401, 0.01620758,
        0.01924884]], dtype=float32), array([[0.009008  , 0.02115546, 0.02127608, ..., 0.02625414, 0.01040863,
        0.01748322],
       [0.01766564, 0.01989894, 0.01991472, ..., 0.02050715, 0.01802523,
        0.01937693],
       [0.01774203, 0.01988744, 0.01990257, ..., 0.02046995, 0.01808819,
        0.0193869 ],
       ...,
       [0.02077637, 0.01943437, 0.01942573, ..., 0.01910893, 0.02054286,
        0.01972633],
       [0.0101305 , 0.02100928, 0.02111157, ..., 0.0252654 , 0.0114618 ,
        0.01785138],
       [0.01526529, 0.02026103, 0.02029926, ..., 0.02176495, 0.01601467,
        0.01901973]], dtype=float32), array([[0.01967554, 0.01588893, 0.02036914, ..., 0.02287988, 0.03091253,
        0.02335296],
       [0.01944805, 0.01350863, 0.02063133, ..., 0.02515299, 0.04201266,
        0.02604609],
       [0.01969074, 0.01629428, 0.02030436, ..., 0.02250626, 0.02938022,
        0.02291797],
       ...,
       [0.0196981 , 0.01769208, 0.02004401, ..., 0.02124956, 0.02471801,
        0.02146921],
       [0.01941501, 0.02155767, 0.01908837, ..., 0.01803208, 0.01556128,
        0.01785225],
       [0.0196925 , 0.01794403, 0.01999152, ..., 0.02102831, 0.02396894,
        0.02121635]], dtype=float32), array([[0.00940292, 0.02208292, 0.01425192, ..., 0.02740513, 0.01086498,
        0.0182497 ],
       [0.01777314, 0.02002003, 0.01883419, ..., 0.02063194, 0.01813492,
        0.01949484],
       [0.01290409, 0.02118817, 0.01642972, ..., 0.02401931, 0.01403406,
        0.01896709],
       ...,
       [0.02070587, 0.01936842, 0.02004325, ..., 0.01904408, 0.02047315,
        0.01965939],
       [0.0105104 , 0.02179709, 0.01499408, ..., 0.0262128 , 0.01189165,
        0.01852079],
       [0.01548698, 0.02055527, 0.01777697, ..., 0.02208103, 0.01624726,
        0.01929595]], dtype=float32), array([[0.01962919, 0.02025738, 0.0159014 , ..., 0.02282599, 0.02413219,
        0.01823075],
       [0.01964298, 0.02020538, 0.01626452, ..., 0.02248681, 0.02363658,
        0.01838415],
       [0.01944588, 0.02051208, 0.01360939, ..., 0.02511089, 0.0275939 ,
        0.01715689],
       ...,
       [0.01966185, 0.01997555, 0.01768743, ..., 0.02121046, 0.0218119 ,
        0.01894507],
       [0.01965237, 0.01985083, 0.01837549, ..., 0.02062133, 0.02099063,
        0.01919448],
       [0.01958271, 0.02036516, 0.01507004, ..., 0.02362487, 0.02531783,
        0.01786292]], dtype=float32), array([[0.01940878, 0.02002991, 0.01572285, ..., 0.02256968, 0.03049336,
        0.02303634],
       [0.01944864, 0.02000548, 0.01610361, ..., 0.02226433, 0.02915516,
        0.02267642],
       [0.01902963, 0.020073  , 0.01331807, ..., 0.02457338, 0.04091662,
        0.0254405 ],
       ...,
       [0.01955939, 0.01987145, 0.01759525, ..., 0.02109992, 0.02454392,
        0.02131802],
       [0.01955551, 0.01925613, 0.02168025, ..., 0.01816259, 0.01567394,
        0.01798145],
       [0.01957195, 0.01984198, 0.01785859, ..., 0.02089958, 0.02382219,
        0.02108647]], dtype=float32), array([[0.02010936, 0.02075291, 0.02081825, ..., 0.02338435, 0.02472248,
        0.01867671],
       [0.02007304, 0.02064776, 0.020706  , ..., 0.02297913, 0.02415406,
        0.01878666],
       [0.02006922, 0.02063709, 0.02069462, ..., 0.02293885, 0.02409782,
        0.01879747],
       ...,
       [0.01990183, 0.02021936, 0.02025132, ..., 0.02146934, 0.0220781 ,
        0.0191763 ],
       [0.01980413, 0.02000413, 0.02002419, ..., 0.02078058, 0.02115273,
        0.0193427 ],
       [0.02017989, 0.0209862 , 0.0210684 , ..., 0.02434531, 0.02608986,
        0.01840765]], dtype=float32), array([[0.00939506, 0.01415926, 0.01423999, ..., 0.02738219, 0.01691684,
        0.02841478],
       [0.01284674, 0.01634114, 0.01639573, ..., 0.02405959, 0.01813889,
        0.02458769],
       [0.01290147, 0.01637224, 0.01642639, ..., 0.02401444, 0.01815488,
        0.02453635],
       ...,
       [0.02070585, 0.02005215, 0.02004323, ..., 0.01904406, 0.01977502,
        0.01898901],
       [0.01465869, 0.01732345, 0.0173636 , ..., 0.02266042, 0.01862526,
        0.02300457],
       [0.02124778, 0.02026445, 0.02025114, ..., 0.01877788, 0.01985215,
        0.01869776]], dtype=float32)]",1,0,0,0,0,0,18.974999999999998,74.29499999999999,5.628947018668555e-05,0.0001121296474338426,5.899999999999999,5.899999999999999,5000.0,-475000.0,5000.0,-475000.0,0.1006025279822671,42636,0.014014115557074547,0.31167343258857727,16710,1.0,4.0,0.6861842274665833,969.0,0.001982608577236533,2.980232238769531e-07,0.0012447265908122063,0.0,34.54002380371094,0.33224985003471375,0.0019038214046,10659,873.9796577380539,0.0001250483832,0.0019038214046,10659,0.0,3170,1.0,4.0,42636,969.0,0.0,873.9920582895166,19880,85272,0,56100,21318,224400,4599.98873579672,22433354.703596026,12978387.973240279,27.168093332126602,-16.5,0.257323979224586,0.012327131745405496,4.0,50,17.5,27.168093332126602,80,0.85,21000,50,20,1.3205023162439577e-05,0.00017029814529651775,1000,3.0092331986534837e-05,50.0,0.85,4000,5.648466549123784e-05,0.00011039442657017705,0.85,1000,4000,1000,1.1847041046625322e-05,2.672357018149072e-06,2.5751320383322314e-06,6.495829867072577e-06,1.1650588704085387e-05,1.140548427071628e-05,3.7265112916478756e-05,7.604005357601615e-06,6.186688527472048e-06,9.874656065394144e-06,1.4562573532765309e-05,0.004670705538565293,0.0003118280125976307,0.0380667779609738,0.05480823259919044,0.0016278607268697814,0.0009265360121978447,7.728913784516044e-05,969.0,-0.00551533093675971,1.0,33.411075592041016,0.0016379633452743292,3.5762786865234375e-07,0.33031514286994934,63954,0.3032529,41.0,44.0,255816,0.6868452429771423,0.0,41.0,44.0,255816,969.0,63954,127908,1346400,511632,336600,55746.84837491812,6.4441281400874475e-06,2.6916117111144223e-06,1.1744444839512373e-05,1.1754023101343858e-05,2.554236725314066e-06,1.4710182864616173e-05,9.866040384457233e-06,6.16837303368131e-06,1.1438304637303705e-05,3.565776860236391e-05,7.495585155498118e-06
1,-717500.0,False,5,66b4f_00000,2025-08-11_17-12-20,1754925140,13.767421007156372,69.61911940574646,8033,Mac,127.0.0.1,69.61911940574646,5,13.801258733413798,7.838504443453856e-06,13.80111727261647,1.3734457610767081,12.311334910044822,0.0007809246613879129,4.7,0.12353382756339179,-717500.0,50,27.16809333212661,-5.5,0.012641655431361871,100.0,3.240493437245816e-05,1.3284444493912787e-05,5000.0,50,14.5,3.0326226715160335e-05,50.0,27.16809333212661,-14350.0,4.0,0.013098639145946162,3663.9104472862705,5000.0,5100.0,"[array([[0.01981818, 0.01600412, 0.02051681, ..., 0.02304575, 0.02436449,
        0.01840628],
       [0.01975858, 0.01372433, 0.02096075, ..., 0.02555462, 0.02809761,
        0.01741943],
       [0.01981178, 0.01639443, 0.02042917, ..., 0.02264461, 0.02378869,
        0.01855635],
       ...,
       [0.0197571 , 0.01774507, 0.02010405, ..., 0.02131321, 0.02191754,
        0.01903685],
       [0.01971278, 0.01841348, 0.01993183, ..., 0.02068473, 0.02105516,
        0.01925348],
       [0.01981675, 0.01519064, 0.02068927, ..., 0.02390721, 0.02562035,
        0.0180764 ]], dtype=float32), array([[0.0096049 , 0.0144755 , 0.01455804, ..., 0.02799377, 0.01729469,
        0.02904942],
       [0.01300026, 0.01653642, 0.01659166, ..., 0.02434711, 0.01835567,
        0.02488152],
       [0.01305393, 0.01656571, 0.0166205 , ..., 0.02429822, 0.01836943,
        0.0248263 ],
       ...,
       [0.02067834, 0.0200255 , 0.0200166 , ..., 0.01901876, 0.01974875,
        0.01896378],
       [0.01477499, 0.01746089, 0.01750136, ..., 0.02284019, 0.01877303,
        0.02318707],
       [0.02120656, 0.02022514, 0.02021186, ..., 0.01874146, 0.01981364,
        0.01866149]], dtype=float32), array([[0.0096405 , 0.02264086, 0.01461201, ..., 0.01803085, 0.01113956,
        0.0187108 ],
       [0.01781893, 0.02007161, 0.01888272, ..., 0.01944445, 0.01818166,
        0.01954507],
       [0.01306859, 0.02145828, 0.01663917, ..., 0.0188003 , 0.01421301,
        0.01920888],
       ...,
       [0.01518662, 0.02080904, 0.01770479, ..., 0.01913264, 0.01601833,
        0.01939571],
       [0.01072697, 0.02224611, 0.01530299, ..., 0.01831392, 0.01213672,
        0.01890234],
       [0.01558961, 0.02069147, 0.01789477, ..., 0.01918685, 0.01635495,
        0.01942381]], dtype=float32), array([[0.02006088, 0.02070287, 0.02076805, ..., 0.01825425, 0.0315178 ,
        0.02381031],
       [0.02003478, 0.02060839, 0.02066653, ..., 0.01841009, 0.03003377,
        0.02335984],
       [0.02003189, 0.0205987 , 0.02065613, ..., 0.01842546, 0.02988915,
        0.02331503],
       ...,
       [0.02010812, 0.02095606, 0.02104261, ..., 0.01776769, 0.03636098,
        0.02517353],
       [0.01923468, 0.01894022, 0.01891108, ..., 0.02014453, 0.01541686,
        0.01768647],
       [0.01985888, 0.02013287, 0.02016041, ..., 0.01906015, 0.02417141,
        0.0213956 ]], dtype=float32), array([[0.0201971 , 0.02084345, 0.01636145, ..., 0.02348637, 0.02483029,
        0.0187582 ],
       [0.02015235, 0.02072933, 0.01668628, ..., 0.02306992, 0.02424945,
        0.01886088],
       [0.02039523, 0.02151346, 0.01427379, ..., 0.0263368 , 0.02894088,
        0.01799448],
       ...,
       [0.01994767, 0.02026593, 0.01794455, ..., 0.02151879, 0.02212893,
        0.01922047],
       [0.01983361, 0.02003391, 0.01854491, ..., 0.02081153, 0.02118423,
        0.01937148],
       [0.02028671, 0.02109728, 0.01561181, ..., 0.02447418, 0.0262279 ,
        0.01850509]], dtype=float32), array([[0.00985222, 0.01484824, 0.0149329 , ..., 0.01842683, 0.01774006,
        0.02979743],
       [0.01319892, 0.01678912, 0.0168452 , ..., 0.01905604, 0.01863619,
        0.02526175],
       [0.01325148, 0.0168164 , 0.01687203, ..., 0.0190634 , 0.01864745,
        0.025202  ],
       ...,
       [0.01532644, 0.01783036, 0.01786779, ..., 0.01930879, 0.01904012,
        0.02305462],
       [0.01493212, 0.01764656, 0.01768746, ..., 0.01926839, 0.01897267,
        0.0234336 ],
       [0.02114275, 0.02016427, 0.02015103, ..., 0.01966752, 0.01975401,
        0.01860533]], dtype=float32), array([[0.01979885, 0.02043246, 0.02049679, ..., 0.02302327, 0.02434068,
        0.01838832],
       [0.01979696, 0.02036377, 0.02042121, ..., 0.02266308, 0.0238218 ,
        0.01852827],
       [0.01979654, 0.02035669, 0.02041345, ..., 0.02262719, 0.02377036,
        0.01854208],
       ...,
       [0.01975214, 0.02006727, 0.02009899, ..., 0.02130785, 0.02191201,
        0.01903206],
       [0.01971077, 0.01990983, 0.0199298 , ..., 0.02068264, 0.02105303,
        0.01925151],
       [0.01978717, 0.02057778, 0.02065839, ..., 0.02387153, 0.02558205,
        0.01804942]], dtype=float32), array([[0.02016382, 0.0208091 , 0.02087462, ..., 0.02344767, 0.0316795 ,
        0.02393248],
       [0.02012636, 0.0207026 , 0.02076099, ..., 0.02304017, 0.03017103,
        0.02346662],
       [0.02012235, 0.02069172, 0.02074941, ..., 0.02299958, 0.0300241 ,
        0.02342031],
       ...,
       [0.01994035, 0.02025848, 0.02029051, ..., 0.02151088, 0.02502192,
        0.02173323],
       [0.01919106, 0.01889727, 0.0188682 , ..., 0.01782413, 0.01538193,
        0.01764637],
       [0.0199017 , 0.02017628, 0.02020389, ..., 0.0212517 , 0.02422352,
        0.02144173]], dtype=float32), array([[0.0097066 , 0.02279608, 0.02292605, ..., 0.01815447, 0.01121596,
        0.01883907],
       [0.01784003, 0.02009538, 0.02011132, ..., 0.01946747, 0.0182032 ,
        0.01956821],
       [0.01790985, 0.02007557, 0.02009084, ..., 0.01947367, 0.01825931,
        0.01957029],
       ...,
       [0.01523211, 0.02087136, 0.02091519, ..., 0.01918995, 0.01606632,
        0.0194538 ],
       [0.01079276, 0.02238248, 0.02249146, ..., 0.01842621, 0.01221117,
        0.01901823],
       [0.01563191, 0.02074762, 0.02078677, ..., 0.01923891, 0.01639935,
        0.01947652]], dtype=float32), array([[0.00961573, 0.01449183, 0.01457446, ..., 0.01798452, 0.01731426,
        0.02908219],
       [0.01300488, 0.0165423 , 0.01659756, ..., 0.01877589, 0.01836223,
        0.02489037],
       [0.01305847, 0.01657147, 0.01662629, ..., 0.01878574, 0.01837586,
        0.02483494],
       ...,
       [0.01518219, 0.01766254, 0.01769962, ..., 0.01912706, 0.01886092,
        0.02283763],
       [0.01477746, 0.01746377, 0.01750425, ..., 0.01906879, 0.01877614,
        0.02319084],
       [0.02120681, 0.02022537, 0.02021209, ..., 0.01972711, 0.01981386,
        0.0186617 ]], dtype=float32), array([[0.00964051, 0.02264085, 0.014612  , ..., 0.01803085, 0.01113959,
        0.01871079],
       [0.01781893, 0.02007161, 0.01888272, ..., 0.01944445, 0.01818166,
        0.01954507],
       [0.01306859, 0.02145827, 0.01663917, ..., 0.0188003 , 0.01421303,
        0.01920888],
       ...,
       [0.01518662, 0.02080903, 0.01770479, ..., 0.01913264, 0.01601835,
        0.01939571],
       [0.01072699, 0.02224609, 0.015303  , ..., 0.01831393, 0.01213677,
        0.01890234],
       [0.01558961, 0.02069147, 0.01789477, ..., 0.01918685, 0.01635497,
        0.01942381]], dtype=float32)]",1,0,0,0,0,0,18.029999999999994,74.12,5.722663692027342e-05,0.0001135075580941506,4.7,4.7,5000.0,-717500.0,5000.0,-717500.0,0.10057355687207878,53295,0.021021172404289246,0.3118949234485626,16710,1.0,5.0,0.6556444764137268,969.0,0.01217211689800024,3.5762786865234375e-07,0.0074461232870817184,0.0,30.533309936523438,0.3256615698337555,0.0019038214046,10659,872.6831437955234,0.0001250483832,0.0019038214046,10659,0.0,3170,1.0,5.0,53295,969.0,0.0,872.694942088266,19880,106590,0,56100,21318,280500,4593.160725024363,21913484.556267783,12955171.562787756,27.168093332126602,-16.5,0.2573210502622459,0.012324336625169963,5.0,50,17.5,27.168093332126602,100,0.1,26000,50,20,1.291265692809536e-05,0.00016935391467339826,1000,3.0180180414861496e-05,50.0,0.1,5000,5.5568857301988386e-05,0.00010883810537999925,0.1,1000,5000,1000,1.2061286257341707e-05,2.685677778357258e-06,2.5996288880122894e-06,6.756963531570123e-06,1.1822165670602384e-05,1.1464610830529689e-05,3.7723425829780445e-05,7.70218845048756e-06,6.257994099642838e-06,1.0062679373591054e-05,1.4790415491923164e-05,0.004666505152594801,0.0003117059822945541,0.038049261011744676,0.0548033573640122,0.0016253591988945881,0.0009275906526591722,7.705249618440634e-05,969.0,-0.0075795333832502365,1.0,32.0471076965332,0.011611529625952244,2.980232238769531e-07,0.3280937373638153,63954,0.30028,51.0,55.0,319770,0.6568166017532349,0.0,51.0,55.0,319770,969.0,63954,127908,1683000,639540,336600,54843.01813097607,6.41857901788067e-06,2.617534115226808e-06,1.1373846418969816e-05,1.157884199419834e-05,2.5602909618062597e-06,1.4601340152616021e-05,9.72066661233563e-06,6.1606778810713065e-06,1.1305118092641236e-05,3.469133179448356e-05,7.549001503782411e-06
1,-960000.0,False,6,66b4f_00000,2025-08-11_17-12-34,1754925154,13.911575078964233,83.5306944847107,8033,Mac,127.0.0.1,83.5306944847107,6,13.799725965659642,7.814699558504657e-06,13.799583816141116,1.3740781063755854,12.309139581773932,0.0007810304145067814,6.700000000000004,0.12440437228124786,-960000.0,50,27.16809333212661,-5.5,0.013350279598962518,100.0,3.531593340779343e-05,1.4036256768165404e-05,5000.0,50,14.5,3.2179393999028585e-05,50.0,27.16809333212661,-19200.0,5.0,0.013478470258453135,3531.427211998131,5000.0,5100.0,"[array([[0.00983329, 0.0148197 , 0.02322528, ..., 0.01839142, 0.01136235,
        0.01908496],
       [0.013189  , 0.01677651, 0.0218349 , ..., 0.01904172, 0.01435588,
        0.01945968],
       [0.01795029, 0.01896222, 0.02013619, ..., 0.01951764, 0.01830054,
        0.01961447],
       ...,
       [0.01532161, 0.01782473, 0.02103807, ..., 0.0193027 , 0.01616073,
        0.01956811],
       [0.01091954, 0.0155022 , 0.02275566, ..., 0.01864266, 0.01235462,
        0.01924163],
       [0.01571528, 0.01800505, 0.02089763, ..., 0.01934152, 0.01648681,
        0.01958039]], dtype=float32), array([[0.02029208, 0.02094148, 0.02100741, ..., 0.01846464, 0.02494704,
        0.01884642],
       [0.02023757, 0.020817  , 0.02087572, ..., 0.01859644, 0.02435197,
        0.01894064],
       [0.02023192, 0.02080439, 0.02086239, ..., 0.01860944, 0.02429311,
        0.01894986],
       ...,
       [0.0204314 , 0.02129296, 0.0213809 , ..., 0.01805334, 0.02678565,
        0.01854435],
       [0.0198639 , 0.02006451, 0.02008464, ..., 0.01927482, 0.02121659,
        0.01940106],
       [0.02040426, 0.02121953, 0.02130264, ..., 0.01814456, 0.02637984,
        0.01861232]], dtype=float32), array([[0.009901  , 0.02325262, 0.0233852 , ..., 0.01851805, 0.01782792,
        0.02994495],
       [0.01788438, 0.02014534, 0.02016132, ..., 0.01951587, 0.0194128 ,
        0.02086852],
       [0.01795251, 0.02012338, 0.02013869, ..., 0.01952005, 0.01942118,
        0.02081558],
       ...,
       [0.01533607, 0.02101381, 0.02105793, ..., 0.01932092, 0.01905209,
        0.02306909],
       [0.01494362, 0.02115637, 0.02120541, ..., 0.0192832 , 0.01898727,
        0.0234516 ],
       [0.02114397, 0.0191581 , 0.01914552, ..., 0.01966866, 0.01975514,
        0.01860641]], dtype=float32), array([[0.02072007, 0.01673243, 0.02145048, ..., 0.02409452, 0.0254732 ,
        0.01924391],
       [0.0213381 , 0.01482145, 0.02263636, ..., 0.02759748, 0.03034363,
        0.01881195],
       [0.02060617, 0.0170518 , 0.02124831, ..., 0.02355259, 0.02474249,
        0.0193004 ],
       ...,
       [0.02019822, 0.01814126, 0.02055291, ..., 0.02178907, 0.02240686,
        0.01946188],
       [0.01998959, 0.01867201, 0.02021173, ..., 0.02097522, 0.02135084,
        0.01952383],
       [0.02095061, 0.01605981, 0.02187305, ..., 0.02527513, 0.02708619,
        0.01911069]], dtype=float32), array([[0.00924253, 0.01392937, 0.02182996, ..., 0.02693763, 0.01664227,
        0.02795345],
       [0.01271996, 0.01617988, 0.02105838, ..., 0.02382217, 0.01795994,
        0.02434505],
       [0.01780416, 0.01880786, 0.01997228, ..., 0.02054166, 0.0192607 ,
        0.02064357],
       ...,
       [0.02073411, 0.02007951, 0.0193862 , ..., 0.01907004, 0.01980199,
        0.01901492],
       [0.01455707, 0.01720331, 0.02065688, ..., 0.0225032 , 0.01849612,
        0.02284496],
       [0.02129066, 0.02030534, 0.01927835, ..., 0.01881578, 0.0198922 ,
        0.01873549]], dtype=float32), array([[0.00995019, 0.02336815, 0.02350139, ..., 0.01861006, 0.0179165 ,
        0.03009373],
       [0.01790496, 0.02016852, 0.02018452, ..., 0.01953833, 0.01943514,
        0.02089253],
       [0.01797236, 0.02014564, 0.02016096, ..., 0.01954164, 0.01944266,
        0.0208386 ],
       ...,
       [0.0153783 , 0.02107168, 0.02111592, ..., 0.01937413, 0.01910456,
        0.02313263],
       [0.01498821, 0.0212195 , 0.02126868, ..., 0.01934073, 0.01904392,
        0.02352156],
       [0.02112187, 0.01913808, 0.01912552, ..., 0.0196481 , 0.0197345 ,
        0.01858696]], dtype=float32), array([[0.00968963, 0.01460319, 0.02288595, ..., 0.01812272, 0.01119635,
        0.01880612],
       [0.01306605, 0.01662011, 0.02163135, ..., 0.01886421, 0.01422205,
        0.01927827],
       [0.01790927, 0.01891889, 0.02009019, ..., 0.01947304, 0.01825872,
        0.01956966],
       ...,
       [0.01522836, 0.01771625, 0.02091004, ..., 0.01918523, 0.01606238,
        0.01944902],
       [0.01077886, 0.01530247, 0.02246247, ..., 0.01840246, 0.01219545,
        0.01899372],
       [0.0156288 , 0.01790596, 0.02078263, ..., 0.01923508, 0.01639608,
        0.01947264]], dtype=float32), array([[0.00950206, 0.0143205 , 0.01440215, ..., 0.02769402, 0.01710958,
        0.02873836],
       [0.01292425, 0.01643974, 0.01649466, ..., 0.02420477, 0.0182484 ,
        0.02473606],
       [0.01297844, 0.01646991, 0.01652439, ..., 0.02415772, 0.01826325,
        0.02468273],
       ...,
       [0.02069211, 0.02003884, 0.02002993, ..., 0.01903142, 0.01976189,
        0.0189764 ],
       [0.01471726, 0.01739262, 0.01743293, ..., 0.02275082, 0.01869965,
        0.02309634],
       [0.0212272 , 0.02024482, 0.02023152, ..., 0.01875969, 0.01983291,
        0.01867965]], dtype=float32), array([[0.02020186, 0.02084837, 0.02091401, ..., 0.01838254, 0.02483612,
        0.01876263],
       [0.02015621, 0.0207333 , 0.02079178, ..., 0.01852168, 0.02425406,
        0.01886449],
       [0.02015144, 0.02072163, 0.02077941, ..., 0.01853542, 0.02419647,
        0.01887449],
       ...,
       [0.02031568, 0.02117236, 0.02125981, ..., 0.01795109, 0.02663393,
        0.01843932],
       [0.01983412, 0.02003443, 0.02005452, ..., 0.01924592, 0.02118479,
        0.01937198],
       [0.02029394, 0.02110479, 0.02118746, ..., 0.01804645, 0.0262372 ,
        0.01851169]], dtype=float32), array([[0.0208521 , 0.02151942, 0.01689207, ..., 0.01897422, 0.03276084,
        0.02474942],
       [0.02074163, 0.02133548, 0.01717421, ..., 0.01905962, 0.03109334,
        0.024184  ],
       [0.02145276, 0.02262897, 0.0150139 , ..., 0.0182824 , 0.04612637,
        0.02867994],
       ...,
       [0.02115233, 0.0220443 , 0.01604823, ..., 0.01869036, 0.03824909,
        0.02648078],
       [0.01887866, 0.01858965, 0.0209298 , ..., 0.01977165, 0.01513156,
        0.01735913],
       [0.0201955 , 0.02047414, 0.01842755, ..., 0.01938324, 0.02458111,
        0.02175827]], dtype=float32), array([[0.00983329, 0.01481971, 0.02322528, ..., 0.01839142, 0.01136236,
        0.01908496],
       [0.013189  , 0.01677651, 0.0218349 , ..., 0.01904172, 0.01435589,
        0.01945968],
       [0.01795028, 0.01896222, 0.02013619, ..., 0.01951763, 0.01830053,
        0.01961447],
       ...,
       [0.01532161, 0.01782473, 0.02103807, ..., 0.0193027 , 0.01616073,
        0.01956811],
       [0.01091955, 0.01550221, 0.02275566, ..., 0.01864266, 0.01235464,
        0.01924163],
       [0.01571528, 0.01800504, 0.02089763, ..., 0.01934151, 0.01648681,
        0.01958039]], dtype=float32)]",1,0,0,0,0,0,20.047368421052635,74.33157894736841,6.181867912417227e-05,0.00011866640713729082,6.700000000000004,6.700000000000004,5000.0,-960000.0,5000.0,-960000.0,0.10056202422289519,63954,0.010510586202144623,0.30633801221847534,16710,1.0,6.0,0.6536535620689392,969.0,5.101052374811843e-05,3.5762786865234375e-07,-1.534637704025954e-05,0.0,31.86536407470703,0.32786825299263,0.0019038214046,10659,871.3655534533875,0.0001250483832,0.0019038214046,10659,0.0,3170,1.0,6.0,63954,969.0,0.0,871.3767480424855,19880,127908,0,56100,21318,336600,4586.221762613236,21420213.531514123,12938079.855166605,27.168093332126602,-16.5,0.2573169076697042,0.012325930406805128,6.0,50,17.5,27.168093332126602,120,-0.9,31000,50,20,1.302552762498683e-05,0.00016844371560078623,1000,3.0097599641957863e-05,50.0,-0.9,6000,5.590451367350671e-05,0.00010953705669895191,-0.9,1000,6000,1000,1.245841096039725e-05,2.9462329533740026e-06,2.6791124206422793e-06,6.871152498327652e-06,1.4975948872311719e-05,1.1828126306355717e-05,4.012288771748169e-05,7.987344459868967e-06,6.448955460324801e-06,1.0430759034491242e-05,1.541796994634719e-05,0.0046633788505196705,0.00031167683189814866,0.038052630901939034,0.05479384420987657,0.001623254357248071,0.0009280089060948174,7.690405162873634e-05,969.0,-0.00027409830363467336,1.0,37.29685592651367,2.9152653951314278e-05,4.76837158203125e-07,0.33674243092536926,63954,0.31440154,61.0,66.0,383724,0.6564895510673523,0.0,61.0,66.0,383724,969.0,63954,127908,2019600,767448,336600,53931.24039657496,6.435489999084922e-06,2.636868465454644e-06,1.1486510529044724e-05,1.1698279916462188e-05,2.6309068247017387e-06,1.4494438642845449e-05,9.805792465850567e-06,6.184415767739052e-06,1.1305420911655808e-05,3.531337975352823e-05,7.616737694525357e-06
1,-1202500.0,True,7,66b4f_00000,2025-08-11_17-12-48,1754925168,13.926318645477295,97.45701313018799,8033,Mac,127.0.0.1,97.45701313018799,7,13.798325133082102,7.791973241028542e-06,13.798182385059679,1.3747242694819395,12.30708026512572,0.0007815463611886536,7.9,0.12527334076575372,-1202500.0,50,27.16809333212661,-5.5,0.012669752513756976,100.0,3.564448995839873e-05,1.3341232017926232e-05,5000.0,50,14.5,3.0449678090704497e-05,50.0,27.16809333212661,-24050.0,6.0,0.01338040677804802,3602.817390377682,5000.0,5100.0,"[array([[0.01015322, 0.01530187, 0.02398092, ..., 0.02959187, 0.01173205,
        0.0197059 ],
       [0.0134201 , 0.01707046, 0.02221749, ..., 0.0251334 , 0.01460743,
        0.01980065],
       [0.01801497, 0.01903054, 0.02020875, ..., 0.02078487, 0.01836648,
        0.01968515],
       ...,
       [0.02059455, 0.01994436, 0.01925572, ..., 0.01894169, 0.02036307,
        0.01955369],
       [0.01121434, 0.01592072, 0.02336999, ..., 0.02796812, 0.01268818,
        0.0197611 ],
       [0.01586237, 0.01817356, 0.02109322, ..., 0.02261624, 0.01664112,
        0.01976365]], dtype=float32), array([[0.02069946, 0.01671578, 0.01676841, ..., 0.01883533, 0.02544785,
        0.01922477],
       [0.02127631, 0.01477854, 0.01485795, ..., 0.0181143 , 0.03025574,
        0.01875748],
       [0.0212691 , 0.01480629, 0.01488537, ..., 0.01812588, 0.03018081,
        0.01876549],
       ...,
       [0.02097539, 0.01584853, 0.01591398, ..., 0.01853402, 0.0274988 ,
        0.0190381 ],
       [0.01998758, 0.01867013, 0.01868886, ..., 0.01939483, 0.0213487 ,
        0.01952186],
       [0.02091834, 0.01603507, 0.01609788, ..., 0.0186017 , 0.02704445,
        0.01908125]], dtype=float32), array([[0.00994525, 0.01498844, 0.0150739 , ..., 0.02898573, 0.01149173,
        0.01930225],
       [0.01326835, 0.01687744, 0.01693381, ..., 0.0248492 , 0.01444225,
        0.01957675],
       [0.01332047, 0.01690395, 0.01695987, ..., 0.02479436, 0.01448698,
        0.01957911],
       ...,
       [0.02062215, 0.01997109, 0.01996221, ..., 0.01896708, 0.02039036,
        0.01957989],
       [0.01102204, 0.01564771, 0.0157239 , ..., 0.02748853, 0.0124706 ,
        0.01942223],
       [0.01576515, 0.01806218, 0.01809627, ..., 0.02247764, 0.01653914,
        0.01964253]], dtype=float32), array([[0.00977653, 0.01473416, 0.01481817, ..., 0.01828526, 0.01760382,
        0.0295685 ],
       [0.01313548, 0.01670842, 0.01676423, ..., 0.01896445, 0.01854664,
        0.02514033],
       [0.01318836, 0.0167363 , 0.01679166, ..., 0.0189726 , 0.01855866,
        0.02508197],
       ...,
       [0.01527888, 0.01777502, 0.01781235, ..., 0.01924887, 0.01898105,
        0.02298307],
       [0.01488122, 0.01758638, 0.01762715, ..., 0.01920267, 0.01890798,
        0.02335364],
       [0.02116416, 0.0201847 , 0.02017144, ..., 0.01968744, 0.01977401,
        0.01862417]], dtype=float32), array([[0.0099237 , 0.01495595, 0.01504123, ..., 0.0185605 , 0.01146683,
        0.01926042],
       [0.01325906, 0.01686561, 0.01692195, ..., 0.01914286, 0.01443214,
        0.01956304],
       [0.01331133, 0.01689235, 0.01694822, ..., 0.0191495 , 0.01447704,
        0.01956567],
       ...,
       [0.01537216, 0.01788354, 0.01792109, ..., 0.01936639, 0.01621406,
        0.01963267],
       [0.01100497, 0.01562347, 0.01569954, ..., 0.01878848, 0.01245128,
        0.01939214],
       [0.01576177, 0.01805831, 0.01809239, ..., 0.01939874, 0.0165356 ,
        0.01963832]], dtype=float32), array([[0.01054552, 0.02476629, 0.01598372, ..., 0.01972352, 0.01898848,
        0.03189426],
       [0.01803794, 0.02031831, 0.0191148 , ..., 0.01968344, 0.01957948,
        0.0210477 ],
       [0.01376263, 0.02259786, 0.01752283, ..., 0.01979873, 0.01936676,
        0.02617411],
       ...,
       [0.01569052, 0.02149948, 0.01829224, ..., 0.01976747, 0.01949244,
        0.02360228],
       [0.01532589, 0.02169755, 0.01815387, ..., 0.01977647, 0.01947298,
        0.02405148],
       [0.0209967 , 0.01902467, 0.02001184, ..., 0.01953167, 0.01961755,
        0.01847681]], dtype=float32), array([[0.02106703, 0.01701261, 0.01706618, ..., 0.01916979, 0.0330985 ,
        0.02500451],
       [0.02185333, 0.01517934, 0.0152609 , ..., 0.01860557, 0.0472082 ,
        0.0292674 ],
       [0.0218436 , 0.01520623, 0.01528744, ..., 0.01861549, 0.04696673,
        0.02920246],
       ...,
       [0.02144387, 0.01620251, 0.01626942, ..., 0.01894798, 0.03877627,
        0.02684577],
       [0.01879289, 0.02086681, 0.02083471, ..., 0.01968183, 0.01506283,
        0.01728027],
       [0.02028266, 0.01848179, 0.01850708, ..., 0.01946689, 0.02468719,
        0.02185217]], dtype=float32), array([[0.02030216, 0.01639495, 0.01644656, ..., 0.02360855, 0.02495941,
        0.01885578],
       [0.02058466, 0.01429811, 0.01437494, ..., 0.02662302, 0.02927218,
        0.01814771],
       [0.0205818 , 0.01432784, 0.01440436, ..., 0.02657772, 0.02920553,
        0.01815909],
       ...,
       [0.01999801, 0.01796144, 0.01798983, ..., 0.02157308, 0.02218475,
        0.01926897],
       [0.01986491, 0.01855555, 0.01857416, ..., 0.0208444 , 0.02121768,
        0.01940205],
       [0.02041989, 0.01565298, 0.01571429, ..., 0.02463485, 0.02640002,
        0.01862657]], dtype=float32), array([[0.02085532, 0.01684165, 0.01689467, ..., 0.01897715, 0.03276588,
        0.02475324],
       [0.02147008, 0.01491313, 0.01499326, ..., 0.01827928, 0.04638028,
        0.02875412],
       [0.02146296, 0.01494125, 0.01502105, ..., 0.0182911 , 0.04614829,
        0.02869358],
       ...,
       [0.02115813, 0.0159866 , 0.01605263, ..., 0.01869549, 0.03825956,
        0.02648804],
       [0.01887923, 0.02096268, 0.02093044, ..., 0.01977226, 0.01513204,
        0.01735966],
       [0.02019606, 0.01840287, 0.01842805, ..., 0.01938377, 0.02458178,
        0.02175886]], dtype=float32), array([[0.00966894, 0.01457201, 0.01465509, ..., 0.01808402, 0.01117246,
        0.01876597],
       [0.0130567 , 0.01660822, 0.0166637 , ..., 0.01885071, 0.01421188,
        0.01926448],
       [0.01311014, 0.01663704, 0.01669207, ..., 0.01886007, 0.01425824,
        0.01926995],
       ...,
       [0.01522413, 0.01771132, 0.01774851, ..., 0.01917989, 0.01605791,
        0.0194436 ],
       [0.01076221, 0.01527883, 0.01535322, ..., 0.01837403, 0.01217663,
        0.01896437],
       [0.01562529, 0.01790194, 0.01793573, ..., 0.01923076, 0.01639241,
        0.01946827]], dtype=float32), array([[0.02099516, 0.01695458, 0.01700796, ..., 0.02441441, 0.02581138,
        0.01949941],
       [0.02178528, 0.01513207, 0.01521338, ..., 0.02817584, 0.03097951,
        0.01920619],
       [0.02177498, 0.01515846, 0.01523941, ..., 0.0281185 , 0.03089864,
        0.01921182],
       ...,
       [0.02033915, 0.01826784, 0.01829671, ..., 0.02194109, 0.02256319,
        0.01959767],
       [0.02007945, 0.01875594, 0.01877476, ..., 0.02106952, 0.02144683,
        0.01961159],
       [0.0212881 , 0.01631851, 0.01638243, ..., 0.02568227, 0.02752248,
        0.01941853]], dtype=float32)]",1,0,0,0,0,0,19.16,74.14000000000001,5.706606456125635e-05,0.00011410795880249944,7.9,7.9,5000.0,-1202500.0,5000.0,-1202500.0,0.10053650523054546,74613,0.010510586202144623,0.3069992661476135,16710,1.0,7.0,0.6239832043647766,969.0,0.00539653655141592,3.5762786865234375e-07,-0.0076714614406228065,0.0,37.039329528808594,0.33661431074142456,0.0019038214046,10659,870.0087296662475,0.0001250483832,0.0019038214046,10659,0.0,3170,1.0,7.0,74613,969.0,0.0,870.0193293495915,19880,149226,0,56100,21318,392700,4579.076360464645,20948119.428309735,12919687.91798203,27.168093332126602,-16.5,0.2573405119235951,0.012344889622181655,7.0,50,17.5,27.168093332126602,140,-0.9,36000,50,20,1.2918584152073073e-05,0.00016753093856966143,1000,2.975135290655034e-05,50.0,-0.9,7000,5.5338606305219556e-05,0.00010777164125325833,-0.9,1000,7000,1000,1.2034952884232455e-05,2.6908409560146482e-06,2.599801795586876e-06,6.593974059809083e-06,1.1800332437646808e-05,1.14857426534082e-05,3.798811944911587e-05,7.687583492059458e-06,6.264901682539223e-06,1.0289524254036393e-05,1.4842666736458757e-05,0.004662018402088819,0.00031159506340609023,0.038036130432291246,0.054788014517282935,0.0016208084832633066,0.0009292750673026861,7.676001121489445e-05,969.0,-0.005449296906590462,1.0,37.261512756347656,0.005066538695245981,3.5762786865234375e-07,0.33672845363616943,63954,0.30983767,71.0,77.0,447678,0.6251187324523926,0.0,71.0,77.0,447678,969.0,63954,127908,2356200,895356,336600,53037.66828262507,6.395468021149982e-06,2.6132199666494714e-06,1.1360431162219605e-05,1.1524926516725842e-05,2.5335561210027475e-06,1.4276751935461431e-05,9.732692941704336e-06,6.126752053357089e-06,1.1217459930142814e-05,3.436349679648743e-05,7.5331554736746896e-06
