num_training_step_calls_per_iteration,num_env_steps_sampled_lifetime,done,training_iteration,trial_id,date,timestamp,time_this_iter_s,time_total_s,pid,hostname,node_ip,time_since_restore,iterations_since_restore,timers/training_iteration,timers/restore_env_runners,timers/training_step,timers/env_runner_sampling_timer,timers/learner_update_timer,timers/synch_weights,env_runners/sample,env_runners/env_reset_timer,env_runners/weights_seq_no,env_runners/env_to_module_sum_episodes_length_out,env_runners/env_step_timer,env_runners/num_env_steps_sampled,env_runners/episode_return_mean,env_runners/num_episodes_lifetime,env_runners/time_between_sampling,env_runners/env_to_module_sum_episodes_length_in,env_runners/rlmodule_inference_timer,env_runners/episode_duration_sec_mean,env_runners/num_env_steps_sampled_lifetime,env_runners/episode_len_max,env_runners/episode_len_mean,env_runners/num_episodes,env_runners/episode_return_max,env_runners/episode_len_min,env_runners/episode_return_min,env_runners/num_env_steps_sampled_lifetime_throughput,evaluation/num_healthy_workers,evaluation/actor_manager_num_outstanding_async_reqs,evaluation/num_remote_worker_restarts,fault_tolerance/num_healthy_workers,fault_tolerance/num_remote_worker_restarts,env_runner_group/actor_manager_num_outstanding_async_reqs,perf/cpu_util_percent,perf/ram_util_percent,env_runners/module_episode_returns_mean/default_policy,env_runners/env_to_module_connector/connector_pipeline_timer,env_runners/module_to_env_connector/connector_pipeline_timer,env_runners/num_module_steps_sampled/default_policy,env_runners/agent_episode_returns_mean/default_agent,env_runners/num_module_steps_sampled_lifetime/default_policy,env_runners/num_agent_steps_sampled/default_agent,env_runners/num_agent_steps_sampled_lifetime/default_agent,learners/__all_modules__/num_env_steps_trained,learners/__all_modules__/num_module_steps_trained_lifetime,learners/__all_modules__/learner_connector_sum_episodes_length_in,learners/__all_modules__/num_module_steps_trained,learners/__all_modules__/learner_connector_sum_episodes_length_out,learners/__all_modules__/num_env_steps_trained_lifetime,learners/__all_modules__/num_non_trainable_parameters,learners/__all_modules__/num_trainable_parameters,learners/__all_modules__/num_env_steps_trained_lifetime_throughput,learners/__all_modules__/num_module_steps_trained_throughput,learners/__all_modules__/num_module_steps_trained_lifetime_throughput,learners/default_policy/mean_kl_loss,learners/default_policy/curr_kl_coeff,learners/default_policy/module_train_batch_size_mean,learners/default_policy/weights_seq_no,learners/default_policy/default_optimizer_learning_rate,learners/default_policy/num_trainable_parameters,learners/default_policy/num_module_steps_trained_lifetime,learners/default_policy/entropy,learners/default_policy/curr_entropy_coeff,learners/default_policy/num_module_steps_trained,learners/default_policy/policy_loss,learners/default_policy/vf_loss,learners/default_policy/total_loss,learners/default_policy/diff_num_grad_updates_vs_sampler_policy,learners/default_policy/vf_loss_unclipped,learners/default_policy/vf_explained_var,learners/default_policy/gradients_default_optimizer_global_norm,learners/default_policy/num_module_steps_trained_lifetime_throughput,evaluation/env_runners/env_step_timer,evaluation/env_runners/episode_duration_sec_mean,evaluation/env_runners/num_episodes,evaluation/env_runners/episode_return_min,evaluation/env_runners/sample,evaluation/env_runners/env_to_module_sum_episodes_length_out,evaluation/env_runners/num_env_steps_sampled,evaluation/env_runners/rlmodule_inference_timer,evaluation/env_runners/episode_return_max,evaluation/env_runners/env_reset_timer,evaluation/env_runners/episode_return_mean,evaluation/env_runners/num_episodes_lifetime,evaluation/env_runners/weights_seq_no,evaluation/env_runners/env_to_module_sum_episodes_length_in,evaluation/env_runners/num_env_steps_sampled_lifetime,evaluation/env_runners/episode_len_max,evaluation/env_runners/episode_len_mean,evaluation/env_runners/episode_len_min,learners/__all_modules__/learner_connector/connector_pipeline_timer,evaluation/env_runners/module_to_env_connector/connector_pipeline_timer,evaluation/env_runners/env_to_module_connector/connector_pipeline_timer,evaluation/env_runners/agent_episode_returns_mean/default_agent,evaluation/env_runners/num_agent_steps_sampled_lifetime/default_agent,evaluation/env_runners/module_episode_returns_mean/default_policy,evaluation/env_runners/num_agent_steps_sampled/default_agent,evaluation/env_runners/num_module_steps_sampled/default_policy,evaluation/env_runners/num_module_steps_sampled_lifetime/default_policy,env_runners/env_to_module_connector/timers/connectors/add_states_from_episodes_to_batch,env_runners/env_to_module_connector/timers/connectors/numpy_to_tensor,env_runners/env_to_module_connector/timers/connectors/add_observations_from_episodes_to_batch,env_runners/env_to_module_connector/timers/connectors/add_time_dim_to_batch_and_zero_pad,env_runners/env_to_module_connector/timers/connectors/batch_individual_items,env_runners/module_to_env_connector/timers/connectors/tensor_to_numpy,env_runners/module_to_env_connector/timers/connectors/normalize_and_clip_actions,env_runners/module_to_env_connector/timers/connectors/listify_data_for_vector_env,env_runners/module_to_env_connector/timers/connectors/remove_single_ts_time_rank_from_batch,env_runners/module_to_env_connector/timers/connectors/un_batch_to_individual_items,env_runners/module_to_env_connector/timers/connectors/get_actions,learners/__all_modules__/learner_connector/timers/connectors/add_one_ts_to_episodes_and_truncate,learners/__all_modules__/learner_connector/timers/connectors/add_columns_from_episodes_to_train_batch,learners/__all_modules__/learner_connector/timers/connectors/general_advantage_estimation,learners/__all_modules__/learner_connector/timers/connectors/add_states_from_episodes_to_batch,learners/__all_modules__/learner_connector/timers/connectors/add_time_dim_to_batch_and_zero_pad,learners/__all_modules__/learner_connector/timers/connectors/batch_individual_items,learners/__all_modules__/learner_connector/timers/connectors/numpy_to_tensor,learners/__all_modules__/learner_connector/timers/connectors/add_observations_from_episodes_to_batch,evaluation/env_runners/module_to_env_connector/timers/connectors/un_batch_to_individual_items,evaluation/env_runners/module_to_env_connector/timers/connectors/get_actions,evaluation/env_runners/module_to_env_connector/timers/connectors/tensor_to_numpy,evaluation/env_runners/module_to_env_connector/timers/connectors/listify_data_for_vector_env,evaluation/env_runners/module_to_env_connector/timers/connectors/normalize_and_clip_actions,evaluation/env_runners/module_to_env_connector/timers/connectors/remove_single_ts_time_rank_from_batch,evaluation/env_runners/env_to_module_connector/timers/connectors/add_observations_from_episodes_to_batch,evaluation/env_runners/env_to_module_connector/timers/connectors/add_time_dim_to_batch_and_zero_pad,evaluation/env_runners/env_to_module_connector/timers/connectors/batch_individual_items,evaluation/env_runners/env_to_module_connector/timers/connectors/add_states_from_episodes_to_batch,evaluation/env_runners/env_to_module_connector/timers/connectors/numpy_to_tensor
1,627500.0,False,1,4d657_00000,2025-08-11_19-20-53,1754932853,2.4690799713134766,2.4690799713134766,14261,Mac,127.0.0.1,2.4690799713134766,1,2.3381494591012597,1.5125027857720852e-05,2.3380006249062717,2.227929124957882,0.10670608305372298,0.0007335420232266188,0.014328368523171162,0.00014899391146040275,0.0,10.191744832559449,2.3801357477800807e-05,5000.0,-1.5,31375.0,0.0007419729635657606,10.191744832559449,8.795933163957456e-05,0.007623117967974396,627500.0,20,20.0,250.0,8.5,20,-11.5,2857.574930946459,1,0,0,0,0,0,49.474999999999994,84.0,-1.5,6.912682673091122e-05,0.000176927300501942,5000.0,-1.5,627500.0,5000.0,627500.0,31500,6000,5000,6000,5250,31500,0,6003,2321616.8384398594,444917.4305838883,443924.73824163666,0.00051231304,0.3732481598854065,1000.0,1.0,0.0002847858517,6003,6000,0.6905116,0.0090570820258,6000,-0.041815445,0.102780834,0.021053571,1.0,28.887787,0.0005095601,0.040778518,446318.52488701255,1.6993115751729326e-05,0.0051374938164372,20,-14.5,0.11404441704507917,10.216013141322508,400,3.726366980484553e-05,12.5,0.0010747499763965607,-2.25,20,1.0,10.216013141322508,5400,20,20.0,20,0.0798246250487864,0.00013431411990750741,5.129000597217301e-05,-2.25,400,-2.25,400,400,400,2.338521123347851e-06,1.6253170741547062e-05,4.327208589401332e-06,3.6631336596567054e-06,1.1883763332315213e-05,2.097737605860895e-05,1.72679353113243e-05,1.5783037823938793e-05,8.582202330008294e-07,8.458601803914371e-06,7.626567531029513e-05,0.007654500077478588,0.0341477079782635,0.006572833051905036,3.7499703466892242e-06,1.2375065125524998e-05,0.030425749951973557,6.941694300621748e-05,0.000800292007625103,5.818255584817213e-06,5.877341218556992e-05,1.7490496863151056e-05,1.1924474718431026e-05,1.2540256244982273e-05,7.662648982994956e-07,4.172907062139472e-06,3.1598977570869744e-06,7.125236794514293e-06,1.7095004382097277e-06,9.432975321242452e-06
1,10000.0,False,2,4d657_00000,2025-08-11_19-20-55,1754932855,1.8333837985992432,4.30246376991272,14261,Mac,127.0.0.1,4.30246376991272,2,2.3320299540902485,1.5063777100294828e-05,2.331880344076781,2.2208416745474095,0.10767500972375274,0.0007319795130752027,0.006555183226300778,5.4842663144510734e-05,1.0,10.36823839457432,1.5427957589940427e-05,5000.0,0.17999999999999997,500.0,0.0016975216083455352,10.36823839457432,3.066969346899106e-05,0.0049629602315835655,10000.0,20,20.0,250.0,8.5,20,-11.5,3467.007492302983,1,0,0,0,0,0,50.333333333333336,81.93333333333332,0.17999999999999997,4.7155971651052835e-05,0.00011317649087697274,5000.0,0.17999999999999997,10000.0,5000.0,10000.0,31500,12000,5000.0,6000,5250.0,63000,0,6003,2314621.9317571195,443551.41930743406,442570.2135691412,5.7608697e-05,0.18662407994270325,1000.0,2.0,0.0002847858517,6003,12000,0.6900495,0.0090570820258,6000,0.15807788,0.102780834,0.22059014,1.0,28.989748,0.0014600754,0.12324755,444927.66368425,1.368460338615914e-05,0.004852604211191647,20,-14.5,0.11390051121474243,10.366003441359926,400,2.7088392345075047e-05,12.5,0.0010648162267170847,-1.75,40,2.0,10.366003441359926,10400,20,20.0,20,0.08089226254844106,9.971348202367084e-05,4.225430790303701e-05,-1.75,800,-1.75,400,400,800,1.8250616608077759e-06,9.584128699852318e-06,3.219599608253435e-06,2.5619609360715844e-06,6.992102448739581e-06,1.4363281233128653e-05,1.0130437134341872e-05,1.201769263007311e-05,6.10152370771554e-07,5.840292832109505e-06,4.313813478826077e-05,0.007656008417252452,0.03416671422775835,0.006567274722037836,3.7533103022724393e-06,1.2442984152585268e-05,0.03147734870319255,6.957402336411179e-05,0.000801335338037461,5.3682774903385805e-06,3.5789772678775156e-05,1.2901492885339905e-05,1.0745205349574215e-05,9.373117297346423e-06,5.623424730262648e-07,2.7856130365291406e-06,2.3087470677373136e-06,6.091881614096091e-06,1.5972301636634538e-06,8.26327133754041e-06
1,-607500.0,False,3,4d657_00000,2025-08-11_19-20-57,1754932857,1.7068309783935547,6.009294748306274,14261,Mac,127.0.0.1,6.009294748306274,3,2.324641202050005,1.4973548403941094e-05,2.3244911481370334,2.2135034053021228,0.10761873379731551,0.0007351367977214976,0.005414120008838532,4.729295234658927e-05,2.0,10.36823839457432,1.5073394836585218e-05,5000.0,0.3400000000000001,-30375.0,0.0019900052129371063,10.36823839457432,2.972346034151201e-05,0.004865713459439577,-607500.0,20,20.0,250.0,8.5,20,-11.5,3472.075399686888,1,0,0,0,0,0,48.2,81.80000000000001,0.3400000000000001,4.648435416671121e-05,0.00011148329743260595,5000.0,0.3400000000000001,-607500.0,5000.0,-607500.0,31500,18000,5000.0,6000,5250.0,94500,0,6003,2303218.8051803224,441320.84663908626,440360.3935776736,7.996204e-05,0.09331203997135162,1000.0,3.0,0.0002847858517,6003,18000,0.6902889,0.0090570820258,6000,0.0031105534,0.102780834,0.065614074,1.0,28.398405,0.0017831326,0.11024873,442658.20613443636,1.4262867201328573e-05,0.004843023638629044,20,-14.5,0.11381659360331249,10.368205581254823,400,2.8269439622141845e-05,14.5,0.0010550493144663052,-1.25,60,3.0,10.368205581254823,15400,20,20.0,20,0.08091102492263307,0.0001026432555182591,4.2908056116760845e-05,-1.25,1200,-1.25,400,400,1200,1.8071549286411826e-06,9.367660246007762e-06,3.147731000379484e-06,2.512603593837118e-06,6.894322361056219e-06,1.4118219259756943e-05,1.0115107672013638e-05,1.1902553501017822e-05,6.090758654981818e-07,5.927634757119238e-06,4.189794336332143e-05,0.007656842083041557,0.03417308708485216,0.0065718053149641485,3.7516075070016085e-06,1.2591474899090825e-05,0.03148310104560806,6.999995290534571e-05,0.0008017732341075315,5.457940017468703e-06,3.6981034459743324e-05,1.3522196957551687e-05,1.1176295528946554e-05,9.547922888190308e-06,5.74948841425811e-07,2.827200990774114e-06,2.3538706936446204e-06,6.232068734906076e-06,1.6245366062942903e-06,8.561927679029946e-06
1,-1225000.0,False,4,4d657_00000,2025-08-11_19-20-59,1754932859,2.1158037185668945,8.125098466873169,14261,Mac,127.0.0.1,8.125098466873169,4,2.321400460029605,1.488506251317449e-05,2.321250149995123,2.2103841758295144,0.10749978811839503,0.0007333683395425323,0.006032188911117622,5.7887119349681224e-05,3.0,10.36823839457432,1.807610131986808e-05,5000.0,-0.3,-61250.0,0.0022381567880914765,10.36823839457432,3.462767972749237e-05,0.005705800197087227,-1225000.0,20,20.0,250.0,8.5,20,-11.5,3072.713294793471,1,0,0,0,0,0,56.46666666666667,82.50000000000001,-0.3,5.345528239757703e-05,0.00013077381322216953,5000.0,-0.3,-1225000.0,5000.0,-1225000.0,31500,24000,5000.0,6000,5250.0,126000,0,6003,2290653.102153792,438853.8570610662,437918.724898153,0.00018847152,0.04665601998567581,1000.0,4.0,0.0002847858517,6003,24000,0.68862283,0.0090570820258,6000,0.00479916,0.102780834,0.067320436,1.0,28.497362,0.002683282,0.03547839,440133.50862463616,1.55497817890443e-05,0.004829294804949313,20,-14.5,0.11373528225828577,10.368237912813044,400,3.1278610023534055e-05,14.5,0.0010460271612477954,0.25,80,4.0,10.368237912813044,20400,20,20.0,20,0.08089783842425431,0.00011247262427880323,4.4984847465137076e-05,0.25,1600,0.25,400,400,1600,1.9610312737817074e-06,1.1317090849940864e-05,3.6626467754266203e-06,2.9054088565940688e-06,8.131318465944451e-06,1.6627307376530694e-05,1.1557890668239426e-05,1.3755174967597696e-05,7.46211143178773e-07,6.594586541557045e-06,5.067829101098864e-05,0.007657071161998204,0.03417327121330239,0.006562392262140173,3.760761170298792e-06,1.2595150193898006e-05,0.031478989205526775,6.99532936246833e-05,0.0008021080019201617,5.856611383554686e-06,4.286862445580004e-05,1.4299448586112885e-05,1.2234137128507007e-05,1.019008018819069e-05,6.106691175863137e-07,3.007871822858013e-06,2.441925336842882e-06,6.649371136607249e-06,1.630857722247183e-06,9.228180076804358e-06
1,-1842500.0,False,5,4d657_00000,2025-08-11_19-21-01,1754932861,1.90559720993042,10.030695676803589,14261,Mac,127.0.0.1,10.030695676803589,5,2.316040261678641,1.4803302038011608e-05,2.3158891818354617,2.2050299990714626,0.10749021107737945,0.0007319096566444333,0.005540086316149703,4.909650593140531e-05,4.0,10.36823839457432,1.5708103842885374e-05,5000.0,-0.14000000000000007,-92125.0,0.0018193475736541342,10.36823839457432,5.303027588964436e-05,0.00555614354321733,-1842500.0,20,20.0,250.0,8.5,20,-11.5,3347.207244473654,1,0,0,0,0,0,44.93333333333334,83.16666666666667,-0.14000000000000007,4.8071962463158015e-05,0.00011788324879302136,5000.0,-0.14000000000000007,-1842500.0,5000.0,-1842500.0,31500,30000,5000.0,6000,5250.0,157500,0,6003,2276477.433809212,436075.2846572855,435166.89312612364,0.00052140217,0.023328009992837906,1000.0,5.0,0.0002847858517,6003,30000,0.68420404,0.0090570820258,6000,0.038440984,0.102780834,0.101009026,1.0,28.68994,0.0032379031,0.096102424,437288.7453001931,1.5102006421267611e-05,0.004855767107801512,20,-14.5,0.11369258443560912,10.368238387501162,400,2.9189122361572725e-05,14.5,0.0010388164696758914,0.95,100,5.0,10.368238387501162,25400,20,20.0,20,0.08098630461976207,0.00010666428555726228,4.456733698400739e-05,0.95,2000,0.95,400,400,2000,1.8479617351761525e-06,9.831483699438899e-06,3.2072858895084164e-06,2.6194639552572938e-06,7.212115645754353e-06,1.4843565881540404e-05,1.0513340077172256e-05,1.246019557639906e-05,6.44976529300383e-07,6.0563956210298844e-06,4.537105800810228e-05,0.007655617531083462,0.03424285808133131,0.0065576958383716044,3.754824346898822e-06,1.2576278669128659e-05,0.031504485143205564,6.990001124372823e-05,0.0008020460814577363,5.536348435616625e-06,3.959310994733321e-05,1.3871182300005164e-05,1.1318271194806577e-05,9.777070111454838e-06,5.938145664915477e-07,2.898357853199493e-06,2.3724982906722656e-06,6.5365050803569175e-06,1.6482406515369195e-06,8.892068009416211e-06
1,-2460000.0,False,6,4d657_00000,2025-08-11_19-21-03,1754932863,1.9366071224212646,11.967302799224854,14261,Mac,127.0.0.1,11.967302799224854,6,2.3110709686420754,1.4720689771885358e-05,2.3109195291872764,2.199138823670506,0.10841273479636453,0.0007316118102812407,0.005967536842937079,5.114902380628621e-05,5.0,10.36823839457432,1.6496353288732175e-05,5000.0,0.58,-123000.0,0.0017411948598447943,10.36823839457432,3.246638444987616e-05,0.0053030673325993125,-2460000.0,20,20.0,250.0,8.5,20,-11.5,3291.1126327951943,1,0,0,0,0,0,50.3,83.45,0.58,5.0049907422834235e-05,0.00012204400159348657,5000.0,0.58,-2460000.0,5000.0,-2460000.0,31500,36000,5000.0,6000,5250.0,189000,0,6003,2261777.042951002,433189.1616013216,432310.27880149824,0.0011137228,0.011664004996418953,1000.0,6.0,0.0002847858517,6003,36000,0.6769064,0.0090570820258,6000,-0.089830056,0.102780834,-0.02719426,1.0,27.926228,0.003413856,0.08454998,434332.27937316045,1.5693396650784748e-05,0.00478337625740096,20,-14.5,0.11360628859120728,10.368238394470474,400,2.9870772287329946e-05,14.5,0.0010298324751588722,1.55,120,6.0,10.368238394470474,30400,20,20.0,20,0.0820058557328568,0.00011474346455374844,4.433236121140813e-05,1.55,2400,1.55,400,400,2400,1.9038674315464741e-06,1.0248054158536826e-05,3.3518551750159464e-06,2.733720036789426e-06,7.560292554146362e-06,1.5266462953147005e-05,1.1118746196553546e-05,1.304729798325657e-05,6.667344991001901e-07,6.139202204077283e-06,4.685432214233641e-05,0.007677459274982301,0.03424641325140335,0.006557535960174195,3.7481156863350067e-06,1.2580095448856497e-05,0.032498168621378,7.006142047676877e-05,0.0008027189510987304,6.276366376045341e-06,4.1773977734564e-05,1.4877654142364814e-05,1.2101320974907697e-05,1.0573890613030763e-05,8.751670661735122e-07,3.0510628506498225e-06,2.5822090230841653e-06,6.412141158563853e-06,1.6351045340803118e-06,8.77238456596188e-06
1,-3077500.0,False,7,4d657_00000,2025-08-11_19-21-05,1754932865,1.7084898948669434,13.675792694091797,14261,Mac,127.0.0.1,13.675792694091797,7,2.3038622347852744,1.4653893265258804e-05,2.303709995565377,2.1919535208536423,0.1083566924478169,0.0007618990320572706,0.005396358214495397,4.686287001252391e-05,6.0,10.36823839457432,1.5017801650582281e-05,5000.0,2.259999999999999,-153875.0,0.002072121451096823,10.36823839457432,2.9147473504597406e-05,0.004840586348902436,-3077500.0,20,20.0,250.0,8.5,20,-11.5,3470.5641169835953,1,0,0,0,0,0,51.300000000000004,83.73333333333333,2.259999999999999,4.60964518619163e-05,0.00011064137352134255,5000.0,2.259999999999999,-3077500.0,5000.0,-3077500.0,31500,42000,5000.0,6000,5250.0,220500,0,6003,2243836.854121107,429682.78523980774,428834.59191111795,0.0023606024,0.0058320024982094765,1000.0,7.0,0.0002847858517,6003,42000,0.6607162,0.0090570820258,6000,0.03569741,0.102780834,0.09848139,1.0,27.75188,0.0034341216,0.049868904,430755.57208984584,1.5026949027354838e-05,0.004854668758343905,20,-14.5,0.11355252987541757,10.368238394572801,400,2.8768009615535588e-05,14.5,0.0010221374798925658,1.75,140,7.0,10.368238394572801,35400,20,20.0,20,0.08201000217548174,0.00010782970581975239,4.426145616178036e-05,1.75,2800,1.75,400,400,2800,1.7962387446177047e-06,9.354581615256874e-06,3.1213895513759723e-06,2.5148647415798196e-06,6.83354941552818e-06,1.4031411681237286e-05,9.950407896966906e-06,1.185847582630185e-05,6.119031127555408e-07,5.704631282329545e-06,4.1709641716379935e-05,0.007680110511695185,0.034253959538386586,0.006551291019744055,3.7452145366671294e-06,1.2738874076880312e-05,0.032497996934602216,7.002746559736234e-05,0.0008031930114189129,5.596115652362289e-06,3.965081389140226e-05,1.4216947162485786e-05,1.1664813149376984e-05,9.734027454439327e-06,6.104049568833138e-07,2.958153957847913e-06,2.454743709930416e-06,6.4594823053522906e-06,1.6183721272579178e-06,8.787533700674325e-06
1,-3695000.0,False,8,4d657_00000,2025-08-11_19-21-07,1754932867,1.8834240436553955,15.559216737747192,14261,Mac,127.0.0.1,15.559216737747192,8,2.2985709603476114,1.4606514575431963e-05,2.298418306439971,2.1864783860648194,0.10854158677334029,0.00076113671094287,0.005822990711055692,4.653829906453855e-05,7.0,10.36823839457432,1.5263444596294617e-05,5000.0,1.8600000000000003,-184750.0,0.0017094036376470684,10.36823839457432,5.951894791302642e-05,0.005506533805280923,-3695000.0,20,20.0,250.0,8.5,20,-11.5,3509.7950787663767,1,0,0,0,0,0,50.36666666666667,83.53333333333335,1.8600000000000003,4.633493869494837e-05,0.00011038371265084059,5000.0,1.8600000000000003,-3695000.0,5000.0,-3695000.0,31500,48000,5000.0,6000,5250.0,252000,0,6003,2227773.2599646156,426531.4402932546,425714.05731287115,0.002607794,0.0029160012491047382,1000.0,8.0,0.0002847858517,6003,48000,0.638312,0.0090570820258,6000,-0.15572356,0.102780834,-0.09274898,1.0,27.201727,0.00296247,0.022608157,427530.52309967263,1.4860937872107604e-05,0.004803349586436525,20,-14.5,0.11341382541601816,10.3682383945743,400,2.9528394607981856e-05,14.5,0.001013232775189188,2.15,160,8.0,10.3682383945743,40400,20,20.0,20,0.08229648006281282,0.0001064515641542162,4.3744178815272675e-05,2.15,3200,2.15,400,400,3200,1.7895320435576232e-06,9.238100636972011e-06,3.2317931411852615e-06,2.5394019617939003e-06,6.787090584556012e-06,1.4007178386645651e-05,1.006843097638932e-05,1.1824818929718667e-05,6.015468754114975e-07,5.792333464261476e-06,4.119707395108807e-05,0.007701549406075542,0.034465694532524536,0.006544412280110506,3.7456823540791456e-06,1.2810235394300543e-05,0.032553119874659114,7.0131770990978e-05,0.0008081119121647872,5.701504148615273e-06,3.881208542712805e-05,1.4158244553346472e-05,1.1271375462025524e-05,9.712505493876147e-06,5.945747236516895e-07,2.876496651953145e-06,2.3499127625000176e-06,6.602024464366356e-06,1.6583316740022506e-06,8.627870672857844e-06
1,-4312500.0,False,9,4d657_00000,2025-08-11_19-21-08,1754932868,1.749176025390625,17.308392763137817,14261,Mac,127.0.0.1,17.308392763137817,9,2.2919497403248728,1.453878995634786e-05,2.2917966675456865,2.178884509703766,0.1095106950653643,0.0007605603438503542,0.005169464763367321,3.9382100465420823e-05,8.0,10.36823839457432,1.444219277645392e-05,5000.0,3.4599999999999995,-215625.0,0.0017284199510456384,10.36823839457432,2.8402877433768207e-05,0.004684280489105732,-4312500.0,20,20.0,250.0,8.5,20,-11.5,3630.1182026867473,1,0,0,0,0,0,47.7,83.8,3.4599999999999995,4.457103302566108e-05,0.00010714529923203908,5000.0,3.4599999999999995,-4312500.0,5000.0,-4312500.0,31500,54000,5000.0,6000,5250.0,283500,0,6003,2206326.0780870323,422356.34792238416,421568.5096060042,0.002018766,0.0014580006245523691,1000.0,9.0,0.0002847858517,6003,54000,0.612812,0.0090570820258,6000,-0.113996886,0.102780834,-0.05080069,1.0,26.99297,0.0029113889,0.027868833,423293.9940102869,1.37508587805193e-05,0.004765587478177622,20,-14.5,0.1132938892418265,10.368238394574323,400,2.7216539377018677e-05,14.5,0.001005850447422395,1.15,180,9.0,10.368238394574323,45400,20,20.0,20,0.08330636317288505,0.00010064695521687744,4.219042364670102e-05,1.15,3600,1.15,400,400,3600,1.7477019097569341e-06,8.826650075077117e-06,3.0310631432668695e-06,2.4283877842093633e-06,6.536716373821798e-06,1.3417274022377602e-05,9.737157681020798e-06,1.1527812392437626e-05,5.891293563480636e-07,5.58285134241728e-06,4.002065637139307e-05,0.008722759751683672,0.03446032924638309,0.006546764817896593,3.7373864045027833e-06,1.2768803083304473e-05,0.03254491825634246,7.00571227792287e-05,0.0008084787130153803,5.290720542066715e-06,3.6451730018682014e-05,1.3021589279791627e-05,1.0817118966237853e-05,9.3152529614694e-06,5.695233381125206e-07,2.7943157338518702e-06,2.315752447782774e-06,6.1089817487047405e-06,1.612832929612816e-06,8.25248699701774e-06
1,-4930000.0,False,10,4d657_00000,2025-08-11_19-21-10,1754932870,1.7621409893035889,19.070533752441406,14261,Mac,127.0.0.1,19.070533752441406,10,2.2856007316716274,1.4451322171852936e-05,2.2854474308699375,2.1716832700160524,0.11036677228503129,0.0007583580795761822,0.005126214737085185,3.703973731949684e-05,9.0,10.36823839457432,1.462560654528043e-05,5000.0,3.4599999999999995,-246500.0,0.0019793164083301037,10.36823839457432,2.9458665174271087e-05,0.004843479623086748,-4930000.0,20,20.0,250.0,8.5,20,-11.5,3679.2046239559586,1,0,0,0,0,0,30.96666666666667,83.60000000000001,3.4599999999999995,4.712243992159902e-05,0.00010923174018720188,5000.0,3.4599999999999995,-4930000.0,5000.0,-4930000.0,31500,60000,5000.0,6000,5250.0,315000,0,6003,2189124.521164312,418991.2178794752,418232.5888064651,0.0023036045,0.0007290003122761846,1000.0,10.0,0.0002847858517,6003,60000,0.5816462,0.0090570820258,6000,-0.2596895,0.102780834,-0.19621356,1.0,26.41409,0.002871871,0.09449653,419866.5296759214,1.3638218351559605e-05,0.004653167056385427,20,-14.5,0.1131196620196542,10.368238394574323,400,2.6587080032224444e-05,14.5,0.0009966411135584796,0.95,200,10.0,10.368238394574323,50400,20,20.0,20,0.08427339454122765,9.908982362921489e-05,4.181006763969395e-05,0.95,4000,0.95,400,400,4000,1.7765043553466585e-06,1.0271548021985053e-05,3.4338458694735455e-06,2.5061165617761865e-06,6.753850180742703e-06,1.3626467160322483e-05,9.881487529338225e-06,1.1769956603440367e-05,5.983229251371686e-07,5.964661980338738e-06,4.054021597142739e-05,0.008717928823480147,0.034460620544008363,0.006539387999706569,3.7391828037928645e-06,1.2747774770329264e-05,0.033523354493399236,6.999488120823108e-05,0.0008093268460580371,5.298908676987209e-06,3.540006993075218e-05,1.285163158636273e-05,1.0798844083398813e-05,9.232453293989008e-06,5.733342577375786e-07,2.7365990567376875e-06,2.237710363599493e-06,6.058837195434857e-06,1.5974038481060252e-06,8.226465266474579e-06
1,-5547500.0,False,11,4d657_00000,2025-08-11_19-21-12,1754932872,1.5615057945251465,20.632039546966553,14261,Mac,127.0.0.1,20.632039546966553,11,2.277308261445928,1.4370559144520054e-05,2.277154676561585,2.163549316485736,0.11021064622187887,0.0007568674194469809,0.004913604048003295,3.424850195754415e-05,10.0,10.36823839457432,1.3672744196204626e-05,5000.0,4.82,-277375.0,0.001921564987194219,10.36823839457432,2.7205659341578e-05,0.004483635335694999,-5547500.0,20,20.0,250.0,8.5,20,-11.5,3783.800376508584,1,0,0,0,0,0,40.150000000000006,83.5,4.82,4.3256720466198454e-05,0.00010183146882938785,5000.0,4.82,-5547500.0,5000.0,-5547500.0,31500,66000,5000.0,6000,5250.0,346500,0,6003,2173092.646640624,415851.6600925038,415121.5996928387,0.0016723563,0.0003645001561380923,1000.0,11.0,0.0002847858517,6003,66000,0.54731745,0.0090570820258,6000,-0.05456176,0.102780834,0.00922298,1.0,26.72066,0.0033788085,0.13445432,416667.06510059495,1.3960253640997215e-05,0.004596805014880374,20,-14.5,0.11296827080890029,10.368238394574323,400,2.723679541685536e-05,14.5,0.0009879030435571599,1.35,220,11.0,10.368238394574323,55400,20,20.0,20,0.0842208072561079,0.00010185790555767804,4.2283124109248535e-05,1.35,4400,1.35,400,400,4400,1.7070408317210458e-06,8.381534193148744e-06,2.9411276053860194e-06,2.3291858950285177e-06,6.2756766134268865e-06,1.285611461877875e-05,9.280194629032252e-06,1.0968371058769937e-05,5.73099996896329e-07,5.3961684689791985e-06,3.7254006528239964e-05,0.00870679911431995,0.03445728474855838,0.006531823289964493,3.7288808211440636e-06,1.269820681260543e-05,0.033493706778239166,6.982326237950237e-05,0.0008091456576339329,5.424497085958481e-06,3.709541659955333e-05,1.319060426755073e-05,1.0907728415313871e-05,9.407117429869053e-06,5.570401551595567e-07,2.794044228071178e-06,2.2644431771733407e-06,6.2513108768884095e-06,1.5934526297698563e-06,8.329446565324032e-06
1,-6165000.0,False,12,4d657_00000,2025-08-11_19-21-13,1754932873,1.637139081954956,22.26917862892151,14261,Mac,127.0.0.1,22.26917862892151,12,2.269866010501904,1.4285603709388034e-05,2.269712118135721,2.156264545820536,0.11005032892968872,0.0007578970749847056,0.004795133416856688,3.268015242011979e-05,11.0,10.36823839457432,1.3646409115281079e-05,5000.0,5.299999999999998,-308250.0,0.0018093064725660545,10.36823839457432,2.6632549867510227e-05,0.004465000327676535,-6165000.0,20,20.0,250.0,8.5,20,-11.5,3778.7391351641463,1,0,0,0,0,0,40.3,82.6,5.299999999999998,4.3277095725773004e-05,0.00010172394962596943,5000.0,5.299999999999998,-6165000.0,5000.0,-6165000.0,31500,72000,5000.0,6000,5250.0,378000,0,6003,2159547.0025809836,413187.78866215696,412485.850704983,0.00010483574,0.00018225007806904614,1000.0,12.0,0.0002847858517,6003,72000,0.53963935,0.0090570820258,6000,-0.14379439,0.102780834,-0.079941295,1.0,26.30688,0.0036283135,0.016193924,413941.4437260833,1.3751812493668009e-05,0.0044996208243537695,20,-14.5,0.1128053714308886,10.368238394574323,400,2.705843410502637e-05,14.5,0.0009787594226794076,1.35,240,12.0,10.368238394574323,60400,20,20.0,20,0.0841633637737543,0.00010048222266089724,4.253076050321926e-05,1.35,4800,1.35,400,400,4800,1.7174863581436383e-06,8.384293332510398e-06,2.9863743252632386e-06,2.327618113288742e-06,6.317466736728428e-06,1.2848392440342133e-05,9.332566284338179e-06,1.0969208723391521e-05,5.785887702645964e-07,5.411663793051386e-06,3.722370183594563e-05,0.00869542196261638,0.03444964190083036,0.006523790886744889,3.7190916402545815e-06,1.2655383708934502e-05,0.033463690960082976,6.973795060436007e-05,0.0008092521214545176,5.3530233435559305e-06,3.641731737895916e-05,1.3005926387318366e-05,1.0886469732805782e-05,9.263562688665274e-06,5.676029826583348e-07,2.8131243917544275e-06,2.31834196780706e-06,6.185357554296925e-06,1.625533574946463e-06,8.365582249255576e-06
1,-6782500.0,False,13,4d657_00000,2025-08-11_19-21-15,1754932875,1.6731791496276855,23.942357778549194,14261,Mac,127.0.0.1,23.942357778549194,13,2.26284918664689,1.4198997227494492e-05,2.262695225704352,2.149418465772239,0.10988269355971951,0.0007560806044576309,0.0048093217870089225,3.353729164840052e-05,12.0,10.36823839457432,1.3958167534296429e-05,5000.0,5.700000000000004,-339125.0,0.0017014901531572058,10.36823839457432,2.673270325604062e-05,0.004520128857344388,-6782500.0,20,20.0,250.0,8.5,20,-11.5,3732.7376833313983,1,0,0,0,0,0,42.800000000000004,82.76666666666667,5.700000000000004,4.343287139988021e-05,0.00010333723249347787,5000.0,5.700000000000004,-6782500.0,5000.0,-6782500.0,31500,78000,5000.0,6000,5250.0,409500,0,6003,2149441.7987006675,411183.98451687995,410508.031233473,4.6311223e-05,9.112503903452307e-05,1000.0,13.0,0.0002847858517,6003,78000,0.5378058,0.0090570820258,6000,-0.10556618,0.102780834,-0.041696504,1.0,26.300407,0.004175663,0.057912417,411874.60204733384,1.3746435462898618e-05,0.004475624148035422,20,-14.5,0.11264933355681395,10.368238394574323,400,2.6957755836005898e-05,14.5,0.0009700764084582443,0.95,260,13.0,10.368238394574323,65400,20,20.0,20,0.08410780138576628,0.00010086202553425254,4.218557315362992e-05,0.95,5200,0.95,400,400,5200,1.709073264221058e-06,8.514305956135168e-06,2.942248923143375e-06,2.3440218825230495e-06,6.357199919515647e-06,1.3046794223836802e-05,9.41912242226176e-06,1.1126155110921963e-05,5.81519765594227e-07,5.493564875654036e-06,3.799616038282422e-05,0.00868395774271663,0.0344391371413944,0.006511605068684327,3.707730955458996e-06,1.2604669797402532e-05,0.03344304738082857,6.957766133463755e-05,0.0008092329294670176,5.3187369209108405e-06,3.6740158572837794e-05,1.3086617275453833e-05,1.0834939301122434e-05,9.257130785609405e-06,5.709822569756749e-07,2.793058696262588e-06,2.2742909349308413e-06,6.107249652677297e-06,1.5797313256812312e-06,8.236893820606766e-06
1,-7400000.0,False,14,4d657_00000,2025-08-11_19-21-17,1754932877,1.6682929992675781,25.610650777816772,14261,Mac,127.0.0.1,25.610650777816772,14,2.25584671561008,1.4116176506691304e-05,2.2556926259476167,2.141718718204917,0.11058195329341834,0.0007554289581236854,0.004852688431360518,3.578990688767602e-05,13.0,10.36823839457432,1.3945170658380447e-05,5000.0,5.380000000000001,-370000.0,0.0017110237422401017,10.36823839457432,2.7485618581402388e-05,0.004547138668596746,-7400000.0,20,20.0,250.0,8.5,20,-11.5,3727.022429501778,1,0,0,0,0,0,43.55,82.85,5.380000000000001,4.3731080832952614e-05,0.00010349034084971248,5000.0,5.380000000000001,-7400000.0,5000.0,-7400000.0,31500,84000,5000.0,6000,5250.0,441000,0,6003,2144346.7210552203,410140.85264923767,409488.103425522,0.00028114248,4.5562519517261535e-05,1000.0,14.0,0.0002847858517,6003,84000,0.5194523,0.0090570820258,6000,0.07163507,0.102780834,0.13567099,1.0,27.039745,0.00513041,0.035145506,410773.13019104296,1.390528134356486e-05,0.004450009575812146,20,-14.5,0.11249928980071194,10.368238394574323,400,2.6944915293733402e-05,14.5,0.0009610498043382084,1.75,280,14.0,10.368238394574323,70400,20,20.0,20,0.08492473171149063,0.00010087422913426927,4.2212828085900356e-05,1.75,5600,1.75,400,400,5600,1.724399235460413e-06,8.596397887657243e-06,2.9532782827963367e-06,2.3622482411150635e-06,6.423990378126796e-06,1.3105151297731661e-05,9.44207734542537e-06,1.1179357929866502e-05,5.807013123731625e-07,5.447186170915483e-06,3.808574359353431e-05,0.008672692745403799,0.03443683410005187,0.006502180267433251,3.698984478624209e-06,1.2561121981394384e-05,0.03428360648719705,6.943146399333786e-05,0.000809295599404267,5.27594948811521e-06,3.655223834139751e-05,1.3039589956408046e-05,1.0831096304209905e-05,9.26749488259374e-06,5.62526971440768e-07,2.78724064677731e-06,2.282115420223998e-06,6.148509473059572e-06,1.6041894377763569e-06,8.290146055820208e-06
1,-8017500.0,False,15,4d657_00000,2025-08-11_19-21-19,1754932879,1.6765592098236084,27.28720998764038,14261,Mac,127.0.0.1,27.28720998764038,15,2.249004350124384,1.4042924455458914e-05,2.2488499555284256,2.134115293933299,0.11134488751036137,0.0007545296679941603,0.004872812778327629,3.642913613395557e-05,14.0,10.36823839457432,1.39239248248178e-05,5000.0,5.460000000000001,-400875.0,0.0018399362311093046,10.36823839457432,2.7050203808666656e-05,0.004541494662873446,-8017500.0,20,20.0,250.0,8.5,20,-11.5,3723.8013520116,1,0,0,0,0,0,43.400000000000006,83.9,5.460000000000001,4.38421901640963e-05,0.0001035106590245533,5000.0,5.460000000000001,-8017500.0,5000.0,-8017500.0,31500,90000,5000.0,6000,5250.0,472500,0,6003,2142842.202641872,409784.26777352055,409153.6487320429,0.00021600342,2.2781259758630767e-05,1000.0,15.0,0.0002847858517,6003,90000,0.5126818,0.0090570820258,6000,-0.10267103,0.102780834,-0.038573824,1.0,26.506344,0.0052173734,0.05808294,410356.9169941314,1.3520565650693132e-05,0.004455251633189618,20,-13.5,0.11233731357313491,10.368238394574323,400,2.694429590951815e-05,14.5,0.0009523626357934451,1.95,300,15.0,10.368238394574323,75400,20,20.0,20,0.08580926523408902,9.925950627582212e-05,4.172923136720735e-05,1.95,6000,1.95,400,400,6000,1.753448814177547e-06,8.562281855150254e-06,3.0350024273445897e-06,2.3893685799216023e-06,6.402342222349266e-06,1.3172106710865242e-05,9.429441604746901e-06,1.1172321217156243e-05,6.009393432705736e-07,5.49705354580581e-06,3.802431652564262e-05,0.00866184165763392,0.03443179367927959,0.006497523874349222,3.6890740018481303e-06,1.2529670966333719e-05,0.03518918500280248,6.933756952479942e-05,0.0008093913937722481,5.23657998578645e-06,3.578166948421197e-05,1.2913133763219154e-05,1.0720992257482493e-05,9.163818048975051e-06,5.739442895729825e-07,2.7488685342332983e-06,2.253462237920774e-06,6.0535666318420114e-06,1.5873685684772719e-06,8.158909253409329e-06
1,-8635000.0,False,16,4d657_00000,2025-08-11_19-21-20,1754932880,1.5650041103363037,28.852214097976685,14261,Mac,127.0.0.1,28.852214097976685,16,2.2411214570439193,1.3959584120575036e-05,2.240966815972837,2.126415925994184,0.11116352280472938,0.0007535106212407559,0.004791385310577507,3.331457736517926e-05,15.0,10.36823839457432,1.3845949969348301e-05,5000.0,5.619999999999999,-431750.0,0.0018644537755784516,10.36823839457432,2.6881572340543068e-05,0.0044963355031795785,-8635000.0,20,20.0,250.0,8.5,20,-11.5,3774.9855729166156,1,0,0,0,0,0,40.96666666666666,82.76666666666667,5.619999999999999,4.356142365084441e-05,0.00010224508854501589,5000.0,5.619999999999999,-8635000.0,5000.0,-8635000.0,31500,96000,5000.0,6000,5250.0,504000,0,6003,2143101.649953896,409765.5342344337,409156.5550040504,0.0004667689,1.1390629879315384e-05,1000.0,16.0,0.0002847858517,6003,96000,0.49951738,0.0090570820258,6000,-0.20685272,0.102780834,-0.14263627,1.0,26.065872,0.0048875213,0.037951183,410282.0102787544,1.3427718168996266e-05,0.004438855767948553,20,-13.5,0.11217333585790829,10.368238394574323,400,2.6439814905806495e-05,14.5,0.0009435106792763233,1.75,320,16.0,10.368238394574323,80400,20,20.0,20,0.08574498258076145,9.912960919381107e-05,4.178596691964509e-05,1.75,6400,1.75,400,400,6400,1.7340273183640304e-06,8.427663710425218e-06,2.950135499756897e-06,2.353223181295984e-06,6.320907717376524e-06,1.2918224658405562e-05,9.394372531900773e-06,1.0999760867734398e-05,5.77909212238576e-07,5.44302524713658e-06,3.748380772355857e-05,0.008654174071560015,0.03442705699176857,0.006487363636227332,3.6805129303962334e-06,1.2494374941974786e-05,0.03514824440291407,6.91704446352572e-05,0.000809321228940158,5.2595554782476175e-06,3.546237701073514e-05,1.2918497472482078e-05,1.0716324923773175e-05,9.184832356785673e-06,5.629512193496268e-07,2.7402786362274333e-06,2.2170622138831313e-06,5.998716926865059e-06,1.5534251822033528e-06,8.25107966340519e-06
1,-9252500.0,False,17,4d657_00000,2025-08-11_19-21-22,1754932882,1.7341229915618896,30.586337089538574,14261,Mac,127.0.0.1,30.586337089538574,17,2.23479180747383,1.388123787264209e-05,2.234635602392801,2.11955568006383,0.11159872341666331,0.0008247334360292908,0.00503047297214003,3.3047067749722245e-05,16.0,10.36823839457432,1.3867313659623398e-05,5000.0,7.139999999999999,-462625.0,0.0015138415348369373,10.36823839457432,4.203106678567698e-05,0.004814556664321573,-9252500.0,20,20.0,250.0,8.5,20,-11.5,3765.1919509667337,1,0,0,0,0,0,45.349999999999994,83.19999999999999,7.139999999999999,4.337788842905002e-05,0.00010171626658568697,5000.0,7.139999999999999,-9252500.0,5000.0,-9252500.0,31500,102000,5000.0,6000,5250.0,535500,0,6003,2124126.9111776794,406088.9659584819,405501.7242020238,0.0006145502,5.695314939657692e-06,1000.0,17.0,0.0002847858517,6003,102000,0.47849378,0.0090570820258,6000,-0.10936653,0.102780834,-0.04495967,1.0,25.95267,0.004864335,0.10882989,406553.3356129556,1.3961524378148317e-05,0.004558363254182041,20,-14.5,0.11215502832969902,10.368238394574323,400,2.7209491020132868e-05,14.5,0.0009361768224764074,1.75,340,17.0,10.368238394574323,85400,20,20.0,20,0.08570652525421593,0.00010165755371187372,4.282167393066028e-05,1.75,6800,1.75,400,400,6800,1.7282211172873905e-06,8.425146643720873e-06,2.995177670236256e-06,2.3369259925831647e-06,6.321548703064072e-06,1.2891210503013936e-05,9.296958318465927e-06,1.0990788661195081e-05,5.77799203919764e-07,5.400690593889179e-06,3.718198401377419e-05,0.008643984420953554,0.034420390171791056,0.006495062920336489,3.6707871691024342e-06,1.245068093811771e-05,0.03511716404932264,6.903956983765268e-05,0.0008116851067528925,5.431634874458975e-06,3.6821102242970294e-05,1.324425534156903e-05,1.0936704633729815e-05,9.398733707107818e-06,5.801047228361134e-07,2.828475234763695e-06,2.2992276300127034e-06,6.247269186990982e-06,1.6159417292345573e-06,8.342956589053103e-06
1,-9870000.0,False,18,4d657_00000,2025-08-11_19-21-24,1754932884,1.8232126235961914,32.409549713134766,14261,Mac,127.0.0.1,32.409549713134766,18,2.2293360956500146,1.3795345570911758e-05,2.229179542619222,2.1128593690928397,0.11284222576218171,0.0008228127714961015,0.005143170705048981,3.8475670072761715e-05,17.0,10.36823839457432,1.4801257926364517e-05,5000.0,7.2200000000000015,-493500.0,0.0018507200973411995,10.36823839457432,2.9082901344040387e-05,0.004782477003056556,-9870000.0,20,20.0,250.0,8.5,20,-11.5,3598.48379360225,1,0,0,0,0,0,49.96666666666666,83.23333333333333,7.2200000000000015,4.56868996917933e-05,0.00010886663436878568,5000.0,7.2200000000000015,-9870000.0,5000.0,-9870000.0,31500,108000,5000.0,6000,5250.0,567000,0,6003,2109566.6661676443,403256.34386730153,402689.29842068977,3.0231125e-05,2.847657469828846e-06,1000.0,18.0,0.0002847858517,6003,108000,0.46768543,0.0090570820258,6000,-0.04413923,0.102780834,0.02036552,1.0,26.084064,0.0053135157,0.048497755,403668.9322927331,2.207925780803441e-05,0.0048012945265509185,20,-14.5,0.11227047388684719,10.368238394574323,400,3.735343280605635e-05,14.5,0.0009275388048149817,1.95,360,18.0,10.368238394574323,90400,20,20.0,20,0.0870607125015112,0.00014282492333861328,5.551674530205872e-05,1.95,7200,1.95,400,400,7200,1.7872122443392036e-06,9.060761644534571e-06,3.089368216276792e-06,2.5031848541300538e-06,6.798779197182766e-06,1.3755459056430199e-05,9.825265021962058e-06,1.1661200056669655e-05,5.982560693709095e-07,5.680814011666222e-06,4.079251232778838e-05,0.008633603327017677,0.03442137377042519,0.006487709381623286,3.664489307779042e-06,1.2412844171683468e-05,0.036487847828284514,6.901834454312921e-05,0.0008121774260123266,7.296039063125668e-06,5.603917964846428e-05,1.8170687073900148e-05,1.517989377973392e-05,1.2205698317287497e-05,6.497148040296886e-07,3.5690418037081773e-06,3.0046896548042973e-06,8.383746171784458e-06,1.8421327753034206e-06,1.183301108870794e-05
1,-10487500.0,False,19,4d657_00000,2025-08-11_19-21-26,1754932886,2.114190101623535,34.5237398147583,14261,Mac,127.0.0.1,34.5237398147583,19,2.227120476773253,1.3735722164493895e-05,2.2269629763630636,2.109732832061809,0.11375270475490366,0.0008231750642563702,0.0059465506107204535,4.779034365278456e-05,18.0,10.36823839457432,2.198765334748753e-05,5000.0,7.2200000000000015,-524375.0,0.0022490334112377007,10.36823839457432,4.36093523250466e-05,0.006012907499913125,-10487500.0,20,20.0,250.0,8.5,20,-11.5,3310.83685081917,1,0,0,0,0,0,57.93333333333334,84.43333333333334,7.2200000000000015,5.407848471613074e-05,0.00013231117445052293,5000.0,7.2200000000000015,-10487500.0,5000.0,-10487500.0,31500,114000,5000.0,6000,5250.0,598500,0,6003,2095900.6459159853,400596.6555768764,400048.19109798083,0.0002595792,1.423828734914423e-06,1000.0,19.0,0.0002847858517,6003,114000,0.4804908,0.0090570820258,6000,-0.04434198,0.102780834,0.020046778,1.0,26.063238,0.0056521893,0.03202617,400960.72753280384,1.365108668406586e-05,0.004789908279199153,20,-14.5,0.11211216414787956,10.368238394574323,400,2.687792998934895e-05,14.5,0.0009199788361151612,1.55,380,19.0,10.368238394574323,95400,20,20.0,20,0.08805061954675346,9.953316389235247e-05,4.16885923733264e-05,1.55,7600,1.55,400,400,7600,1.939677693168937e-06,1.1609250890529304e-05,3.658581241843978e-06,2.8932045851980982e-06,8.298393859770287e-06,1.6316158640022892e-05,1.1165017050037484e-05,1.4528482843640457e-05,6.694163574214556e-07,6.4211472589613565e-06,5.215234540287908e-05,0.008631220213560373,0.03445649336234077,0.006482643948128483,3.660764339407472e-06,1.2461216461390131e-05,0.03744944100912371,6.902483112887293e-05,0.0008129323212056603,5.285351058424088e-06,3.5837585008041415e-05,1.2946677565657325e-05,1.0747335407240399e-05,9.24589306521516e-06,5.652726405476984e-07,2.7693828860581764e-06,2.2724412113038063e-06,6.043114233023137e-06,1.6084028687770582e-06,8.077116227255577e-06
1,-11105000.0,True,20,4d657_00000,2025-08-11_19-21-27,1754932887,1.6419038772583008,36.1656436920166,14261,Mac,127.0.0.1,36.1656436920166,20,2.2202238040855433,1.3654614498049293e-05,2.2200659161895415,2.1030421674910236,0.11354898437771863,0.0008203116443625583,0.005547788559039271,4.6207304107959247e-05,19.0,10.36823839457432,1.4558719277793492e-05,5000.0,6.580000000000001,-555250.0,0.002041739599600117,10.36823839457432,2.8446240853033185e-05,0.004706462500616909,-11105000.0,20,20.0,250.0,8.5,20,-11.5,3591.5947891534875,1,0,0,0,0,0,46.099999999999994,80.35,6.580000000000001,4.491947849829247e-05,0.00010728101277080525,5000.0,6.580000000000001,-11105000.0,5000.0,-11105000.0,31500,120000,5000.0,6000,5250.0,630000,0,6003,2088136.6301638552,399062.34472004266,398531.76584500214,0.0006841973,7.119143674572115e-07,1000.0,20.0,0.0002847858517,6003,120000,0.49707025,0.0090570820258,6000,-0.013586264,0.102780834,0.050652336,1.0,26.301004,0.006448865,0.044757143,399375.78657531657,1.3652078251950327e-05,0.004790854570455849,20,-14.5,0.11195758417573225,10.368238394574323,400,2.697992744444067e-05,14.5,0.0009114477978985507,1.55,400,20.0,10.368238394574323,100400,20,20.0,20,0.08796634419178265,9.941921072828121e-05,4.1853811061320604e-05,1.55,8000,1.55,400,400,8000,1.7594510369791094e-06,8.873886473369584e-06,3.08177828060206e-06,2.449715529026333e-06,6.64705491191298e-06,1.3598821422398488e-05,9.764726083975315e-06,1.1508467492110863e-05,5.983274284308768e-07,5.6234102959754e-06,3.99942640459257e-05,0.008623261761711394,0.03445376092913415,0.006473313758926445,3.656237266249246e-06,1.244576461574691e-05,0.03738515909849454,6.8955003141269e-05,0.0008133304983156923,5.295977060278803e-06,3.575515840092649e-05,1.2918309346847016e-05,1.0716290397787611e-05,9.159215134217395e-06,5.708466521546575e-07,2.782262096179678e-06,2.25317593340121e-06,6.04565079782366e-06,1.599058991646204e-06,8.207446060721594e-06
